domain,role,image_path,mask_path,image_width,image_height,luminance_mean,luminance_std,green_excess,chroma_variation,background_pct,head_pct,stem_pct,leaf_pct,stem_width_px,skeleton_density,component_density,endpoint_density,leaf_contact_pct,skeleton_length,component_count,endpoint_count
Arvalis,Source train,/icislab/volume3/benderick/futurama/gwfss25/GWFSS/GWFSS_v1.0_labelled/images/Arvalis/ARVALIS_ (1).png,/icislab/volume3/benderick/futurama/gwfss25/GWFSS/GWFSS_v1.0_labelled/class_id/Arvalis/ARVALIS_ (1).png,512,512,0.6150139570236206,0.19383235275745392,0.15298502147197723,11.548538971274237,56.00624084472656,0.0,0.732421875,43.26133728027344,8.246211251235321,0.743865966796875,3.125,66.66666666666667,47.81659388646288,195,6,13
Arvalis,Source train,/icislab/volume3/benderick/futurama/gwfss25/GWFSS/GWFSS_v1.0_labelled/images/Arvalis/ARVALIS_ (10).png,/icislab/volume3/benderick/futurama/gwfss25/GWFSS/GWFSS_v1.0_labelled/class_id/Arvalis/ARVALIS_ (10).png,512,512,0.36169594526290894,0.23702822625637054,0.21637511253356934,14.829828659613524,30.205917358398438,5.403900146484375,1.18408203125,63.20610046386719,6.0,1.483917236328125,4.510309278350515,87.40359897172236,74.47045707915274,389,14,34
Arvalis,Source train,/icislab/volume3/benderick/futurama/gwfss25/GWFSS/GWFSS_v1.0_labelled/images/Arvalis/ARVALIS_ (100).png,/icislab/volume3/benderick/futurama/gwfss25/GWFSS/GWFSS_v1.0_labelled/class_id/Arvalis/ARVALIS_ (100).png,512,512,0.34711378812789917,0.21918822824954987,0.012815946713089943,12.768160900598497,32.78083801269531,12.423324584960938,2.9998779296875,51.79595947265625,8.0,3.4027099609375,3.6876907426246186,84.08071748878923,82.10961737331955,892,29,75
Arvalis,Source train,/icislab/volume3/benderick/futurama/gwfss25/GWFSS/GWFSS_v1.0_labelled/images/Arvalis/ARVALIS_ (101).png,/icislab/volume3/benderick/futurama/gwfss25/GWFSS/GWFSS_v1.0_labelled/class_id/Arvalis/ARVALIS_ (101).png,512,512,0.4032444655895233,0.23089084029197693,-0.04051114618778229,11.456223366765245,38.330078125,15.811538696289062,1.8428802490234375,44.0155029296875,8.0,1.93023681640625,2.4839577727178637,53.359683794466406,70.50359712230215,506,12,27
Arvalis,Source train,/icislab/volume3/benderick/futurama/gwfss25/GWFSS/GWFSS_v1.0_labelled/images/Arvalis/ARVALIS_ (102).png,/icislab/volume3/benderick/futurama/gwfss25/GWFSS/GWFSS_v1.0_labelled/class_id/Arvalis/ARVALIS_ (102).png,512,512,0.4179123640060425,0.3032163679599762,-0.009277823381125927,12.553447787559456,14.847564697265625,32.91168212890625,10.364913940429688,41.87583923339844,8.0,11.58905029296875,1.6561775422325273,45.095457537853854,76.66388657214345,3038,45,137
Arvalis,Source train,/icislab/volume3/benderick/futurama/gwfss25/GWFSS/GWFSS_v1.0_labelled/images/Arvalis/ARVALIS_ (106).png,/icislab/volume3/benderick/futurama/gwfss25/GWFSS/GWFSS_v1.0_labelled/class_id/Arvalis/ARVALIS_ (106).png,512,512,0.35761553049087524,0.17975635826587677,0.05395717918872833,10.802295716912814,45.76606750488281,0.0,0.0,54.23393249511719,,0.0,,,,0,0,0
Arvalis,Source train,/icislab/volume3/benderick/futurama/gwfss25/GWFSS/GWFSS_v1.0_labelled/images/Arvalis/ARVALIS_ (11).png,/icislab/volume3/benderick/futurama/gwfss25/GWFSS/GWFSS_v1.0_labelled/class_id/Arvalis/ARVALIS_ (11).png,512,512,0.5554429888725281,0.19399920105934143,0.2696707248687744,9.428350493912498,13.331222534179688,0.0,0.0,86.66877746582031,,0.0,,,,0,0,0
Arvalis,Source train,/icislab/volume3/benderick/futurama/gwfss25/GWFSS/GWFSS_v1.0_labelled/images/Arvalis/ARVALIS_ (113).png,/icislab/volume3/benderick/futurama/gwfss25/GWFSS/GWFSS_v1.0_labelled/class_id/Arvalis/ARVALIS_ (113).png,512,512,0.18796640634536743,0.12916764616966248,0.05798078328371048,6.155595226039215,25.507354736328125,5.089569091796875,1.3885498046875,68.0145263671875,7.211102550927978,1.71661376953125,4.395604395604396,86.66666666666667,72.5672877846791,450,16,39
Arvalis,Source train,/icislab/volume3/benderick/futurama/gwfss25/GWFSS/GWFSS_v1.0_labelled/images/Arvalis/ARVALIS_ (114).png,/icislab/volume3/benderick/futurama/gwfss25/GWFSS/GWFSS_v1.0_labelled/class_id/Arvalis/ARVALIS_ (114).png,512,512,0.1765311062335968,0.1301940232515335,0.05520717054605484,5.975790046059414,23.2757568359375,5.083465576171875,1.53350830078125,70.10726928710938,8.94427190999916,1.476287841796875,2.736318407960199,64.59948320413437,79.2824074074074,387,11,25
Arvalis,Source train,/icislab/volume3/benderick/futurama/gwfss25/GWFSS/GWFSS_v1.0_labelled/images/Arvalis/ARVALIS_ (118).png,/icislab/volume3/benderick/futurama/gwfss25/GWFSS/GWFSS_v1.0_labelled/class_id/Arvalis/ARVALIS_ (118).png,512,512,0.312311053276062,0.20323634147644043,0.03949606791138649,8.90228774082676,31.220626831054688,8.203125,0.7061004638671875,59.870147705078125,7.211102550927978,0.83160400390625,4.321988114532685,73.39449541284404,74.89795918367346,218,8,16
Arvalis,Source train,/icislab/volume3/benderick/futurama/gwfss25/GWFSS/GWFSS_v1.0_labelled/images/Arvalis/ARVALIS_ (119).png,/icislab/volume3/benderick/futurama/gwfss25/GWFSS/GWFSS_v1.0_labelled/class_id/Arvalis/ARVALIS_ (119).png,512,512,0.271097868680954,0.17736154794692993,0.039161160588264465,8.878032895189007,35.33477783203125,7.1689605712890625,1.660919189453125,55.83534240722656,8.0,1.758575439453125,1.607717041800643,36.8763557483731,59.14512922465209,461,7,17
Arvalis,Source train,/icislab/volume3/benderick/futurama/gwfss25/GWFSS/GWFSS_v1.0_labelled/images/Arvalis/ARVALIS_ (12).png,/icislab/volume3/benderick/futurama/gwfss25/GWFSS/GWFSS_v1.0_labelled/class_id/Arvalis/ARVALIS_ (12).png,512,512,0.608674943447113,0.14698725938796997,0.33171117305755615,9.604789266391272,10.131454467773438,0.0,0.0,89.86854553222656,,0.0,,,,0,0,0
Arvalis,Source train,/icislab/volume3/benderick/futurama/gwfss25/GWFSS/GWFSS_v1.0_labelled/images/Arvalis/ARVALIS_ (120).png,/icislab/volume3/benderick/futurama/gwfss25/GWFSS/GWFSS_v1.0_labelled/class_id/Arvalis/ARVALIS_ (120).png,512,512,0.37797147035598755,0.19336830079555511,-0.035283107310533524,8.395637786233777,42.694854736328125,5.6735992431640625,8.484268188476562,43.14727783203125,10.0,8.014678955078125,1.7535182770558877,41.8848167539267,45.13154935911851,2101,39,88
Arvalis,Source train,/icislab/volume3/benderick/futurama/gwfss25/GWFSS/GWFSS_v1.0_labelled/images/Arvalis/ARVALIS_ (121).png,/icislab/volume3/benderick/futurama/gwfss25/GWFSS/GWFSS_v1.0_labelled/class_id/Arvalis/ARVALIS_ (121).png,512,512,0.37820857763290405,0.20561276376247406,-0.022610744461417198,8.467675903710257,62.389373779296875,9.09881591796875,2.4303436279296875,26.081466674804688,6.0,3.1890869140625,2.04049599748862,32.29665071770335,40.94707520891365,836,13,27
Arvalis,Source train,/icislab/volume3/benderick/futurama/gwfss25/GWFSS/GWFSS_v1.0_labelled/images/Arvalis/ARVALIS_ (122).png,/icislab/volume3/benderick/futurama/gwfss25/GWFSS/GWFSS_v1.0_labelled/class_id/Arvalis/ARVALIS_ (122).png,512,512,0.37698298692703247,0.20887379348278046,-0.03354375809431076,8.83575868171998,52.52838134765625,11.439895629882812,3.4534454345703125,32.578277587890625,10.0,3.253936767578125,1.988291174196399,46.893317702227435,45.04741833508957,853,18,40
Arvalis,Source train,/icislab/volume3/benderick/futurama/gwfss25/GWFSS/GWFSS_v1.0_labelled/images/Arvalis/ARVALIS_ (13).png,/icislab/volume3/benderick/futurama/gwfss25/GWFSS/GWFSS_v1.0_labelled/class_id/Arvalis/ARVALIS_ (13).png,512,512,0.5958588719367981,0.17356231808662415,0.2675960958003998,9.624459447242543,20.734786987304688,0.0,0.0,79.26521301269531,,0.0,,,,0,0,0
Arvalis,Source train,/icislab/volume3/benderick/futurama/gwfss25/GWFSS/GWFSS_v1.0_labelled/images/Arvalis/ARVALIS_ (136).png,/icislab/volume3/benderick/futurama/gwfss25/GWFSS/GWFSS_v1.0_labelled/class_id/Arvalis/ARVALIS_ (136).png,512,512,0.4552214443683624,0.25430434942245483,0.22858953475952148,9.778911993208673,23.874282836914062,0.0,0.0,76.12571716308594,,0.0,,,,0,0,0
Arvalis,Source train,/icislab/volume3/benderick/futurama/gwfss25/GWFSS/GWFSS_v1.0_labelled/images/Arvalis/ARVALIS_ (137).png,/icislab/volume3/benderick/futurama/gwfss25/GWFSS/GWFSS_v1.0_labelled/class_id/Arvalis/ARVALIS_ (137).png,512,512,0.5376486778259277,0.2484835982322693,0.3937004804611206,16.959935687107404,3.45306396484375,0.0,0.0,96.54693603515625,,0.0,,,,0,0,0
Arvalis,Source train,/icislab/volume3/benderick/futurama/gwfss25/GWFSS/GWFSS_v1.0_labelled/images/Arvalis/ARVALIS_ (138).png,/icislab/volume3/benderick/futurama/gwfss25/GWFSS/GWFSS_v1.0_labelled/class_id/Arvalis/ARVALIS_ (138).png,512,512,0.542974591255188,0.16339512169361115,0.19578616321086884,11.146582716818207,44.725799560546875,0.0,0.478363037109375,54.79583740234375,4.47213595499958,0.736236572265625,11.164274322169058,155.44041450777203,94.824016563147,193,14,30
Arvalis,Source train,/icislab/volume3/benderick/futurama/gwfss25/GWFSS/GWFSS_v1.0_labelled/images/Arvalis/ARVALIS_ (14).png,/icislab/volume3/benderick/futurama/gwfss25/GWFSS/GWFSS_v1.0_labelled/class_id/Arvalis/ARVALIS_ (14).png,512,512,0.5852694511413574,0.17634159326553345,0.35702016949653625,7.913970035054049,2.213287353515625,0.0,0.0,97.78671264648438,,0.0,,,,0,0,0
Arvalis,Source train,/icislab/volume3/benderick/futurama/gwfss25/GWFSS/GWFSS_v1.0_labelled/images/Arvalis/ARVALIS_ (142).png,/icislab/volume3/benderick/futurama/gwfss25/GWFSS/GWFSS_v1.0_labelled/class_id/Arvalis/ARVALIS_ (142).png,512,512,0.5412037968635559,0.24318554997444153,0.3149208128452301,12.747443793168872,16.515731811523438,0.0,0.026702880859375,83.45756530761719,6.16227766016838,0.02288818359375,14.285714285714286,333.3333333333333,100.0,6,1,2
Arvalis,Source train,/icislab/volume3/benderick/futurama/gwfss25/GWFSS/GWFSS_v1.0_labelled/images/Arvalis/ARVALIS_ (143).png,/icislab/volume3/benderick/futurama/gwfss25/GWFSS/GWFSS_v1.0_labelled/class_id/Arvalis/ARVALIS_ (143).png,512,512,0.5019699931144714,0.2526216506958008,0.1836385875940323,8.877517789915325,3.2016754150390625,14.11590576171875,1.2073516845703125,81.47506713867188,8.48528137423857,0.972747802734375,3.4755134281200633,90.19607843137256,96.26168224299066,255,11,23
Arvalis,Source train,/icislab/volume3/benderick/futurama/gwfss25/GWFSS/GWFSS_v1.0_labelled/images/Arvalis/ARVALIS_ (144).png,/icislab/volume3/benderick/futurama/gwfss25/GWFSS/GWFSS_v1.0_labelled/class_id/Arvalis/ARVALIS_ (144).png,512,512,0.49212491512298584,0.24788065254688263,0.21647803485393524,11.181512535946693,7.1041107177734375,18.902969360351562,2.1823883056640625,71.81053161621094,8.48528137423857,2.277374267578125,3.146303093864709,67.00167504187604,90.59205190592051,597,18,40
Arvalis,Source train,/icislab/volume3/benderick/futurama/gwfss25/GWFSS/GWFSS_v1.0_labelled/images/Arvalis/ARVALIS_ (145).png,/icislab/volume3/benderick/futurama/gwfss25/GWFSS/GWFSS_v1.0_labelled/class_id/Arvalis/ARVALIS_ (145).png,512,512,0.4551700949668884,0.25409868359565735,0.19304870069026947,11.028071150474894,5.922698974609375,13.238525390625,2.13623046875,78.70254516601562,8.94427190999916,2.002716064453125,3.5714285714285716,81.9047619047619,91.48606811145511,525,20,43
Arvalis,Source train,/icislab/volume3/benderick/futurama/gwfss25/GWFSS/GWFSS_v1.0_labelled/images/Arvalis/ARVALIS_ (146).png,/icislab/volume3/benderick/futurama/gwfss25/GWFSS/GWFSS_v1.0_labelled/class_id/Arvalis/ARVALIS_ (146).png,512,512,0.4354782700538635,0.2547615170478821,0.1577451229095459,11.558188762956311,12.408447265625,6.618499755859375,3.353118896484375,77.61993408203125,10.0,2.76947021484375,2.04778156996587,56.47382920110193,94.37609841827768,726,18,41
Arvalis,Source train,/icislab/volume3/benderick/futurama/gwfss25/GWFSS/GWFSS_v1.0_labelled/images/Arvalis/ARVALIS_ (15).png,/icislab/volume3/benderick/futurama/gwfss25/GWFSS/GWFSS_v1.0_labelled/class_id/Arvalis/ARVALIS_ (15).png,512,512,0.5132291316986084,0.27166318893432617,0.2143060714006424,9.585905662183698,14.544296264648438,0.0,0.0,85.45570373535156,,0.0,,,,0,0,0
Arvalis,Source train,/icislab/volume3/benderick/futurama/gwfss25/GWFSS/GWFSS_v1.0_labelled/images/Arvalis/ARVALIS_ (151).png,/icislab/volume3/benderick/futurama/gwfss25/GWFSS/GWFSS_v1.0_labelled/class_id/Arvalis/ARVALIS_ (151).png,512,512,0.2736857235431671,0.25396469235420227,0.1614948809146881,13.254710928570546,14.690017700195312,15.637969970703125,0.493621826171875,69.17839050292969,5.656854249492381,0.774383544921875,9.273570324574962,128.07881773399015,87.27272727272727,203,12,26
Arvalis,Source train,/icislab/volume3/benderick/futurama/gwfss25/GWFSS/GWFSS_v1.0_labelled/images/Arvalis/ARVALIS_ (156).png,/icislab/volume3/benderick/futurama/gwfss25/GWFSS/GWFSS_v1.0_labelled/class_id/Arvalis/ARVALIS_ (156).png,512,512,0.29857754707336426,0.16358858346939087,0.07974918186664581,7.184613145346491,11.696624755859375,39.14146423339844,12.572860717773438,36.58905029296875,12.0,10.593414306640625,0.7888588852817137,21.9661505221462,63.012201784738664,2777,26,61
Arvalis,Source train,/icislab/volume3/benderick/futurama/gwfss25/GWFSS/GWFSS_v1.0_labelled/images/Arvalis/ARVALIS_ (16).png,/icislab/volume3/benderick/futurama/gwfss25/GWFSS/GWFSS_v1.0_labelled/class_id/Arvalis/ARVALIS_ (16).png,512,512,0.44082707166671753,0.2840079963207245,0.1701306253671646,12.08535754189788,35.95771789550781,0.28228759765625,1.5167236328125,62.24327087402344,8.246211251235321,1.445770263671875,4.0241448692152915,94.9868073878628,77.22772277227723,379,16,36
Arvalis,Source train,/icislab/volume3/benderick/futurama/gwfss25/GWFSS/GWFSS_v1.0_labelled/images/Arvalis/ARVALIS_ (17).png,/icislab/volume3/benderick/futurama/gwfss25/GWFSS/GWFSS_v1.0_labelled/class_id/Arvalis/ARVALIS_ (17).png,512,512,0.49591514468193054,0.30628904700279236,0.20483162999153137,10.05522240090934,8.25958251953125,0.6618499755859375,2.1366119384765625,88.94195556640625,8.246211251235321,2.010345458984375,2.678093197643278,70.20872865275142,92.15524360033031,527,15,37
Arvalis,Source train,/icislab/volume3/benderick/futurama/gwfss25/GWFSS/GWFSS_v1.0_labelled/images/Arvalis/ARVALIS_ (18).png,/icislab/volume3/benderick/futurama/gwfss25/GWFSS/GWFSS_v1.0_labelled/class_id/Arvalis/ARVALIS_ (18).png,512,512,0.25972092151641846,0.2252105325460434,-0.004565115086734295,7.842804482996362,28.70635986328125,19.232940673828125,2.094268798828125,49.9664306640625,5.656854249492381,3.27301025390625,4.553734061930784,60.60606060606061,78.57142857142857,858,25,52
Arvalis,Source train,/icislab/volume3/benderick/futurama/gwfss25/GWFSS/GWFSS_v1.0_labelled/images/Arvalis/ARVALIS_ (186).png,/icislab/volume3/benderick/futurama/gwfss25/GWFSS/GWFSS_v1.0_labelled/class_id/Arvalis/ARVALIS_ (186).png,512,512,0.33654049038887024,0.147420272231102,0.2674057185649872,10.464003503208692,1.0959625244140625,0.0,0.0,98.90403747558594,,0.0,,,,0,0,0
Arvalis,Source train,/icislab/volume3/benderick/futurama/gwfss25/GWFSS/GWFSS_v1.0_labelled/images/Arvalis/ARVALIS_ (19).png,/icislab/volume3/benderick/futurama/gwfss25/GWFSS/GWFSS_v1.0_labelled/class_id/Arvalis/ARVALIS_ (19).png,512,512,0.2769624888896942,0.23868107795715332,-0.01186967734247446,8.468181061846707,59.075927734375,19.332504272460938,2.825164794921875,18.766403198242188,5.656854249492381,4.2724609375,3.5106670267350797,53.57142857142857,20.147118921127912,1120,26,60
Arvalis,Source train,/icislab/volume3/benderick/futurama/gwfss25/GWFSS/GWFSS_v1.0_labelled/images/Arvalis/ARVALIS_ (192).png,/icislab/volume3/benderick/futurama/gwfss25/GWFSS/GWFSS_v1.0_labelled/class_id/Arvalis/ARVALIS_ (192).png,512,512,0.3919878602027893,0.26759859919548035,0.17758721113204956,10.548610389481201,6.9202423095703125,18.015670776367188,3.170013427734375,71.89407348632812,7.211102550927978,4.024505615234375,3.3694344163658245,59.71563981042654,85.5085115670013,1055,28,63
Arvalis,Source train,/icislab/volume3/benderick/futurama/gwfss25/GWFSS/GWFSS_v1.0_labelled/images/Arvalis/ARVALIS_ (193).png,/icislab/volume3/benderick/futurama/gwfss25/GWFSS/GWFSS_v1.0_labelled/class_id/Arvalis/ARVALIS_ (193).png,512,512,0.38877230882644653,0.2843412160873413,0.10180127620697021,12.087225423952377,15.303802490234375,30.382156372070312,10.42022705078125,43.89381408691406,8.0,11.8255615234375,2.2331234441353054,49.03225806451613,74.22808378588053,3100,61,152
Arvalis,Source train,/icislab/volume3/benderick/futurama/gwfss25/GWFSS/GWFSS_v1.0_labelled/images/Arvalis/ARVALIS_ (194).png,/icislab/volume3/benderick/futurama/gwfss25/GWFSS/GWFSS_v1.0_labelled/class_id/Arvalis/ARVALIS_ (194).png,512,512,0.4964497685432434,0.21004702150821686,0.20407263934612274,14.804236050987685,3.59954833984375,48.6083984375,7.794189453125,39.99786376953125,12.0,6.01959228515625,1.076742364917776,34.85424588086185,68.99715279974691,1578,22,55
Arvalis,Source train,/icislab/volume3/benderick/futurama/gwfss25/GWFSS/GWFSS_v1.0_labelled/images/Arvalis/ARVALIS_ (195).png,/icislab/volume3/benderick/futurama/gwfss25/GWFSS/GWFSS_v1.0_labelled/class_id/Arvalis/ARVALIS_ (195).png,512,512,0.38383373618125916,0.2661057114601135,0.16309291124343872,12.585735759208369,14.42718505859375,16.285324096679688,3.8639068603515625,65.423583984375,6.324555320336759,5.21087646484375,4.14651002073255,75.40263543191801,80.33819628647215,1366,42,103
Arvalis,Source train,/icislab/volume3/benderick/futurama/gwfss25/GWFSS/GWFSS_v1.0_labelled/images/Arvalis/ARVALIS_ (196).png,/icislab/volume3/benderick/futurama/gwfss25/GWFSS/GWFSS_v1.0_labelled/class_id/Arvalis/ARVALIS_ (196).png,512,512,0.43580546975135803,0.2740233540534973,0.16944272816181183,11.763475400056834,15.4052734375,20.435333251953125,2.7782440185546875,61.38114929199219,6.0,3.688812255859375,4.2564877111080595,69.28645294725956,86.39551192145862,967,31,67
Arvalis,Source train,/icislab/volume3/benderick/futurama/gwfss25/GWFSS/GWFSS_v1.0_labelled/images/Arvalis/ARVALIS_ (197).png,/icislab/volume3/benderick/futurama/gwfss25/GWFSS/GWFSS_v1.0_labelled/class_id/Arvalis/ARVALIS_ (197).png,512,512,0.39926865696907043,0.2567284107208252,0.14930997788906097,13.1226515266159,22.784423828125,13.971710205078125,3.3435821533203125,59.90028381347656,7.211102550927978,4.299163818359375,3.6508841985168283,69.21029281277728,60.50955414012739,1127,32,78
Arvalis,Source train,/icislab/volume3/benderick/futurama/gwfss25/GWFSS/GWFSS_v1.0_labelled/images/Arvalis/ARVALIS_ (198).png,/icislab/volume3/benderick/futurama/gwfss25/GWFSS/GWFSS_v1.0_labelled/class_id/Arvalis/ARVALIS_ (198).png,512,512,0.43041953444480896,0.281435489654541,0.06026514619588852,11.108684009098194,14.756393432617188,14.691543579101562,12.13226318359375,58.4197998046875,8.0,13.240814208984375,1.4149163627216703,33.41976375684241,85.22450150624013,3471,45,116
Arvalis,Source train,/icislab/volume3/benderick/futurama/gwfss25/GWFSS/GWFSS_v1.0_labelled/images/Arvalis/ARVALIS_ (199).png,/icislab/volume3/benderick/futurama/gwfss25/GWFSS/GWFSS_v1.0_labelled/class_id/Arvalis/ARVALIS_ (199).png,512,512,0.44885775446891785,0.28370627760887146,-0.001296382863074541,8.064236466916569,48.651123046875,26.002883911132812,4.0119171142578125,21.334075927734375,7.211102550927978,4.962921142578125,2.2820195873347915,40.73789392774788,31.490552834149756,1301,24,53
Arvalis,Source train,/icislab/volume3/benderick/futurama/gwfss25/GWFSS/GWFSS_v1.0_labelled/images/Arvalis/ARVALIS_ (2).png,/icislab/volume3/benderick/futurama/gwfss25/GWFSS/GWFSS_v1.0_labelled/class_id/Arvalis/ARVALIS_ (2).png,512,512,0.5472657680511475,0.20092570781707764,0.2495335191488266,12.561083007318691,38.68141174316406,0.0,1.1264801025390625,60.192108154296875,8.0,1.2359619140625,2.7091093802912294,61.72839506172839,62.0979020979021,324,8,20
Arvalis,Source train,/icislab/volume3/benderick/futurama/gwfss25/GWFSS/GWFSS_v1.0_labelled/images/Arvalis/ARVALIS_ (200).png,/icislab/volume3/benderick/futurama/gwfss25/GWFSS/GWFSS_v1.0_labelled/class_id/Arvalis/ARVALIS_ (200).png,512,512,0.4434204399585724,0.3064427673816681,-0.012751693837344646,7.773044753770756,22.245407104492188,36.56806945800781,11.09466552734375,30.09185791015625,8.0,12.85552978515625,1.8910741301059002,44.510385756676556,64.19930875576037,3370,55,150
Arvalis,Source train,/icislab/volume3/benderick/futurama/gwfss25/GWFSS/GWFSS_v1.0_labelled/images/Arvalis/ARVALIS_ (22).png,/icislab/volume3/benderick/futurama/gwfss25/GWFSS/GWFSS_v1.0_labelled/class_id/Arvalis/ARVALIS_ (22).png,512,512,0.5827529430389404,0.1443779617547989,0.12492213398218155,14.150443580938438,57.83424377441406,0.0,0.0,42.16575622558594,,0.0,,,,0,0,0
Arvalis,Source train,/icislab/volume3/benderick/futurama/gwfss25/GWFSS/GWFSS_v1.0_labelled/images/Arvalis/ARVALIS_ (23).png,/icislab/volume3/benderick/futurama/gwfss25/GWFSS/GWFSS_v1.0_labelled/class_id/Arvalis/ARVALIS_ (23).png,512,512,0.5253039002418518,0.23050448298454285,0.32604581117630005,12.194784556481705,7.6610565185546875,0.0,0.616455078125,91.72248840332031,6.0,0.926971435546875,6.188118811881188,90.53497942386831,86.9090909090909,243,10,22
Arvalis,Source train,/icislab/volume3/benderick/futurama/gwfss25/GWFSS/GWFSS_v1.0_labelled/images/Arvalis/ARVALIS_ (24).png,/icislab/volume3/benderick/futurama/gwfss25/GWFSS/GWFSS_v1.0_labelled/class_id/Arvalis/ARVALIS_ (24).png,512,512,0.5895527005195618,0.15569444000720978,0.08703044056892395,9.84724252576135,60.521697998046875,0.0,0.0,39.478302001953125,,0.0,,,,0,0,0
Arvalis,Source train,/icislab/volume3/benderick/futurama/gwfss25/GWFSS/GWFSS_v1.0_labelled/images/Arvalis/ARVALIS_ (25).png,/icislab/volume3/benderick/futurama/gwfss25/GWFSS/GWFSS_v1.0_labelled/class_id/Arvalis/ARVALIS_ (25).png,512,512,0.525134801864624,0.2872081696987152,0.2927107810974121,12.992310284184276,11.377716064453125,0.0,0.0,88.62228393554688,,0.0,,,,0,0,0
Arvalis,Source train,/icislab/volume3/benderick/futurama/gwfss25/GWFSS/GWFSS_v1.0_labelled/images/Arvalis/ARVALIS_ (27).png,/icislab/volume3/benderick/futurama/gwfss25/GWFSS/GWFSS_v1.0_labelled/class_id/Arvalis/ARVALIS_ (27).png,512,512,0.29968586564064026,0.2459465116262436,0.11206057667732239,10.497337301147466,2.036285400390625,17.599868774414062,4.351806640625,76.01203918457031,12.0,3.45611572265625,1.0518934081346423,30.90507726269316,96.21938232161874,906,12,28
Arvalis,Source train,/icislab/volume3/benderick/futurama/gwfss25/GWFSS/GWFSS_v1.0_labelled/images/Arvalis/ARVALIS_ (28).png,/icislab/volume3/benderick/futurama/gwfss25/GWFSS/GWFSS_v1.0_labelled/class_id/Arvalis/ARVALIS_ (28).png,512,512,0.23888157308101654,0.24095241725444794,0.06636939942836761,10.276038239140053,21.999359130859375,6.2297821044921875,2.1533966064453125,69.61746215820312,8.0,2.3040771484375,4.251550044286979,89.40397350993378,89.83768525052929,604,24,54
Arvalis,Source train,/icislab/volume3/benderick/futurama/gwfss25/GWFSS/GWFSS_v1.0_labelled/images/Arvalis/ARVALIS_ (29).png,/icislab/volume3/benderick/futurama/gwfss25/GWFSS/GWFSS_v1.0_labelled/class_id/Arvalis/ARVALIS_ (29).png,512,512,0.25988835096359253,0.2227035015821457,0.04326789826154709,12.218936721920192,32.451629638671875,15.79742431640625,1.3645172119140625,50.38642883300781,8.94427190999916,1.28936767578125,3.3547665641599105,71.00591715976331,92.74292742927429,338,12,24
Arvalis,Source train,/icislab/volume3/benderick/futurama/gwfss25/GWFSS/GWFSS_v1.0_labelled/images/Arvalis/ARVALIS_ (3).png,/icislab/volume3/benderick/futurama/gwfss25/GWFSS/GWFSS_v1.0_labelled/class_id/Arvalis/ARVALIS_ (3).png,512,512,0.5419695377349854,0.18383999168872833,0.18495440483093262,10.293111051826937,44.54536437988281,0.0,0.6191253662109375,54.83551025390625,8.94427190999916,0.537872314453125,4.313000616142945,113.47517730496453,74.74226804123711,141,7,16
Arvalis,Source train,/icislab/volume3/benderick/futurama/gwfss25/GWFSS/GWFSS_v1.0_labelled/images/Arvalis/ARVALIS_ (30).png,/icislab/volume3/benderick/futurama/gwfss25/GWFSS/GWFSS_v1.0_labelled/class_id/Arvalis/ARVALIS_ (30).png,512,512,0.26500827074050903,0.18001478910446167,0.13274650275707245,11.152801583936025,1.3149261474609375,26.849746704101562,7.0354461669921875,64.79988098144531,8.0,8.281707763671875,1.7892967521552892,37.770612620912026,94.4055944055944,2171,33,82
Arvalis,Source train,/icislab/volume3/benderick/futurama/gwfss25/GWFSS/GWFSS_v1.0_labelled/images/Arvalis/ARVALIS_ (31).png,/icislab/volume3/benderick/futurama/gwfss25/GWFSS/GWFSS_v1.0_labelled/class_id/Arvalis/ARVALIS_ (31).png,512,512,0.22821861505508423,0.1994723528623581,0.020411327481269836,10.035552792168037,43.915557861328125,7.730865478515625,0.469970703125,47.88360595703125,6.0,0.530242919921875,4.058441558441558,71.94244604316546,83.9080459770115,139,5,10
Arvalis,Source train,/icislab/volume3/benderick/futurama/gwfss25/GWFSS/GWFSS_v1.0_labelled/images/Arvalis/ARVALIS_ (32).png,/icislab/volume3/benderick/futurama/gwfss25/GWFSS/GWFSS_v1.0_labelled/class_id/Arvalis/ARVALIS_ (32).png,512,512,0.26826012134552,0.21769030392169952,0.043742161244153976,12.048340052865045,30.669021606445312,17.23480224609375,2.205657958984375,49.89051818847656,7.211102550927978,2.574920654296875,3.113109650639917,56.2962962962963,67.75265957446808,675,18,38
Arvalis,Source train,/icislab/volume3/benderick/futurama/gwfss25/GWFSS/GWFSS_v1.0_labelled/images/Arvalis/ARVALIS_ (33).png,/icislab/volume3/benderick/futurama/gwfss25/GWFSS/GWFSS_v1.0_labelled/class_id/Arvalis/ARVALIS_ (33).png,512,512,0.26187795400619507,0.22675587236881256,-0.011801806278526783,10.529774979977034,62.998199462890625,20.56427001953125,1.9989013671875,14.438629150390625,7.211102550927978,2.475738525390625,2.099236641221374,43.143297380585516,9.919177075679647,649,11,28
Arvalis,Source train,/icislab/volume3/benderick/futurama/gwfss25/GWFSS/GWFSS_v1.0_labelled/images/Arvalis/ARVALIS_ (34).png,/icislab/volume3/benderick/futurama/gwfss25/GWFSS/GWFSS_v1.0_labelled/class_id/Arvalis/ARVALIS_ (34).png,512,512,0.5511472821235657,0.230806365609169,-0.016957180574536324,10.368660768185917,6.9263458251953125,27.2369384765625,18.9971923828125,46.83952331542969,10.770329614269007,16.201019287109375,0.5220883534136547,22.368730868848598,82.3529411764706,4247,26,95
Arvalis,Source train,/icislab/volume3/benderick/futurama/gwfss25/GWFSS/GWFSS_v1.0_labelled/images/Arvalis/ARVALIS_ (35).png,/icislab/volume3/benderick/futurama/gwfss25/GWFSS/GWFSS_v1.0_labelled/class_id/Arvalis/ARVALIS_ (35).png,512,512,0.2501232922077179,0.21790625154972076,-0.026602530851960182,9.901300330002039,29.819869995117188,30.961990356445312,1.7658233642578125,37.45231628417969,6.0,2.43377685546875,5.184705119896306,89.34169278996865,86.87719298245614,638,24,57
Arvalis,Source train,/icislab/volume3/benderick/futurama/gwfss25/GWFSS/GWFSS_v1.0_labelled/images/Arvalis/ARVALIS_ (36).png,/icislab/volume3/benderick/futurama/gwfss25/GWFSS/GWFSS_v1.0_labelled/class_id/Arvalis/ARVALIS_ (36).png,512,512,0.601046085357666,0.207027405500412,-0.016104239970445633,9.420381608272766,1.290130615234375,51.720428466796875,11.615753173828125,35.373687744140625,10.0,11.322021484375,1.0180623973727423,29.649595687331537,83.53064066852367,2968,31,88
Arvalis,Source train,/icislab/volume3/benderick/futurama/gwfss25/GWFSS/GWFSS_v1.0_labelled/images/Arvalis/ARVALIS_ (37).png,/icislab/volume3/benderick/futurama/gwfss25/GWFSS/GWFSS_v1.0_labelled/class_id/Arvalis/ARVALIS_ (37).png,512,512,0.3646528124809265,0.22222793102264404,-0.011937474831938744,7.491251272868252,48.05450439453125,14.044189453125,2.8194427490234375,35.08186340332031,6.324555320336759,3.612518310546875,3.7883912867000404,65.46990496304119,45.90163934426229,947,28,62
Arvalis,Source train,/icislab/volume3/benderick/futurama/gwfss25/GWFSS/GWFSS_v1.0_labelled/images/Arvalis/ARVALIS_ (38).png,/icislab/volume3/benderick/futurama/gwfss25/GWFSS/GWFSS_v1.0_labelled/class_id/Arvalis/ARVALIS_ (38).png,512,512,0.49403896927833557,0.21259017288684845,-0.038325004279613495,8.854367233023897,6.40411376953125,24.300384521484375,5.2547454833984375,64.04075622558594,10.198039027185569,4.917144775390625,1.0889292196007259,27.152831652443755,95.09578544061303,1289,15,35
Arvalis,Source train,/icislab/volume3/benderick/futurama/gwfss25/GWFSS/GWFSS_v1.0_labelled/images/Arvalis/ARVALIS_ (4).png,/icislab/volume3/benderick/futurama/gwfss25/GWFSS/GWFSS_v1.0_labelled/class_id/Arvalis/ARVALIS_ (4).png,512,512,0.5177805423736572,0.22803258895874023,0.3150148391723633,7.936940498859943,5.921173095703125,0.0,0.8930206298828125,93.18580627441406,12.0,0.629425048828125,2.135839384878257,60.60606060606061,97.01149425287356,165,5,10
Arvalis,Source train,/icislab/volume3/benderick/futurama/gwfss25/GWFSS/GWFSS_v1.0_labelled/images/Arvalis/ARVALIS_ (40).png,/icislab/volume3/benderick/futurama/gwfss25/GWFSS/GWFSS_v1.0_labelled/class_id/Arvalis/ARVALIS_ (40).png,512,512,0.2718791663646698,0.18928183615207672,0.026969268918037415,11.952487520131726,60.6201171875,8.18939208984375,2.80914306640625,28.38134765625,8.0,3.246307373046875,2.4443237370994026,49.35370152761457,33.44173441734417,851,18,42
Arvalis,Source train,/icislab/volume3/benderick/futurama/gwfss25/GWFSS/GWFSS_v1.0_labelled/images/Arvalis/ARVALIS_ (41).png,/icislab/volume3/benderick/futurama/gwfss25/GWFSS/GWFSS_v1.0_labelled/class_id/Arvalis/ARVALIS_ (41).png,512,512,0.279074102640152,0.12598773837089539,0.11269337683916092,10.1372211335641,1.764678955078125,25.464630126953125,20.148468017578125,52.622222900390625,12.165525060596439,16.040802001953125,0.4543905486765875,13.793103448275861,94.69343850842596,4205,24,58
Arvalis,Source train,/icislab/volume3/benderick/futurama/gwfss25/GWFSS/GWFSS_v1.0_labelled/images/Arvalis/ARVALIS_ (42).png,/icislab/volume3/benderick/futurama/gwfss25/GWFSS/GWFSS_v1.0_labelled/class_id/Arvalis/ARVALIS_ (42).png,512,512,0.30309540033340454,0.19587846100330353,0.04387509077787399,10.640884173525485,49.01466369628906,19.805526733398438,5.3234100341796875,25.856399536132812,7.211102550927978,6.526947021484375,2.723038337513436,54.93863237872589,38.75507442489851,1711,38,94
Arvalis,Source train,/icislab/volume3/benderick/futurama/gwfss25/GWFSS/GWFSS_v1.0_labelled/images/Arvalis/ARVALIS_ (43).png,/icislab/volume3/benderick/futurama/gwfss25/GWFSS/GWFSS_v1.0_labelled/class_id/Arvalis/ARVALIS_ (43).png,512,512,0.21895292401313782,0.18641303479671478,-0.05290248990058899,10.521209937964842,40.24696350097656,9.329986572265625,5.47332763671875,44.94972229003906,8.48528137423857,5.382537841796875,2.7878449958182325,61.65839829907867,73.47316471314004,1411,40,87
Arvalis,Source train,/icislab/volume3/benderick/futurama/gwfss25/GWFSS/GWFSS_v1.0_labelled/images/Arvalis/ARVALIS_ (44).png,/icislab/volume3/benderick/futurama/gwfss25/GWFSS/GWFSS_v1.0_labelled/class_id/Arvalis/ARVALIS_ (44).png,512,512,0.2513207197189331,0.18496771156787872,-0.05436737835407257,9.435212362198799,31.77642822265625,16.889572143554688,6.9793701171875,44.35462951660156,8.0,7.75909423828125,2.4595540008745083,49.65585054080629,74.86678507992895,2034,45,101
Arvalis,Source train,/icislab/volume3/benderick/futurama/gwfss25/GWFSS/GWFSS_v1.0_labelled/images/Arvalis/ARVALIS_ (5).png,/icislab/volume3/benderick/futurama/gwfss25/GWFSS/GWFSS_v1.0_labelled/class_id/Arvalis/ARVALIS_ (5).png,512,512,0.5285710096359253,0.1424390822649002,0.4656207859516144,13.792213378137147,10.3851318359375,0.0,0.0,89.6148681640625,,0.0,,,,0,0,0
Arvalis,Source train,/icislab/volume3/benderick/futurama/gwfss25/GWFSS/GWFSS_v1.0_labelled/images/Arvalis/ARVALIS_ (50).png,/icislab/volume3/benderick/futurama/gwfss25/GWFSS/GWFSS_v1.0_labelled/class_id/Arvalis/ARVALIS_ (50).png,512,512,0.5795661211013794,0.17062267661094666,0.25526630878448486,17.688399526084563,25.41961669921875,0.0,2.6031494140625,71.97723388671875,6.0,3.71551513671875,5.422039859320047,82.13552361396304,80.22598870056497,974,37,80
Arvalis,Source train,/icislab/volume3/benderick/futurama/gwfss25/GWFSS/GWFSS_v1.0_labelled/images/Arvalis/ARVALIS_ (52).png,/icislab/volume3/benderick/futurama/gwfss25/GWFSS/GWFSS_v1.0_labelled/class_id/Arvalis/ARVALIS_ (52).png,512,512,0.5336285829544067,0.15838511288166046,0.2556093633174896,10.631292993310153,32.97843933105469,0.0,0.5817413330078125,66.4398193359375,5.656854249492381,0.9307861328125,7.213114754098361,98.36065573770492,83.0820770519263,244,11,24
Arvalis,Source train,/icislab/volume3/benderick/futurama/gwfss25/GWFSS/GWFSS_v1.0_labelled/images/Arvalis/ARVALIS_ (53).png,/icislab/volume3/benderick/futurama/gwfss25/GWFSS/GWFSS_v1.0_labelled/class_id/Arvalis/ARVALIS_ (53).png,512,512,0.5249027013778687,0.1965130716562271,0.22329841554164886,12.862622361844085,51.86576843261719,0.0,0.0,48.13423156738281,,0.0,,,,0,0,0
Arvalis,Source train,/icislab/volume3/benderick/futurama/gwfss25/GWFSS/GWFSS_v1.0_labelled/images/Arvalis/ARVALIS_ (55).png,/icislab/volume3/benderick/futurama/gwfss25/GWFSS/GWFSS_v1.0_labelled/class_id/Arvalis/ARVALIS_ (55).png,512,512,0.5759928822517395,0.20888271927833557,0.3787164092063904,14.030452694435265,9.83123779296875,0.0,0.0,90.16876220703125,,0.0,,,,0,0,0
Arvalis,Source train,/icislab/volume3/benderick/futurama/gwfss25/GWFSS/GWFSS_v1.0_labelled/images/Arvalis/ARVALIS_ (56).png,/icislab/volume3/benderick/futurama/gwfss25/GWFSS/GWFSS_v1.0_labelled/class_id/Arvalis/ARVALIS_ (56).png,512,512,0.23480087518692017,0.23860225081443787,0.19302596151828766,16.78207312223299,28.031539916992188,0.0,0.3643035888671875,71.60415649414062,7.60555127546399,0.457763671875,4.18848167539267,83.33333333333333,86.09022556390977,120,4,10
Arvalis,Source train,/icislab/volume3/benderick/futurama/gwfss25/GWFSS/GWFSS_v1.0_labelled/images/Arvalis/ARVALIS_ (57).png,/icislab/volume3/benderick/futurama/gwfss25/GWFSS/GWFSS_v1.0_labelled/class_id/Arvalis/ARVALIS_ (57).png,512,512,0.25611481070518494,0.22937355935573578,0.1762533038854599,16.341827492424134,38.35906982421875,0.0,0.373077392578125,61.267852783203125,6.324555320336759,0.46539306640625,6.134969325153374,106.55737704918033,81.08108108108108,122,6,13
Arvalis,Source train,/icislab/volume3/benderick/futurama/gwfss25/GWFSS/GWFSS_v1.0_labelled/images/Arvalis/ARVALIS_ (58).png,/icislab/volume3/benderick/futurama/gwfss25/GWFSS/GWFSS_v1.0_labelled/class_id/Arvalis/ARVALIS_ (58).png,512,512,0.2744334638118744,0.1652340292930603,0.11426004022359848,9.515577040570308,29.72259521484375,5.934906005859375,1.3736724853515625,62.96882629394531,7.211102550927978,1.552581787109375,6.109414051652319,113.02211302211302,78.42364532019704,407,22,46
Arvalis,Source train,/icislab/volume3/benderick/futurama/gwfss25/GWFSS/GWFSS_v1.0_labelled/images/Arvalis/ARVALIS_ (59).png,/icislab/volume3/benderick/futurama/gwfss25/GWFSS/GWFSS_v1.0_labelled/class_id/Arvalis/ARVALIS_ (59).png,512,512,0.3298766016960144,0.16850513219833374,0.16850116848945618,9.188011335254902,27.457046508789062,23.019027709960938,9.061431884765625,40.462493896484375,10.0,7.82012939453125,0.5051780752715332,16.097560975609756,46.577669902912625,2050,12,33
Arvalis,Source train,/icislab/volume3/benderick/futurama/gwfss25/GWFSS/GWFSS_v1.0_labelled/images/Arvalis/ARVALIS_ (6).png,/icislab/volume3/benderick/futurama/gwfss25/GWFSS/GWFSS_v1.0_labelled/class_id/Arvalis/ARVALIS_ (6).png,512,512,0.5616133809089661,0.17251232266426086,0.11310892552137375,10.320727955667628,59.55009460449219,0.0,0.0,40.44990539550781,,0.0,,,,0,0,0
Arvalis,Source train,/icislab/volume3/benderick/futurama/gwfss25/GWFSS/GWFSS_v1.0_labelled/images/Arvalis/ARVALIS_ (60).png,/icislab/volume3/benderick/futurama/gwfss25/GWFSS/GWFSS_v1.0_labelled/class_id/Arvalis/ARVALIS_ (60).png,512,512,0.3147694170475006,0.12096574157476425,0.06953618675470352,9.466770559222281,67.74024963378906,3.71551513671875,3.39202880859375,25.152206420898438,7.211102550927978,3.963470458984375,2.4741340530814213,46.198267564966315,61.42538975501114,1039,22,48
Arvalis,Source train,/icislab/volume3/benderick/futurama/gwfss25/GWFSS/GWFSS_v1.0_labelled/images/Arvalis/ARVALIS_ (62).png,/icislab/volume3/benderick/futurama/gwfss25/GWFSS/GWFSS_v1.0_labelled/class_id/Arvalis/ARVALIS_ (62).png,512,512,0.25014111399650574,0.17385435104370117,0.098700612783432,9.620211827359917,37.87078857421875,7.9029083251953125,4.151153564453125,50.07514953613281,7.211102550927978,5.04302978515625,3.1244256570483366,59.001512859304086,78.05383022774328,1322,34,78
Arvalis,Source train,/icislab/volume3/benderick/futurama/gwfss25/GWFSS/GWFSS_v1.0_labelled/images/Arvalis/ARVALIS_ (63).png,/icislab/volume3/benderick/futurama/gwfss25/GWFSS/GWFSS_v1.0_labelled/class_id/Arvalis/ARVALIS_ (63).png,512,512,0.3089897036552429,0.18623951077461243,0.1500903218984604,9.19323724836919,2.6641845703125,27.961349487304688,12.285614013671875,57.08885192871094,12.0,10.189056396484375,0.9625535614481774,29.576937476600524,89.03403863845446,2671,31,79
Arvalis,Source train,/icislab/volume3/benderick/futurama/gwfss25/GWFSS/GWFSS_v1.0_labelled/images/Arvalis/ARVALIS_ (66).png,/icislab/volume3/benderick/futurama/gwfss25/GWFSS/GWFSS_v1.0_labelled/class_id/Arvalis/ARVALIS_ (66).png,512,512,0.34610849618911743,0.2413635551929474,0.1494307518005371,12.139740390472939,20.236587524414062,1.6265869140625,1.2359619140625,76.90086364746094,7.211102550927978,1.453399658203125,6.172839506172839,125.98425196850394,96.46118721461187,381,20,48
Arvalis,Source train,/icislab/volume3/benderick/futurama/gwfss25/GWFSS/GWFSS_v1.0_labelled/images/Arvalis/ARVALIS_ (67).png,/icislab/volume3/benderick/futurama/gwfss25/GWFSS/GWFSS_v1.0_labelled/class_id/Arvalis/ARVALIS_ (67).png,512,512,0.3773763179779053,0.23771782219409943,0.1980901062488556,10.926450593599233,16.947555541992188,2.5165557861328125,0.890350341796875,79.64553833007812,8.94427190999916,0.86212158203125,3.8560411311053984,97.34513274336283,97.60589318600368,226,9,22
Arvalis,Source train,/icislab/volume3/benderick/futurama/gwfss25/GWFSS/GWFSS_v1.0_labelled/images/Arvalis/ARVALIS_ (68).png,/icislab/volume3/benderick/futurama/gwfss25/GWFSS/GWFSS_v1.0_labelled/class_id/Arvalis/ARVALIS_ (68).png,512,512,0.5141869783401489,0.21498921513557434,0.3540446162223816,10.401167680104068,2.2106170654296875,7.0819854736328125,4.7916412353515625,85.91575622558594,11.661903789690601,4.37164306640625,1.0349494467001035,26.17801047120419,83.08351177730192,1146,13,30
Arvalis,Source train,/icislab/volume3/benderick/futurama/gwfss25/GWFSS/GWFSS_v1.0_labelled/images/Arvalis/ARVALIS_ (7).png,/icislab/volume3/benderick/futurama/gwfss25/GWFSS/GWFSS_v1.0_labelled/class_id/Arvalis/ARVALIS_ (7).png,512,512,0.4926478862762451,0.2667537331581116,0.4527375400066376,19.00459873895173,1.17645263671875,0.0,0.0,98.82354736328125,,0.0,,,,0,0,0
Arvalis,Source train,/icislab/volume3/benderick/futurama/gwfss25/GWFSS/GWFSS_v1.0_labelled/images/Arvalis/ARVALIS_ (71).png,/icislab/volume3/benderick/futurama/gwfss25/GWFSS/GWFSS_v1.0_labelled/class_id/Arvalis/ARVALIS_ (71).png,512,512,0.3987240791320801,0.18625508248806,0.0015708337305113673,11.207757184561583,61.167144775390625,0.0,0.0,38.832855224609375,,0.0,,,,0,0,0
Arvalis,Source train,/icislab/volume3/benderick/futurama/gwfss25/GWFSS/GWFSS_v1.0_labelled/images/Arvalis/ARVALIS_ (72).png,/icislab/volume3/benderick/futurama/gwfss25/GWFSS/GWFSS_v1.0_labelled/class_id/Arvalis/ARVALIS_ (72).png,512,512,0.4216109812259674,0.20426087081432343,0.005985023453831673,12.618552892434318,58.136749267578125,0.0,0.0,41.863250732421875,,0.0,,,,0,0,0
Arvalis,Source train,/icislab/volume3/benderick/futurama/gwfss25/GWFSS/GWFSS_v1.0_labelled/images/Arvalis/ARVALIS_ (73).png,/icislab/volume3/benderick/futurama/gwfss25/GWFSS/GWFSS_v1.0_labelled/class_id/Arvalis/ARVALIS_ (73).png,512,512,0.4735368490219116,0.22278431057929993,0.06816041469573975,11.834786558613459,47.78900146484375,0.0,0.0,52.21099853515625,,0.0,,,,0,0,0
Arvalis,Source train,/icislab/volume3/benderick/futurama/gwfss25/GWFSS/GWFSS_v1.0_labelled/images/Arvalis/ARVALIS_ (74).png,/icislab/volume3/benderick/futurama/gwfss25/GWFSS/GWFSS_v1.0_labelled/class_id/Arvalis/ARVALIS_ (74).png,512,512,0.30261337757110596,0.14726538956165314,0.04954177886247635,11.641657864103394,37.61558532714844,0.0,0.0,62.38441467285156,,0.0,,,,0,0,0
Arvalis,Source train,/icislab/volume3/benderick/futurama/gwfss25/GWFSS/GWFSS_v1.0_labelled/images/Arvalis/ARVALIS_ (75).png,/icislab/volume3/benderick/futurama/gwfss25/GWFSS/GWFSS_v1.0_labelled/class_id/Arvalis/ARVALIS_ (75).png,512,512,0.2394501119852066,0.11490923166275024,0.0827639251947403,6.946579924479336,22.578048706054688,0.0,0.9326934814453125,76.4892578125,6.767828935632369,1.10626220703125,5.725971370143149,110.34482758620689,93.06122448979592,290,14,32
Arvalis,Source train,/icislab/volume3/benderick/futurama/gwfss25/GWFSS/GWFSS_v1.0_labelled/images/Arvalis/ARVALIS_ (76).png,/icislab/volume3/benderick/futurama/gwfss25/GWFSS/GWFSS_v1.0_labelled/class_id/Arvalis/ARVALIS_ (76).png,512,512,0.4179297387599945,0.19603413343429565,0.004215574823319912,13.569522571387932,62.33673095703125,0.0,0.0,37.66326904296875,,0.0,,,,0,0,0
Arvalis,Source train,/icislab/volume3/benderick/futurama/gwfss25/GWFSS/GWFSS_v1.0_labelled/images/Arvalis/ARVALIS_ (77).png,/icislab/volume3/benderick/futurama/gwfss25/GWFSS/GWFSS_v1.0_labelled/class_id/Arvalis/ARVALIS_ (77).png,512,512,0.24847504496574402,0.12250985950231552,0.032292209565639496,9.4328392925606,43.22013854980469,0.0,0.0,56.77986145019531,,0.0,,,,0,0,0
Arvalis,Source train,/icislab/volume3/benderick/futurama/gwfss25/GWFSS/GWFSS_v1.0_labelled/images/Arvalis/ARVALIS_ (78).png,/icislab/volume3/benderick/futurama/gwfss25/GWFSS/GWFSS_v1.0_labelled/class_id/Arvalis/ARVALIS_ (78).png,512,512,0.17533205449581146,0.09525037556886673,0.05858368054032326,6.4749558841202415,20.75347900390625,0.0,0.0,79.24652099609375,,0.0,,,,0,0,0
Arvalis,Source train,/icislab/volume3/benderick/futurama/gwfss25/GWFSS/GWFSS_v1.0_labelled/images/Arvalis/ARVALIS_ (79).png,/icislab/volume3/benderick/futurama/gwfss25/GWFSS/GWFSS_v1.0_labelled/class_id/Arvalis/ARVALIS_ (79).png,512,512,0.17703557014465332,0.11386901885271072,0.07268679887056351,7.014314381013493,18.695831298828125,0.0,0.0,81.30416870117188,,0.0,,,,0,0,0
Arvalis,Source train,/icislab/volume3/benderick/futurama/gwfss25/GWFSS/GWFSS_v1.0_labelled/images/Arvalis/ARVALIS_ (8).png,/icislab/volume3/benderick/futurama/gwfss25/GWFSS/GWFSS_v1.0_labelled/class_id/Arvalis/ARVALIS_ (8).png,512,512,0.3985845446586609,0.2840397357940674,0.22001391649246216,13.202990283150157,19.081497192382812,0.0,0.60577392578125,80.31272888183594,6.324555320336759,0.72479248046875,4.408060453400504,84.21052631578948,89.43661971830986,190,7,16
Arvalis,Source train,/icislab/volume3/benderick/futurama/gwfss25/GWFSS/GWFSS_v1.0_labelled/images/Arvalis/ARVALIS_ (81).png,/icislab/volume3/benderick/futurama/gwfss25/GWFSS/GWFSS_v1.0_labelled/class_id/Arvalis/ARVALIS_ (81).png,512,512,0.42381519079208374,0.26283764839172363,0.12660568952560425,9.72049084284212,2.2472381591796875,44.390106201171875,11.7828369140625,41.57981872558594,8.0,13.675689697265625,1.0683760683760684,21.478382147838214,88.06135138869698,3585,33,77
Arvalis,Source train,/icislab/volume3/benderick/futurama/gwfss25/GWFSS/GWFSS_v1.0_labelled/images/Arvalis/ARVALIS_ (82).png,/icislab/volume3/benderick/futurama/gwfss25/GWFSS/GWFSS_v1.0_labelled/class_id/Arvalis/ARVALIS_ (82).png,512,512,0.21071447432041168,0.15504175424575806,0.05001085251569748,6.023991688776691,12.401199340820312,9.94720458984375,1.96380615234375,75.68778991699219,8.246211251235321,1.758575439453125,4.0792540792540795,95.44468546637744,86.90969345484673,461,21,44
Arvalis,Source train,/icislab/volume3/benderick/futurama/gwfss25/GWFSS/GWFSS_v1.0_labelled/images/Arvalis/ARVALIS_ (85).png,/icislab/volume3/benderick/futurama/gwfss25/GWFSS/GWFSS_v1.0_labelled/class_id/Arvalis/ARVALIS_ (85).png,512,512,0.37288519740104675,0.21626301109790802,0.13492342829704285,9.461815628675799,1.89971923828125,19.6533203125,3.9432525634765625,74.50370788574219,10.0,3.917694091796875,1.1608783979878108,23.369036027263874,88.95320791123974,1027,12,24
Arvalis,Source train,/icislab/volume3/benderick/futurama/gwfss25/GWFSS/GWFSS_v1.0_labelled/images/Arvalis/ARVALIS_ (87).png,/icislab/volume3/benderick/futurama/gwfss25/GWFSS/GWFSS_v1.0_labelled/class_id/Arvalis/ARVALIS_ (87).png,512,512,0.1687263548374176,0.1272306740283966,0.049379218369722366,5.097642298573923,13.284683227539062,6.613922119140625,1.338958740234375,78.76243591308594,8.48528137423857,1.415252685546875,3.7037037037037037,88.94878706199461,82.8641370869033,371,13,33
Arvalis,Source train,/icislab/volume3/benderick/futurama/gwfss25/GWFSS/GWFSS_v1.0_labelled/images/Arvalis/ARVALIS_ (88).png,/icislab/volume3/benderick/futurama/gwfss25/GWFSS/GWFSS_v1.0_labelled/class_id/Arvalis/ARVALIS_ (88).png,512,512,0.21772617101669312,0.15541864931583405,0.06876063346862793,8.596311205450867,15.626907348632812,10.44921875,1.4507293701171875,72.47314453125,10.0,1.2969970703125,2.8924533263213252,73.52941176470588,77.60097919216646,340,11,25
Arvalis,Source train,/icislab/volume3/benderick/futurama/gwfss25/GWFSS/GWFSS_v1.0_labelled/images/Arvalis/ARVALIS_ (89).png,/icislab/volume3/benderick/futurama/gwfss25/GWFSS/GWFSS_v1.0_labelled/class_id/Arvalis/ARVALIS_ (89).png,512,512,0.3875810503959656,0.19998323917388916,0.019313661381602287,12.169867888197823,37.458038330078125,14.73541259765625,2.6134490966796875,45.19309997558594,8.94427190999916,2.44903564453125,1.7515691139979566,45.17133956386293,74.61430575035062,642,12,29
Arvalis,Source train,/icislab/volume3/benderick/futurama/gwfss25/GWFSS/GWFSS_v1.0_labelled/images/Arvalis/ARVALIS_ (9).png,/icislab/volume3/benderick/futurama/gwfss25/GWFSS/GWFSS_v1.0_labelled/class_id/Arvalis/ARVALIS_ (9).png,512,512,0.2983451783657074,0.2200101763010025,0.19176366925239563,14.44249329549372,42.2332763671875,4.126739501953125,1.792144775390625,51.84783935546875,6.324555320336759,2.422332763671875,3.8314176245210727,64.56692913385827,88.57979502196193,635,18,41
Arvalis,Source train,/icislab/volume3/benderick/futurama/gwfss25/GWFSS/GWFSS_v1.0_labelled/images/Arvalis/ARVALIS_ (90).png,/icislab/volume3/benderick/futurama/gwfss25/GWFSS/GWFSS_v1.0_labelled/class_id/Arvalis/ARVALIS_ (90).png,512,512,0.3658088445663452,0.17557695508003235,0.024665087461471558,10.871488545444448,32.14530944824219,18.69964599609375,2.269744873046875,46.88529968261719,8.246211251235321,2.407073974609375,2.5210084033613445,50.71315372424723,72.70773638968481,631,15,32
Arvalis,Source train,/icislab/volume3/benderick/futurama/gwfss25/GWFSS/GWFSS_v1.0_labelled/images/Arvalis/ARVALIS_ (91).png,/icislab/volume3/benderick/futurama/gwfss25/GWFSS/GWFSS_v1.0_labelled/class_id/Arvalis/ARVALIS_ (91).png,512,512,0.36870652437210083,0.23656624555587769,0.07888517528772354,11.175491075953222,22.085952758789062,33.76960754394531,2.4898529052734375,41.65458679199219,7.211102550927978,3.01361083984375,4.136663091772637,74.68354430379746,61.256830601092894,790,27,59
Arvalis,Source train,/icislab/volume3/benderick/futurama/gwfss25/GWFSS/GWFSS_v1.0_labelled/images/Arvalis/ARVALIS_ (92).png,/icislab/volume3/benderick/futurama/gwfss25/GWFSS/GWFSS_v1.0_labelled/class_id/Arvalis/ARVALIS_ (92).png,512,512,0.4470262825489044,0.21445691585540771,0.10786715894937515,11.338036072258841,2.100372314453125,34.394073486328125,10.538101196289062,52.96745300292969,8.0,12.622833251953125,1.158371040723982,22.665457842248415,93.89458272327965,3309,32,75
Arvalis,Source train,/icislab/volume3/benderick/futurama/gwfss25/GWFSS/GWFSS_v1.0_labelled/images/Arvalis/ARVALIS_ (93).png,/icislab/volume3/benderick/futurama/gwfss25/GWFSS/GWFSS_v1.0_labelled/class_id/Arvalis/ARVALIS_ (93).png,512,512,0.3625926673412323,0.16065923869609833,0.028587058186531067,9.843029458017647,29.636001586914062,7.1445465087890625,2.9949188232421875,60.22453308105469,8.246211251235321,3.170013427734375,2.6748184944593048,58.96510228640192,86.87807545106615,831,21,49
Arvalis,Source train,/icislab/volume3/benderick/futurama/gwfss25/GWFSS/GWFSS_v1.0_labelled/images/Arvalis/ARVALIS_ (94).png,/icislab/volume3/benderick/futurama/gwfss25/GWFSS/GWFSS_v1.0_labelled/class_id/Arvalis/ARVALIS_ (94).png,512,512,0.3207456171512604,0.2645893394947052,0.08939258009195328,14.449003997816225,21.668243408203125,28.527450561523438,1.743316650390625,48.06098937988281,7.211102550927978,2.124786376953125,3.2822757111597376,64.63195691202873,75.82697201017811,557,15,36
Arvalis,Source train,/icislab/volume3/benderick/futurama/gwfss25/GWFSS/GWFSS_v1.0_labelled/images/Arvalis/ARVALIS_ (95).png,/icislab/volume3/benderick/futurama/gwfss25/GWFSS/GWFSS_v1.0_labelled/class_id/Arvalis/ARVALIS_ (95).png,512,512,0.282915323972702,0.20058408379554749,0.07562006264925003,9.136782388224903,21.703720092773438,15.814208984375,1.3423919677734375,61.139678955078125,8.0,1.384735107421875,3.9784029553850524,96.41873278236915,82.37454100367196,363,14,35
Arvalis,Source train,/icislab/volume3/benderick/futurama/gwfss25/GWFSS/GWFSS_v1.0_labelled/images/Arvalis/ARVALIS_ (96).png,/icislab/volume3/benderick/futurama/gwfss25/GWFSS/GWFSS_v1.0_labelled/class_id/Arvalis/ARVALIS_ (96).png,512,512,0.23615410923957825,0.15048983693122864,0.06410447508096695,7.730092727918668,16.3665771484375,7.808685302734375,2.2480010986328125,73.57673645019531,10.0,1.89208984375,2.715085694892245,68.54838709677419,86.0484544695071,496,16,34
Arvalis,Source train,/icislab/volume3/benderick/futurama/gwfss25/GWFSS/GWFSS_v1.0_labelled/images/Arvalis/ARVALIS_ (97).png,/icislab/volume3/benderick/futurama/gwfss25/GWFSS/GWFSS_v1.0_labelled/class_id/Arvalis/ARVALIS_ (97).png,512,512,0.365348219871521,0.21140679717063904,0.04510216787457466,12.427494023190908,32.84950256347656,10.282516479492188,5.635833740234375,51.232147216796875,10.0,4.993438720703125,1.8952213347773115,50.42016806722689,60.97212294496069,1309,28,66
Arvalis,Source train,/icislab/volume3/benderick/futurama/gwfss25/GWFSS/GWFSS_v1.0_labelled/images/Arvalis/ARVALIS_ (98).png,/icislab/volume3/benderick/futurama/gwfss25/GWFSS/GWFSS_v1.0_labelled/class_id/Arvalis/ARVALIS_ (98).png,512,512,0.423071950674057,0.21577447652816772,-0.012129900977015495,9.362514363541454,38.04588317871094,19.13604736328125,4.4582366943359375,38.359832763671875,8.0,5.039215087890625,2.9947805253700692,64.3451930355791,67.49396759738022,1321,35,85
Arvalis,Source train,/icislab/volume3/benderick/futurama/gwfss25/GWFSS/GWFSS_v1.0_labelled/images/Arvalis/ARVALIS_ (99).png,/icislab/volume3/benderick/futurama/gwfss25/GWFSS/GWFSS_v1.0_labelled/class_id/Arvalis/ARVALIS_ (99).png,512,512,0.39147722721099854,0.13897719979286194,-0.015435402281582355,8.171588959011604,60.576629638671875,5.3646087646484375,1.74102783203125,32.31773376464844,8.246211251235321,1.956939697265625,2.8483786152497808,60.42884990253411,46.64879356568365,513,13,31
CIMMYT,Source train,/icislab/volume3/benderick/futurama/gwfss25/GWFSS/GWFSS_v1.0_labelled/images/CIMMYT/IMG_0553.png,/icislab/volume3/benderick/futurama/gwfss25/GWFSS/GWFSS_v1.0_labelled/class_id/CIMMYT/IMG_0553.png,512,512,0.45315927267074585,0.3054978549480438,-0.030447226017713547,9.823395225814926,22.888946533203125,6.561279296875,12.583541870117188,57.96623229980469,14.142135623730951,8.083343505859375,0.33346469821444813,16.98914582350165,70.98147220831247,2119,11,36
CIMMYT,Source train,/icislab/volume3/benderick/futurama/gwfss25/GWFSS/GWFSS_v1.0_labelled/images/CIMMYT/IMG_0554.png,/icislab/volume3/benderick/futurama/gwfss25/GWFSS/GWFSS_v1.0_labelled/class_id/CIMMYT/IMG_0554.png,512,512,0.44465482234954834,0.3111434578895569,-0.026016177609562874,8.976331560127738,8.685302734375,19.663619995117188,8.279037475585938,63.372039794921875,13.416407864998739,5.992889404296875,0.4146892134727918,17.823042647994907,84.22785643727363,1571,9,28
CIMMYT,Source train,/icislab/volume3/benderick/futurama/gwfss25/GWFSS/GWFSS_v1.0_labelled/images/CIMMYT/IMG_0555.png,/icislab/volume3/benderick/futurama/gwfss25/GWFSS/GWFSS_v1.0_labelled/class_id/CIMMYT/IMG_0555.png,512,512,0.42233067750930786,0.3012467622756958,-0.02548033557832241,9.126720239552396,9.578704833984375,18.9666748046875,4.9633026123046875,66.49131774902344,14.422205101855956,2.765655517578125,0.6917223887479825,26.20689655172414,74.77535301668806,725,9,19
CIMMYT,Source train,/icislab/volume3/benderick/futurama/gwfss25/GWFSS/GWFSS_v1.0_labelled/images/CIMMYT/IMG_0556.png,/icislab/volume3/benderick/futurama/gwfss25/GWFSS/GWFSS_v1.0_labelled/class_id/CIMMYT/IMG_0556.png,512,512,0.5078386664390564,0.313057541847229,-0.014588209800422192,9.389066708803954,14.141845703125,16.196823120117188,8.524703979492188,61.136627197265625,12.0,6.557464599609375,0.6712310377231843,25.01454333915067,88.44702467343977,1719,15,43
CIMMYT,Source train,/icislab/volume3/benderick/futurama/gwfss25/GWFSS/GWFSS_v1.0_labelled/images/CIMMYT/IMG_0557.png,/icislab/volume3/benderick/futurama/gwfss25/GWFSS/GWFSS_v1.0_labelled/class_id/CIMMYT/IMG_0557.png,512,512,0.44338637590408325,0.3008049428462982,-0.01656346023082733,10.148629267505015,2.9460906982421875,13.866424560546875,9.945297241210938,73.2421875,14.0,6.847381591796875,0.4986383337808293,20.055710306406684,95.42203147353362,1795,13,36
CIMMYT,Source train,/icislab/volume3/benderick/futurama/gwfss25/GWFSS/GWFSS_v1.0_labelled/images/CIMMYT/IMG_0558.png,/icislab/volume3/benderick/futurama/gwfss25/GWFSS/GWFSS_v1.0_labelled/class_id/CIMMYT/IMG_0558.png,512,512,0.48224782943725586,0.30440810322761536,-0.021767234429717064,8.980286995147017,17.963409423828125,21.283721923828125,9.012222290039062,51.74064636230469,14.0,6.221771240234375,0.3386243386243386,14.101778050275904,77.53826929084661,1631,8,23
CIMMYT,Source train,/icislab/volume3/benderick/futurama/gwfss25/GWFSS/GWFSS_v1.0_labelled/images/CIMMYT/IMG_0559.png,/icislab/volume3/benderick/futurama/gwfss25/GWFSS/GWFSS_v1.0_labelled/class_id/CIMMYT/IMG_0559.png,512,512,0.4949263632297516,0.2758899927139282,-0.013073880225419998,8.773889360777469,9.354400634765625,19.8974609375,3.347015380859375,67.401123046875,11.661903789690601,2.4261474609375,0.9117848187827673,31.446540880503143,87.1039056742815,636,8,20
CIMMYT,Source train,/icislab/volume3/benderick/futurama/gwfss25/GWFSS/GWFSS_v1.0_labelled/images/CIMMYT/IMG_0560.png,/icislab/volume3/benderick/futurama/gwfss25/GWFSS/GWFSS_v1.0_labelled/class_id/CIMMYT/IMG_0560.png,512,512,0.4881014823913574,0.289530873298645,-0.027767077088356018,9.722115970323996,12.539291381835938,16.281890869140625,3.163909912109375,68.01490783691406,12.0,2.216339111328125,0.8439836026042923,29.259896729776248,97.64903442485307,581,7,17
CIMMYT,Source train,/icislab/volume3/benderick/futurama/gwfss25/GWFSS/GWFSS_v1.0_labelled/images/CIMMYT/IMG_0718.png,/icislab/volume3/benderick/futurama/gwfss25/GWFSS/GWFSS_v1.0_labelled/class_id/CIMMYT/IMG_0718.png,512,512,0.5388385653495789,0.28620651364326477,-0.010341105982661247,8.143127965396946,8.215713500976562,22.0916748046875,5.4229736328125,64.26963806152344,12.649110640673518,4.09698486328125,0.4220596510973551,26.070763500931097,85.88235294117646,1074,6,28
CIMMYT,Source train,/icislab/volume3/benderick/futurama/gwfss25/GWFSS/GWFSS_v1.0_labelled/images/CIMMYT/IMG_0719.png,/icislab/volume3/benderick/futurama/gwfss25/GWFSS/GWFSS_v1.0_labelled/class_id/CIMMYT/IMG_0719.png,512,512,0.39119842648506165,0.2670970857143402,-0.0008110041380859911,9.499187210999017,84.27047729492188,10.902786254882812,0.8358001708984375,3.990936279296875,16.0,0.514984130859375,0.45641259698767683,14.814814814814815,16.095890410958905,135,1,2
CIMMYT,Source train,/icislab/volume3/benderick/futurama/gwfss25/GWFSS/GWFSS_v1.0_labelled/images/CIMMYT/IMG_0721.png,/icislab/volume3/benderick/futurama/gwfss25/GWFSS/GWFSS_v1.0_labelled/class_id/CIMMYT/IMG_0721.png,512,512,0.5237478613853455,0.2698923945426941,-0.020379461348056793,8.053360117411845,18.687057495117188,20.736312866210938,15.382766723632812,45.19386291503906,18.0,7.904052734375,0.2231866088034718,13.03088803088803,81.61057692307692,2072,9,27
CIMMYT,Source train,/icislab/volume3/benderick/futurama/gwfss25/GWFSS/GWFSS_v1.0_labelled/images/CIMMYT/IMG_0722.png,/icislab/volume3/benderick/futurama/gwfss25/GWFSS/GWFSS_v1.0_labelled/class_id/CIMMYT/IMG_0722.png,512,512,0.5058873891830444,0.2714293599128723,0.013220036402344704,7.670721430732143,67.74749755859375,28.382492065429688,0.9143829345703125,2.95562744140625,12.165525060596439,0.72479248046875,1.668752607425949,47.36842105263158,0.0,190,4,9
CIMMYT,Source train,/icislab/volume3/benderick/futurama/gwfss25/GWFSS/GWFSS_v1.0_labelled/images/CIMMYT/IMG_0723.png,/icislab/volume3/benderick/futurama/gwfss25/GWFSS/GWFSS_v1.0_labelled/class_id/CIMMYT/IMG_0723.png,512,512,0.4657578468322754,0.2572823166847229,-0.006736217997968197,8.378168340044317,79.58183288574219,4.3376922607421875,3.1803131103515625,12.900161743164062,10.770329614269007,2.49481201171875,0.47978889288712967,13.761467889908257,20.71005917159763,654,4,9
CIMMYT,Source train,/icislab/volume3/benderick/futurama/gwfss25/GWFSS/GWFSS_v1.0_labelled/images/CIMMYT/IMG_0724.png,/icislab/volume3/benderick/futurama/gwfss25/GWFSS/GWFSS_v1.0_labelled/class_id/CIMMYT/IMG_0724.png,512,512,0.49430471658706665,0.2851816713809967,0.0583556666970253,11.523187877411003,92.94548034667969,6.09130859375,0.0,0.9632110595703125,,0.0,,,,0,0,0
CIMMYT,Source train,/icislab/volume3/benderick/futurama/gwfss25/GWFSS/GWFSS_v1.0_labelled/images/CIMMYT/IMG_0725.png,/icislab/volume3/benderick/futurama/gwfss25/GWFSS/GWFSS_v1.0_labelled/class_id/CIMMYT/IMG_0725.png,512,512,0.3900620639324188,0.2819954752922058,-0.02611362189054489,7.3493640354188745,34.50164794921875,16.959381103515625,4.186248779296875,44.35272216796875,13.416407864998739,2.765655517578125,0.6378713322398396,20.689655172413794,47.409326424870464,725,7,15
CIMMYT,Source train,/icislab/volume3/benderick/futurama/gwfss25/GWFSS/GWFSS_v1.0_labelled/images/CIMMYT/IMG_0726.png,/icislab/volume3/benderick/futurama/gwfss25/GWFSS/GWFSS_v1.0_labelled/class_id/CIMMYT/IMG_0726.png,512,512,0.38835522532463074,0.254204124212265,-0.02898332290351391,7.361649345131455,14.587783813476562,25.66070556640625,8.269500732421875,51.48200988769531,10.770329614269007,6.87408447265625,0.6919457514530861,25.527192008879023,64.99859432105707,1802,15,46
CIMMYT,Source train,/icislab/volume3/benderick/futurama/gwfss25/GWFSS/GWFSS_v1.0_labelled/images/CIMMYT/IMG_1755.png,/icislab/volume3/benderick/futurama/gwfss25/GWFSS/GWFSS_v1.0_labelled/class_id/CIMMYT/IMG_1755.png,512,512,0.40298891067504883,0.22469627857208252,0.10940071940422058,10.534456267189885,6.781768798828125,7.6534271240234375,2.3876190185546875,83.17718505859375,8.0,2.635955810546875,2.396548969483943,49.204052098408106,96.39519359145527,691,15,34
CIMMYT,Source train,/icislab/volume3/benderick/futurama/gwfss25/GWFSS/GWFSS_v1.0_labelled/images/CIMMYT/IMG_1756.png,/icislab/volume3/benderick/futurama/gwfss25/GWFSS/GWFSS_v1.0_labelled/class_id/CIMMYT/IMG_1756.png,512,512,0.4186632037162781,0.2512362003326416,0.08533216267824173,12.41753721737785,28.35235595703125,4.638671875,2.0656585693359375,64.94331359863281,8.0,1.934051513671875,3.8781163434903045,92.70216962524655,78.11745776347546,507,21,47
CIMMYT,Source train,/icislab/volume3/benderick/futurama/gwfss25/GWFSS/GWFSS_v1.0_labelled/images/CIMMYT/IMG_1757.png,/icislab/volume3/benderick/futurama/gwfss25/GWFSS/GWFSS_v1.0_labelled/class_id/CIMMYT/IMG_1757.png,512,512,0.3931373059749603,0.2206859290599823,0.14002501964569092,9.169217769245165,11.293411254882812,7.6564788818359375,3.356170654296875,77.69393920898438,10.770329614269007,2.78472900390625,1.4776085473971357,47.945205479452056,91.29606099110546,730,13,35
CIMMYT,Source train,/icislab/volume3/benderick/futurama/gwfss25/GWFSS/GWFSS_v1.0_labelled/images/CIMMYT/IMG_1758.png,/icislab/volume3/benderick/futurama/gwfss25/GWFSS/GWFSS_v1.0_labelled/class_id/CIMMYT/IMG_1758.png,512,512,0.4042355418205261,0.23457486927509308,0.12970709800720215,10.543053069452357,28.335952758789062,4.2675018310546875,1.515960693359375,65.88058471679688,10.770329614269007,1.22833251953125,1.7614494212380474,49.68944099378882,77.71428571428571,322,7,16
CIMMYT,Source train,/icislab/volume3/benderick/futurama/gwfss25/GWFSS/GWFSS_v1.0_labelled/images/CIMMYT/IMG_1759.png,/icislab/volume3/benderick/futurama/gwfss25/GWFSS/GWFSS_v1.0_labelled/class_id/CIMMYT/IMG_1759.png,512,512,0.3773948550224304,0.23765037953853607,0.09930344671010971,15.26317314295858,100.0,0.0,0.0,0.0,,0.0,,,,0,0,0
CIMMYT,Source train,/icislab/volume3/benderick/futurama/gwfss25/GWFSS/GWFSS_v1.0_labelled/images/CIMMYT/IMG_1760.png,/icislab/volume3/benderick/futurama/gwfss25/GWFSS/GWFSS_v1.0_labelled/class_id/CIMMYT/IMG_1760.png,512,512,0.3963087201118469,0.27389979362487793,0.023975029587745667,10.78867090352851,88.68865966796875,0.0,0.0,11.31134033203125,,0.0,,,,0,0,0
CIMMYT,Source train,/icislab/volume3/benderick/futurama/gwfss25/GWFSS/GWFSS_v1.0_labelled/images/CIMMYT/IMG_1761.png,/icislab/volume3/benderick/futurama/gwfss25/GWFSS/GWFSS_v1.0_labelled/class_id/CIMMYT/IMG_1761.png,512,512,0.33565568923950195,0.25043946504592896,0.123261958360672,8.998302485246088,4.54559326171875,11.305999755859375,2.307891845703125,81.84051513671875,10.0,2.033233642578125,1.322314049586777,41.27579737335835,96.58194566170026,533,8,22
CIMMYT,Source train,/icislab/volume3/benderick/futurama/gwfss25/GWFSS/GWFSS_v1.0_labelled/images/CIMMYT/IMG_1762.png,/icislab/volume3/benderick/futurama/gwfss25/GWFSS/GWFSS_v1.0_labelled/class_id/CIMMYT/IMG_1762.png,512,512,0.2782580554485321,0.244675874710083,0.039884261786937714,9.752735251509288,4.7435760498046875,3.9737701416015625,1.93634033203125,89.3463134765625,10.0,1.76239013671875,1.9700551615445232,51.94805194805195,93.33333333333333,462,10,24
CIMMYT,Source train,/icislab/volume3/benderick/futurama/gwfss25/GWFSS/GWFSS_v1.0_labelled/images/CIMMYT/IMG_1763.png,/icislab/volume3/benderick/futurama/gwfss25/GWFSS/GWFSS_v1.0_labelled/class_id/CIMMYT/IMG_1763.png,512,512,0.3697209358215332,0.2560723125934601,0.05001193657517433,10.246985249980918,9.872817993164062,5.41534423828125,0.923919677734375,83.78791809082031,8.94427190999916,0.934600830078125,2.477291494632535,53.06122448979592,96.30996309963099,245,6,13
CIMMYT,Source train,/icislab/volume3/benderick/futurama/gwfss25/GWFSS/GWFSS_v1.0_labelled/images/CIMMYT/IMG_1764.png,/icislab/volume3/benderick/futurama/gwfss25/GWFSS/GWFSS_v1.0_labelled/class_id/CIMMYT/IMG_1764.png,512,512,0.40725865960121155,0.26538798213005066,0.016130510717630386,11.044510759646737,3.903961181640625,3.6655426025390625,1.98211669921875,90.44837951660156,10.0,1.8157958984375,1.924557351809084,48.319327731092436,93.15738025415445,476,10,23
CIMMYT,Source train,/icislab/volume3/benderick/futurama/gwfss25/GWFSS/GWFSS_v1.0_labelled/images/CIMMYT/IMG_1765.png,/icislab/volume3/benderick/futurama/gwfss25/GWFSS/GWFSS_v1.0_labelled/class_id/CIMMYT/IMG_1765.png,512,512,0.4320189952850342,0.2724115252494812,0.0320013165473938,10.828728040036207,4.8168182373046875,6.55670166015625,1.224517822265625,87.40196228027344,10.0,0.934600830078125,2.1806853582554515,61.224489795918366,93.8566552901024,245,7,15
CIMMYT,Source train,/icislab/volume3/benderick/futurama/gwfss25/GWFSS/GWFSS_v1.0_labelled/images/CIMMYT/IMG_1766.png,/icislab/volume3/benderick/futurama/gwfss25/GWFSS/GWFSS_v1.0_labelled/class_id/CIMMYT/IMG_1766.png,512,512,0.3628173768520355,0.25044530630111694,0.02594706229865551,10.396183438103307,7.714080810546875,2.881622314453125,2.3357391357421875,87.06855773925781,10.0,2.155303955078125,1.1432304425934998,33.6283185840708,90.10791366906474,565,7,19
CIMMYT,Source train,/icislab/volume3/benderick/futurama/gwfss25/GWFSS/GWFSS_v1.0_labelled/images/CIMMYT/IMG_1767.png,/icislab/volume3/benderick/futurama/gwfss25/GWFSS/GWFSS_v1.0_labelled/class_id/CIMMYT/IMG_1767.png,512,512,0.34140074253082275,0.2624415457248688,0.008880704641342163,9.969724250337315,18.214035034179688,3.6731719970703125,0.7129669189453125,77.39982604980469,10.0,0.637054443359375,1.0700909577314073,23.952095808383234,89.70189701897019,167,2,4
CIMMYT,Source train,/icislab/volume3/benderick/futurama/gwfss25/GWFSS/GWFSS_v1.0_labelled/images/CIMMYT/IMG_1768.png,/icislab/volume3/benderick/futurama/gwfss25/GWFSS/GWFSS_v1.0_labelled/class_id/CIMMYT/IMG_1768.png,512,512,0.40967342257499695,0.25303515791893005,0.041261497884988785,12.150673160317725,4.9625396728515625,7.65533447265625,2.04010009765625,85.34202575683594,10.770329614269007,1.82342529296875,1.6828721017202692,50.2092050209205,98.2086406743941,478,9,24
CIMMYT,Source train,/icislab/volume3/benderick/futurama/gwfss25/GWFSS/GWFSS_v1.0_labelled/images/CIMMYT/IMG_1769.png,/icislab/volume3/benderick/futurama/gwfss25/GWFSS/GWFSS_v1.0_labelled/class_id/CIMMYT/IMG_1769.png,512,512,0.40120574831962585,0.257366418838501,0.05168028920888901,10.990605970567598,11.650848388671875,3.466033935546875,2.7008056640625,82.18231201171875,10.0,2.471923828125,1.5536723163841808,37.03703703703704,77.51265365148228,648,11,24
CIMMYT,Source train,/icislab/volume3/benderick/futurama/gwfss25/GWFSS/GWFSS_v1.0_labelled/images/CIMMYT/IMG_1770.png,/icislab/volume3/benderick/futurama/gwfss25/GWFSS/GWFSS_v1.0_labelled/class_id/CIMMYT/IMG_1770.png,512,512,0.39785078167915344,0.2732285261154175,0.03363197296857834,11.001428072956003,2.3181915283203125,7.83843994140625,1.7330169677734375,88.1103515625,10.0,1.697540283203125,1.7609509134932864,42.69662921348315,95.51760939167556,445,8,19
CIMMYT,Source train,/icislab/volume3/benderick/futurama/gwfss25/GWFSS/GWFSS_v1.0_labelled/images/CIMMYT/IMG_1771.png,/icislab/volume3/benderick/futurama/gwfss25/GWFSS/GWFSS_v1.0_labelled/class_id/CIMMYT/IMG_1771.png,512,512,0.347901850938797,0.258383184671402,0.03267413377761841,9.840521945242873,12.177658081054688,5.615234375,0.7732391357421875,81.43386840820312,12.0,0.568389892578125,1.973359644795264,53.691275167785236,86.36363636363636,149,4,8
CIMMYT,Source train,/icislab/volume3/benderick/futurama/gwfss25/GWFSS/GWFSS_v1.0_labelled/images/CIMMYT/IMG_1772.png,/icislab/volume3/benderick/futurama/gwfss25/GWFSS/GWFSS_v1.0_labelled/class_id/CIMMYT/IMG_1772.png,512,512,0.413377046585083,0.2637925446033478,0.050675466656684875,10.574407950520735,3.601837158203125,7.6457977294921875,2.32696533203125,86.42539978027344,10.0,2.13623046875,2.622950819672131,62.5,92.62672811059907,560,16,35
CIMMYT,Source train,/icislab/volume3/benderick/futurama/gwfss25/GWFSS/GWFSS_v1.0_labelled/images/CIMMYT/IMG_1773.png,/icislab/volume3/benderick/futurama/gwfss25/GWFSS/GWFSS_v1.0_labelled/class_id/CIMMYT/IMG_1773.png,512,512,0.42011308670043945,0.2604961395263672,0.061841435730457306,10.471425154384521,14.447021484375,8.047866821289062,2.8118133544921875,74.69329833984375,10.0,2.3651123046875,1.899335232668566,56.45161290322581,83.75451263537906,620,14,35
CIMMYT,Source train,/icislab/volume3/benderick/futurama/gwfss25/GWFSS/GWFSS_v1.0_labelled/images/CIMMYT/IMG_1774.png,/icislab/volume3/benderick/futurama/gwfss25/GWFSS/GWFSS_v1.0_labelled/class_id/CIMMYT/IMG_1774.png,512,512,0.37352126836776733,0.2641981542110443,0.1110096126794815,7.852580579795224,12.226486206054688,6.988525390625,3.1864166259765625,77.59857177734375,10.770329614269007,2.590179443359375,1.0774572010056267,32.40058910162003,90.20547945205479,679,9,22
CIMMYT,Source train,/icislab/volume3/benderick/futurama/gwfss25/GWFSS/GWFSS_v1.0_labelled/images/CIMMYT/IMG_1777.png,/icislab/volume3/benderick/futurama/gwfss25/GWFSS/GWFSS_v1.0_labelled/class_id/CIMMYT/IMG_1777.png,512,512,0.452153742313385,0.25633707642555237,0.14259584248065948,10.771348468881397,20.706939697265625,7.3699951171875,1.8848419189453125,70.03822326660156,10.0,1.6021728515625,2.0238818053025702,52.38095238095238,90.48582995951416,420,10,22
CIMMYT,Source train,/icislab/volume3/benderick/futurama/gwfss25/GWFSS/GWFSS_v1.0_labelled/images/CIMMYT/IMG_1778.png,/icislab/volume3/benderick/futurama/gwfss25/GWFSS/GWFSS_v1.0_labelled/class_id/CIMMYT/IMG_1778.png,512,512,0.37720581889152527,0.26846587657928467,0.09443926811218262,10.23808718259232,7.9235076904296875,7.3123931884765625,2.8942108154296875,81.86988830566406,10.770329614269007,2.231597900390625,1.0544352181362857,32.47863247863248,76.97568389057751,585,8,19
CIMMYT,Source train,/icislab/volume3/benderick/futurama/gwfss25/GWFSS/GWFSS_v1.0_labelled/images/CIMMYT/IMG_1780.png,/icislab/volume3/benderick/futurama/gwfss25/GWFSS/GWFSS_v1.0_labelled/class_id/CIMMYT/IMG_1780.png,512,512,0.36925366520881653,0.26215702295303345,0.0423613004386425,10.052293335581707,5.33294677734375,9.740447998046875,1.1280059814453125,83.79859924316406,10.770329614269007,0.83160400390625,2.705444707473791,91.74311926605505,83.88214904679376,218,8,20
CIMMYT,Source train,/icislab/volume3/benderick/futurama/gwfss25/GWFSS/GWFSS_v1.0_labelled/images/CIMMYT/IMG_1781.png,/icislab/volume3/benderick/futurama/gwfss25/GWFSS/GWFSS_v1.0_labelled/class_id/CIMMYT/IMG_1781.png,512,512,0.46228575706481934,0.27083534002304077,0.062319494783878326,11.104046407692966,2.4181365966796875,9.483718872070312,4.8305511474609375,83.26759338378906,10.198039027185569,4.058837890625,1.658374792703151,47.932330827067666,94.54624781849913,1064,21,51
CIMMYT,Source train,/icislab/volume3/benderick/futurama/gwfss25/GWFSS/GWFSS_v1.0_labelled/images/CIMMYT/IMG_1783.png,/icislab/volume3/benderick/futurama/gwfss25/GWFSS/GWFSS_v1.0_labelled/class_id/CIMMYT/IMG_1783.png,512,512,0.4821419417858124,0.27596592903137207,0.059543851763010025,11.837770945737994,6.0939788818359375,7.1102142333984375,2.4677276611328125,84.32807922363281,10.0,2.101898193359375,2.6279177616324008,72.59528130671507,93.36931380107941,551,17,40
CIMMYT,Source train,/icislab/volume3/benderick/futurama/gwfss25/GWFSS/GWFSS_v1.0_labelled/images/CIMMYT/IMG_1860.png,/icislab/volume3/benderick/futurama/gwfss25/GWFSS/GWFSS_v1.0_labelled/class_id/CIMMYT/IMG_1860.png,512,512,0.39408284425735474,0.2647651135921478,0.03170103207230568,11.347694443629246,5.22613525390625,10.77880859375,2.747344970703125,81.24771118164062,10.0,2.4566650390625,1.6662038322688142,48.13664596273292,93.45650500384912,644,12,31
CIMMYT,Source train,/icislab/volume3/benderick/futurama/gwfss25/GWFSS/GWFSS_v1.0_labelled/images/CIMMYT/IMG_1861.png,/icislab/volume3/benderick/futurama/gwfss25/GWFSS/GWFSS_v1.0_labelled/class_id/CIMMYT/IMG_1861.png,512,512,0.42736122012138367,0.28993624448776245,0.049568045884370804,10.977219024883773,10.539627075195312,12.233734130859375,2.794647216796875,74.43199157714844,12.0,2.239227294921875,1.365001365001365,47.700170357751276,94.29477020602219,587,10,28
CIMMYT,Source train,/icislab/volume3/benderick/futurama/gwfss25/GWFSS/GWFSS_v1.0_labelled/images/CIMMYT/IMG_1862.png,/icislab/volume3/benderick/futurama/gwfss25/GWFSS/GWFSS_v1.0_labelled/class_id/CIMMYT/IMG_1862.png,512,512,0.35871589183807373,0.26197549700737,0.02965182065963745,11.090369716655509,6.29425048828125,9.170913696289062,1.2447357177734375,83.29010009765625,10.0,1.03759765625,1.8387986515476555,44.11764705882353,92.21854304635761,272,6,12
CIMMYT,Source train,/icislab/volume3/benderick/futurama/gwfss25/GWFSS/GWFSS_v1.0_labelled/images/CIMMYT/IMG_1864.png,/icislab/volume3/benderick/futurama/gwfss25/GWFSS/GWFSS_v1.0_labelled/class_id/CIMMYT/IMG_1864.png,512,512,0.2907087802886963,0.24094946682453156,-0.0016262278659269214,10.756388340267545,7.843017578125,3.8806915283203125,0.499725341796875,87.77656555175781,8.94427190999916,0.45013427734375,3.053435114503817,76.27118644067797,96.66666666666667,118,4,9
CIMMYT,Source train,/icislab/volume3/benderick/futurama/gwfss25/GWFSS/GWFSS_v1.0_labelled/images/CIMMYT/IMG_1865.png,/icislab/volume3/benderick/futurama/gwfss25/GWFSS/GWFSS_v1.0_labelled/class_id/CIMMYT/IMG_1865.png,512,512,0.3796396255493164,0.27612534165382385,0.03537428379058838,11.72948654830153,16.956329345703125,10.140609741210938,3.77655029296875,69.12651062011719,12.0,2.7923583984375,1.0101010101010102,31.420765027322403,85.68714376187461,732,10,23
CIMMYT,Source train,/icislab/volume3/benderick/futurama/gwfss25/GWFSS/GWFSS_v1.0_labelled/images/CIMMYT/IMG_1867.png,/icislab/volume3/benderick/futurama/gwfss25/GWFSS/GWFSS_v1.0_labelled/class_id/CIMMYT/IMG_1867.png,512,512,0.39803868532180786,0.2842904031276703,0.028468172997236252,10.94525696833474,16.434860229492188,12.8509521484375,3.423309326171875,67.29087829589844,11.313708498984761,2.8228759765625,1.4486293737463785,48.648648648648646,90.37990196078431,740,13,36
CIMMYT,Source train,/icislab/volume3/benderick/futurama/gwfss25/GWFSS/GWFSS_v1.0_labelled/images/CIMMYT/IMG_1868.png,/icislab/volume3/benderick/futurama/gwfss25/GWFSS/GWFSS_v1.0_labelled/class_id/CIMMYT/IMG_1868.png,512,512,0.42277008295059204,0.28314462304115295,0.040626898407936096,11.059142705782772,10.966873168945312,10.203170776367188,3.89556884765625,74.93438720703125,10.770329614269007,3.51715087890625,1.27301214257736,35.79175704989154,94.01353461738678,922,13,33
CIMMYT,Source train,/icislab/volume3/benderick/futurama/gwfss25/GWFSS/GWFSS_v1.0_labelled/images/CIMMYT/IMG_1869.png,/icislab/volume3/benderick/futurama/gwfss25/GWFSS/GWFSS_v1.0_labelled/class_id/CIMMYT/IMG_1869.png,512,512,0.40750521421432495,0.2718982696533203,0.06435628235340118,10.255918332856604,6.0245513916015625,15.192794799804688,4.06341552734375,74.71923828125,11.313708498984761,3.23486328125,1.3143071723619977,41.27358490566038,93.52750809061489,848,14,35
CIMMYT,Source train,/icislab/volume3/benderick/futurama/gwfss25/GWFSS/GWFSS_v1.0_labelled/images/CIMMYT/IMG_2761.png,/icislab/volume3/benderick/futurama/gwfss25/GWFSS/GWFSS_v1.0_labelled/class_id/CIMMYT/IMG_2761.png,512,512,0.42985790967941284,0.22058887779712677,-0.004206561949104071,8.820783608428847,11.580657958984375,6.407928466796875,2.1820068359375,79.82940673828125,11.661903789690601,1.613616943359375,1.3986013986013985,47.28132387706856,91.18942731277534,423,8,20
CIMMYT,Source train,/icislab/volume3/benderick/futurama/gwfss25/GWFSS/GWFSS_v1.0_labelled/images/CIMMYT/IMG_2762.png,/icislab/volume3/benderick/futurama/gwfss25/GWFSS/GWFSS_v1.0_labelled/class_id/CIMMYT/IMG_2762.png,512,512,0.3788616955280304,0.2311425805091858,-0.007494247052818537,9.036635164013523,35.61973571777344,8.681488037109375,2.667236328125,53.03153991699219,11.661903789690601,2.18963623046875,0.8581235697940504,33.10104529616725,33.81849315068493,574,6,19
CIMMYT,Source train,/icislab/volume3/benderick/futurama/gwfss25/GWFSS/GWFSS_v1.0_labelled/images/CIMMYT/IMG_2763.png,/icislab/volume3/benderick/futurama/gwfss25/GWFSS/GWFSS_v1.0_labelled/class_id/CIMMYT/IMG_2763.png,512,512,0.4247319996356964,0.2159135341644287,-0.003435679478570819,8.6007390116845,5.806732177734375,9.320068359375,3.6258697509765625,81.24732971191406,10.198039027185569,2.872467041015625,1.0520778537611783,29.216467463479415,94.2319749216301,753,10,22
CIMMYT,Source train,/icislab/volume3/benderick/futurama/gwfss25/GWFSS/GWFSS_v1.0_labelled/images/CIMMYT/IMG_2764.png,/icislab/volume3/benderick/futurama/gwfss25/GWFSS/GWFSS_v1.0_labelled/class_id/CIMMYT/IMG_2764.png,512,512,0.38640540838241577,0.20577727258205414,0.11680091172456741,13.356249016286469,90.40489196777344,2.9083251953125,0.0,6.6867828369140625,,0.0,,,,0,0,0
CIMMYT,Source train,/icislab/volume3/benderick/futurama/gwfss25/GWFSS/GWFSS_v1.0_labelled/images/CIMMYT/IMG_2766.png,/icislab/volume3/benderick/futurama/gwfss25/GWFSS/GWFSS_v1.0_labelled/class_id/CIMMYT/IMG_2766.png,512,512,0.46208661794662476,0.2137908935546875,-0.0008742077625356615,7.54011919886371,7.1338653564453125,14.875411987304688,1.91192626953125,76.07879638671875,13.416407864998739,1.47247314453125,0.39904229848363926,15.544041450777202,93.36941813261164,386,2,6
CIMMYT,Source train,/icislab/volume3/benderick/futurama/gwfss25/GWFSS/GWFSS_v1.0_labelled/images/CIMMYT/IMG_2767.png,/icislab/volume3/benderick/futurama/gwfss25/GWFSS/GWFSS_v1.0_labelled/class_id/CIMMYT/IMG_2767.png,512,512,0.42575374245643616,0.19708092510700226,-0.01130461972206831,7.70273773339135,6.949615478515625,6.1550140380859375,2.0111083984375,84.88426208496094,15.231546211727817,1.041412353515625,0.5690440060698028,25.641025641025642,93.71980676328502,273,3,7
CIMMYT,Source train,/icislab/volume3/benderick/futurama/gwfss25/GWFSS/GWFSS_v1.0_labelled/images/CIMMYT/IMG_2768.png,/icislab/volume3/benderick/futurama/gwfss25/GWFSS/GWFSS_v1.0_labelled/class_id/CIMMYT/IMG_2768.png,512,512,0.4409703314304352,0.18879303336143494,0.02230408787727356,6.925729418030907,29.132461547851562,17.140960693359375,0.6252288818359375,53.101348876953125,17.08800749063506,0.32806396484375,0.6101281269066504,23.25581395348837,95.1219512195122,86,1,2
CIMMYT,Source train,/icislab/volume3/benderick/futurama/gwfss25/GWFSS/GWFSS_v1.0_labelled/images/CIMMYT/IMG_2769.png,/icislab/volume3/benderick/futurama/gwfss25/GWFSS/GWFSS_v1.0_labelled/class_id/CIMMYT/IMG_2769.png,512,512,0.44563671946525574,0.20742455124855042,0.0007236120291054249,7.8450504932516205,37.73612976074219,9.956741333007812,2.2617340087890625,50.04539489746094,10.0,1.97601318359375,2.023950075898128,50.19305019305019,55.82398619499568,518,12,26
CIMMYT,Source train,/icislab/volume3/benderick/futurama/gwfss25/GWFSS/GWFSS_v1.0_labelled/images/CIMMYT/IMG_2770.png,/icislab/volume3/benderick/futurama/gwfss25/GWFSS/GWFSS_v1.0_labelled/class_id/CIMMYT/IMG_2770.png,512,512,0.4701788127422333,0.21081720292568207,0.005961730610579252,6.857593918424709,6.653594970703125,23.028564453125,1.8039703369140625,68.51387023925781,13.416407864998739,1.251220703125,0.4229223937407486,18.29268292682927,95.40581929555896,328,2,6
CIMMYT,Source train,/icislab/volume3/benderick/futurama/gwfss25/GWFSS/GWFSS_v1.0_labelled/images/CIMMYT/IMG_2931.png,/icislab/volume3/benderick/futurama/gwfss25/GWFSS/GWFSS_v1.0_labelled/class_id/CIMMYT/IMG_2931.png,512,512,0.439431369304657,0.29777029156684875,-0.02426162362098694,8.044630100202664,10.02349853515625,22.874069213867188,8.441162109375,58.66127014160156,11.661903789690601,6.561279296875,0.4067245119305857,18.023255813953487,91.63265306122449,1720,9,31
CIMMYT,Source train,/icislab/volume3/benderick/futurama/gwfss25/GWFSS/GWFSS_v1.0_labelled/images/CIMMYT/IMG_2932.png,/icislab/volume3/benderick/futurama/gwfss25/GWFSS/GWFSS_v1.0_labelled/class_id/CIMMYT/IMG_2932.png,512,512,0.4671119451522827,0.29297155141830444,-0.015654291957616806,7.8167986801339415,21.782302856445312,17.56134033203125,13.241195678710938,47.4151611328125,14.422205101855956,9.05609130859375,0.20166517818558957,13.058129738837405,67.1967287596547,2374,7,31
CIMMYT,Source train,/icislab/volume3/benderick/futurama/gwfss25/GWFSS/GWFSS_v1.0_labelled/images/CIMMYT/IMG_2933.png,/icislab/volume3/benderick/futurama/gwfss25/GWFSS/GWFSS_v1.0_labelled/class_id/CIMMYT/IMG_2933.png,512,512,0.4213115870952606,0.29799461364746094,-0.022732697427272797,8.091261887368812,18.29833984375,17.1630859375,6.0100555419921875,58.52851867675781,11.313708498984761,4.3792724609375,0.44430339574738176,17.421602787456447,79.51807228915662,1148,7,20
CIMMYT,Source train,/icislab/volume3/benderick/futurama/gwfss25/GWFSS/GWFSS_v1.0_labelled/images/CIMMYT/IMG_2934.png,/icislab/volume3/benderick/futurama/gwfss25/GWFSS/GWFSS_v1.0_labelled/class_id/CIMMYT/IMG_2934.png,512,512,0.45590993762016296,0.257807195186615,0.004339645151048899,7.260157881883512,27.038955688476562,18.227005004882812,4.694366455078125,50.0396728515625,11.661903789690601,3.8604736328125,0.5688282138794084,20.75098814229249,55.584965590259394,1012,7,21
CIMMYT,Source train,/icislab/volume3/benderick/futurama/gwfss25/GWFSS/GWFSS_v1.0_labelled/images/CIMMYT/IMG_2937.png,/icislab/volume3/benderick/futurama/gwfss25/GWFSS/GWFSS_v1.0_labelled/class_id/CIMMYT/IMG_2937.png,512,512,0.4463482201099396,0.30287447571754456,-0.005521707236766815,7.80595212616331,18.109893798828125,3.7700653076171875,28.269195556640625,49.85084533691406,12.0,22.296905517578125,0.14843602407362427,14.37125748502994,68.7248322147651,5845,11,84
CIMMYT,Source train,/icislab/volume3/benderick/futurama/gwfss25/GWFSS/GWFSS_v1.0_labelled/images/CIMMYT/IMG_2940.png,/icislab/volume3/benderick/futurama/gwfss25/GWFSS/GWFSS_v1.0_labelled/class_id/CIMMYT/IMG_2940.png,512,512,0.555679976940155,0.26059088110923767,0.007102906703948975,8.367696472348713,5.912017822265625,0.665283203125,20.410537719726562,73.01216125488281,13.416407864998739,13.9007568359375,0.16820857863751051,11.525795828759605,93.718671679198,3644,9,42
CIMMYT,Source train,/icislab/volume3/benderick/futurama/gwfss25/GWFSS/GWFSS_v1.0_labelled/images/CIMMYT/IMG_2959.png,/icislab/volume3/benderick/futurama/gwfss25/GWFSS/GWFSS_v1.0_labelled/class_id/CIMMYT/IMG_2959.png,512,512,0.516682505607605,0.202828511595726,0.014443987049162388,7.065368003020849,3.38134765625,16.466522216796875,3.74298095703125,76.40914916992188,10.198039027185569,3.19671630859375,0.40766408479412963,17.899761336515514,92.42979242979243,838,4,15
CIMMYT,Source train,/icislab/volume3/benderick/futurama/gwfss25/GWFSS/GWFSS_v1.0_labelled/images/CIMMYT/IMG_2963.png,/icislab/volume3/benderick/futurama/gwfss25/GWFSS/GWFSS_v1.0_labelled/class_id/CIMMYT/IMG_2963.png,512,512,0.4248282313346863,0.20205509662628174,0.01925341971218586,9.065107123013755,31.153106689453125,12.87689208984375,2.9552459716796875,53.01475524902344,10.0,2.6702880859375,1.1617400283980897,34.285714285714285,64.39339554917444,700,9,24
CIMMYT,Source train,/icislab/volume3/benderick/futurama/gwfss25/GWFSS/GWFSS_v1.0_labelled/images/CIMMYT/IMG_2964.png,/icislab/volume3/benderick/futurama/gwfss25/GWFSS/GWFSS_v1.0_labelled/class_id/CIMMYT/IMG_2964.png,512,512,0.3944362699985504,0.22576507925987244,0.10880609601736069,9.295454378070705,90.09056091308594,7.24945068359375,0.0,2.6599884033203125,,0.0,,,,0,0,0
CIMMYT,Source train,/icislab/volume3/benderick/futurama/gwfss25/GWFSS/GWFSS_v1.0_labelled/images/CIMMYT/IMG_2965.png,/icislab/volume3/benderick/futurama/gwfss25/GWFSS/GWFSS_v1.0_labelled/class_id/CIMMYT/IMG_2965.png,512,512,0.4740058183670044,0.18241451680660248,0.003240742953494191,6.8553312589173,4.860687255859375,21.120452880859375,1.6544342041015625,72.36442565917969,12.649110640673518,1.1444091796875,1.1528706479133042,33.333333333333336,92.69406392694064,300,5,10
CIMMYT,Source train,/icislab/volume3/benderick/futurama/gwfss25/GWFSS/GWFSS_v1.0_labelled/images/CIMMYT/IMG_2966.png,/icislab/volume3/benderick/futurama/gwfss25/GWFSS/GWFSS_v1.0_labelled/class_id/CIMMYT/IMG_2966.png,512,512,0.43799278140068054,0.19104403257369995,0.0061822496354579926,7.045992225961339,7.5252532958984375,13.317108154296875,3.1536102294921875,76.0040283203125,10.770329614269007,2.872467041015625,0.36288859320188704,10.624169986719787,90.54520358868184,753,3,8
CIMMYT,Source train,/icislab/volume3/benderick/futurama/gwfss25/GWFSS/GWFSS_v1.0_labelled/images/CIMMYT/IMG_2968.png,/icislab/volume3/benderick/futurama/gwfss25/GWFSS/GWFSS_v1.0_labelled/class_id/CIMMYT/IMG_2968.png,512,512,0.4580758810043335,0.20185616612434387,0.028403714299201965,9.13929489315977,15.221786499023438,16.042327880859375,3.533935546875,65.20195007324219,12.649110640673518,2.35748291015625,0.8635578583765112,30.74433656957929,93.88646288209607,618,8,19
CIMMYT,Source train,/icislab/volume3/benderick/futurama/gwfss25/GWFSS/GWFSS_v1.0_labelled/images/CIMMYT/IMG_3423.png,/icislab/volume3/benderick/futurama/gwfss25/GWFSS/GWFSS_v1.0_labelled/class_id/CIMMYT/IMG_3423.png,512,512,0.542093813419342,0.1963174045085907,0.04022693261504173,7.736173331183067,9.392166137695312,16.570663452148438,5.118560791015625,68.91860961914062,10.0,4.78363037109375,0.5216872857355791,22.328548644338117,95.94017094017094,1254,7,28
CIMMYT,Source train,/icislab/volume3/benderick/futurama/gwfss25/GWFSS/GWFSS_v1.0_labelled/images/CIMMYT/IMG_3424.png,/icislab/volume3/benderick/futurama/gwfss25/GWFSS/GWFSS_v1.0_labelled/class_id/CIMMYT/IMG_3424.png,512,512,0.530174732208252,0.2063056379556656,0.007719200104475021,7.12445859422344,47.83515930175781,22.319412231445312,4.1362762451171875,25.709152221679688,12.0,2.8533935546875,0.8300285898736512,28.074866310160427,32.01183431952663,748,9,21
CIMMYT,Source train,/icislab/volume3/benderick/futurama/gwfss25/GWFSS/GWFSS_v1.0_labelled/images/CIMMYT/IMG_3425.png,/icislab/volume3/benderick/futurama/gwfss25/GWFSS/GWFSS_v1.0_labelled/class_id/CIMMYT/IMG_3425.png,512,512,0.4843599498271942,0.203987717628479,0.0028907814994454384,8.113584761098343,6.145477294921875,17.837905883789062,2.5913238525390625,73.42529296875,10.770329614269007,1.842498779296875,1.0304725452671868,35.196687370600415,93.28214971209214,483,7,17
CIMMYT,Source train,/icislab/volume3/benderick/futurama/gwfss25/GWFSS/GWFSS_v1.0_labelled/images/CIMMYT/IMG_3427.png,/icislab/volume3/benderick/futurama/gwfss25/GWFSS/GWFSS_v1.0_labelled/class_id/CIMMYT/IMG_3427.png,512,512,0.5266525745391846,0.23015715181827545,0.013777879998087883,8.41980251343658,4.0737152099609375,21.76971435546875,3.5190582275390625,70.63751220703125,13.416407864998739,2.40325927734375,0.5420054200542005,20.634920634920636,91.02773246329527,630,5,13
CIMMYT,Source train,/icislab/volume3/benderick/futurama/gwfss25/GWFSS/GWFSS_v1.0_labelled/images/CIMMYT/IMG_3428.png,/icislab/volume3/benderick/futurama/gwfss25/GWFSS/GWFSS_v1.0_labelled/class_id/CIMMYT/IMG_3428.png,512,512,0.45954418182373047,0.22645610570907593,-0.01801898516714573,7.810670355595669,6.6600799560546875,21.046066284179688,5.7651519775390625,66.52870178222656,12.165525060596439,4.39453125,0.6616819956328989,19.96527777777778,92.23218096457533,1152,10,23
CIMMYT,Source train,/icislab/volume3/benderick/futurama/gwfss25/GWFSS/GWFSS_v1.0_labelled/images/CIMMYT/IMG_3429.png,/icislab/volume3/benderick/futurama/gwfss25/GWFSS/GWFSS_v1.0_labelled/class_id/CIMMYT/IMG_3429.png,512,512,0.5321418642997742,0.2387326955795288,-0.012013109400868416,8.030389834452572,7.2376251220703125,22.241592407226562,2.1259307861328125,68.39485168457031,11.313708498984761,1.575469970703125,0.1794365691727974,9.685230024213075,97.8562421185372,413,1,4
CIMMYT,Source train,/icislab/volume3/benderick/futurama/gwfss25/GWFSS/GWFSS_v1.0_labelled/images/CIMMYT/IMG_3430.png,/icislab/volume3/benderick/futurama/gwfss25/GWFSS/GWFSS_v1.0_labelled/class_id/CIMMYT/IMG_3430.png,512,512,0.4376768469810486,0.21682468056678772,-0.023733412846922874,8.137540816291247,9.98077392578125,10.46142578125,1.7780303955078125,77.77976989746094,10.0,1.461029052734375,1.2872774082814846,33.942558746736296,98.13953488372093,383,6,13
CIMMYT,Source train,/icislab/volume3/benderick/futurama/gwfss25/GWFSS/GWFSS_v1.0_labelled/images/CIMMYT/IMG_3431.png,/icislab/volume3/benderick/futurama/gwfss25/GWFSS/GWFSS_v1.0_labelled/class_id/CIMMYT/IMG_3431.png,512,512,0.46969276666641235,0.20083610713481903,0.02833647094666958,8.575056520837018,23.517990112304688,15.543746948242188,3.8616180419921875,57.07664489746094,12.165525060596439,2.777099609375,0.2963548355230663,15.10989010989011,92.51603706343549,728,3,11
CIMMYT,Source train,/icislab/volume3/benderick/futurama/gwfss25/GWFSS/GWFSS_v1.0_labelled/images/CIMMYT/IMG_3432.png,/icislab/volume3/benderick/futurama/gwfss25/GWFSS/GWFSS_v1.0_labelled/class_id/CIMMYT/IMG_3432.png,512,512,0.48049917817115784,0.207590252161026,-0.016766101121902466,7.812670633627047,2.9605865478515625,11.30523681640625,2.67181396484375,83.06236267089844,14.0,1.74713134765625,0.9994288977727013,41.48471615720524,92.83639883833494,458,7,19
CIMMYT,Source train,/icislab/volume3/benderick/futurama/gwfss25/GWFSS/GWFSS_v1.0_labelled/images/CIMMYT/IMG_3469.png,/icislab/volume3/benderick/futurama/gwfss25/GWFSS/GWFSS_v1.0_labelled/class_id/CIMMYT/IMG_3469.png,512,512,0.4107730984687805,0.26168766617774963,0.07161036878824234,11.702237610426769,1.8489837646484375,9.160614013671875,1.8512725830078125,87.13912963867188,8.0,2.1820068359375,2.88481351741191,54.19580419580419,98.17427385892117,572,14,31
CIMMYT,Source train,/icislab/volume3/benderick/futurama/gwfss25/GWFSS/GWFSS_v1.0_labelled/images/CIMMYT/IMG_3474.png,/icislab/volume3/benderick/futurama/gwfss25/GWFSS/GWFSS_v1.0_labelled/class_id/CIMMYT/IMG_3474.png,512,512,0.3794699013233185,0.2564857602119446,-0.008789675310254097,11.796144391555693,10.07537841796875,5.8307647705078125,4.4292449951171875,79.66461181640625,7.211102550927978,5.584716796875,2.842132460597709,47.814207650273225,93.36928934010152,1464,33,70
CIMMYT,Source train,/icislab/volume3/benderick/futurama/gwfss25/GWFSS/GWFSS_v1.0_labelled/images/CIMMYT/IMG_3718.png,/icislab/volume3/benderick/futurama/gwfss25/GWFSS/GWFSS_v1.0_labelled/class_id/CIMMYT/IMG_3718.png,512,512,0.42259421944618225,0.3017615079879761,-0.02654118277132511,7.852658793936335,16.2261962890625,24.73602294921875,4.058837890625,54.97894287109375,12.0,3.0059814453125,0.4699248120300752,16.497461928934012,76.7175572519084,788,5,13
CIMMYT,Source train,/icislab/volume3/benderick/futurama/gwfss25/GWFSS/GWFSS_v1.0_labelled/images/CIMMYT/IMG_3719.png,/icislab/volume3/benderick/futurama/gwfss25/GWFSS/GWFSS_v1.0_labelled/class_id/CIMMYT/IMG_3719.png,512,512,0.4272802770137787,0.2880041301250458,-0.020725924521684647,7.749129808952066,4.3415069580078125,16.179275512695312,6.2290191650390625,73.25019836425781,15.620499351813308,3.631591796875,0.3062036866923878,19.95798319327731,88.1427072402938,952,5,19
CIMMYT,Source train,/icislab/volume3/benderick/futurama/gwfss25/GWFSS/GWFSS_v1.0_labelled/images/CIMMYT/IMG_3720.png,/icislab/volume3/benderick/futurama/gwfss25/GWFSS/GWFSS_v1.0_labelled/class_id/CIMMYT/IMG_3720.png,512,512,0.48178938031196594,0.2842511534690857,-0.0039143431931734085,8.014189995108643,9.89837646484375,23.139572143554688,8.3740234375,58.58802795410156,14.0,6.00433349609375,0.18221574344023322,11.435832274459974,86.9233437391606,1574,4,18
CIMMYT,Source train,/icislab/volume3/benderick/futurama/gwfss25/GWFSS/GWFSS_v1.0_labelled/images/CIMMYT/IMG_3721.png,/icislab/volume3/benderick/futurama/gwfss25/GWFSS/GWFSS_v1.0_labelled/class_id/CIMMYT/IMG_3721.png,512,512,0.3840867578983307,0.2851637005805969,-0.027956074103713036,8.179970537518425,10.836029052734375,12.4481201171875,15.335845947265625,61.3800048828125,16.97056274847714,7.991790771484375,0.24874384358987114,15.75178997613365,84.31160400324588,2095,10,33
CIMMYT,Source train,/icislab/volume3/benderick/futurama/gwfss25/GWFSS/GWFSS_v1.0_labelled/images/CIMMYT/IMG_3722.png,/icislab/volume3/benderick/futurama/gwfss25/GWFSS/GWFSS_v1.0_labelled/class_id/CIMMYT/IMG_3722.png,512,512,0.33136308193206787,0.2728661894798279,-0.028582625091075897,8.101129837516647,21.6217041015625,10.470962524414062,7.3482513427734375,60.55908203125,12.649110640673518,5.313873291015625,0.5191299382235374,15.075376884422111,89.18338108882521,1393,10,21
CIMMYT,Source train,/icislab/volume3/benderick/futurama/gwfss25/GWFSS/GWFSS_v1.0_labelled/images/CIMMYT/IMG_3725.png,/icislab/volume3/benderick/futurama/gwfss25/GWFSS/GWFSS_v1.0_labelled/class_id/CIMMYT/IMG_3725.png,512,512,0.44894498586654663,0.2857218384742737,-0.01919928379356861,7.38222562480316,10.927200317382812,15.531539916992188,15.14892578125,58.392333984375,17.204650534085253,8.056640625,0.20145044319097502,11.363636363636363,84.46797781139688,2112,8,24
CIMMYT,Source train,/icislab/volume3/benderick/futurama/gwfss25/GWFSS/GWFSS_v1.0_labelled/images/CIMMYT/IMG_3806.png,/icislab/volume3/benderick/futurama/gwfss25/GWFSS/GWFSS_v1.0_labelled/class_id/CIMMYT/IMG_3806.png,512,512,0.576264500617981,0.2663499712944031,-0.00613107206299901,7.148231714375503,4.88739013671875,33.539581298828125,9.022140502929688,52.55088806152344,14.142135623730951,5.4779052734375,0.4228151029554776,20.194986072423397,89.87206823027718,1436,10,29
CIMMYT,Source train,/icislab/volume3/benderick/futurama/gwfss25/GWFSS/GWFSS_v1.0_labelled/images/CIMMYT/IMG_3811.png,/icislab/volume3/benderick/futurama/gwfss25/GWFSS/GWFSS_v1.0_labelled/class_id/CIMMYT/IMG_3811.png,512,512,0.5426845550537109,0.2890453338623047,-0.004137241281569004,9.486885886254363,13.240432739257812,5.6598663330078125,9.39483642578125,71.70486450195312,12.0,6.96563720703125,0.4466460938768881,19.715224534501644,84.2576545349509,1826,11,36
CIMMYT,Source train,/icislab/volume3/benderick/futurama/gwfss25/GWFSS/GWFSS_v1.0_labelled/images/CIMMYT/IMG_4324.png,/icislab/volume3/benderick/futurama/gwfss25/GWFSS/GWFSS_v1.0_labelled/class_id/CIMMYT/IMG_4324.png,512,512,0.41808995604515076,0.2516293227672577,0.16022223234176636,8.73186636331424,34.55009460449219,3.7303924560546875,0.9708404541015625,60.74867248535156,8.0,0.99945068359375,2.75049115913556,57.25190839694657,51.61787365177196,262,7,15
CIMMYT,Source train,/icislab/volume3/benderick/futurama/gwfss25/GWFSS/GWFSS_v1.0_labelled/images/CIMMYT/IMG_4327.png,/icislab/volume3/benderick/futurama/gwfss25/GWFSS/GWFSS_v1.0_labelled/class_id/CIMMYT/IMG_4327.png,512,512,0.29975560307502747,0.24821652472019196,0.09648537635803223,7.934242000760163,11.031341552734375,7.917022705078125,4.99725341796875,76.05438232421875,13.416407864998739,3.437042236328125,0.8396946564885496,31.076581576026637,86.05495075168481,901,11,28
CIMMYT,Source train,/icislab/volume3/benderick/futurama/gwfss25/GWFSS/GWFSS_v1.0_labelled/images/CIMMYT/IMG_4328.png,/icislab/volume3/benderick/futurama/gwfss25/GWFSS/GWFSS_v1.0_labelled/class_id/CIMMYT/IMG_4328.png,512,512,0.4119981527328491,0.2771664559841156,0.05141134932637215,10.635415618504709,13.039016723632812,5.511474609375,1.7261505126953125,79.72335815429688,10.770329614269007,1.3427734375,1.3259668508287292,45.45454545454545,77.6332899869961,352,6,16
CIMMYT,Source train,/icislab/volume3/benderick/futurama/gwfss25/GWFSS/GWFSS_v1.0_labelled/images/CIMMYT/IMG_4329.png,/icislab/volume3/benderick/futurama/gwfss25/GWFSS/GWFSS_v1.0_labelled/class_id/CIMMYT/IMG_4329.png,512,512,0.3489522337913513,0.2578994929790497,0.06193291023373604,9.880711722057503,1.80206298828125,1.0837554931640625,3.252410888671875,93.86177062988281,12.165525060596439,2.35748291015625,1.6420361247947455,50.16181229773463,97.1233913701741,618,14,31
CIMMYT,Source train,/icislab/volume3/benderick/futurama/gwfss25/GWFSS/GWFSS_v1.0_labelled/images/CIMMYT/IMG_4791.png,/icislab/volume3/benderick/futurama/gwfss25/GWFSS/GWFSS_v1.0_labelled/class_id/CIMMYT/IMG_4791.png,512,512,0.48047399520874023,0.2232004553079605,0.005044748540967703,8.9519085600551,26.269149780273438,14.760971069335938,1.50909423828125,57.460784912109375,12.0,1.041412353515625,1.5166835187057635,47.61904761904762,94.01709401709402,273,6,13
CIMMYT,Source train,/icislab/volume3/benderick/futurama/gwfss25/GWFSS/GWFSS_v1.0_labelled/images/CIMMYT/IMG_4792.png,/icislab/volume3/benderick/futurama/gwfss25/GWFSS/GWFSS_v1.0_labelled/class_id/CIMMYT/IMG_4792.png,512,512,0.5036129355430603,0.2294716089963913,0.04000271111726761,9.075747799639258,12.828445434570312,32.78541564941406,1.7024993896484375,52.68363952636719,11.661903789690601,1.331329345703125,1.3443871835088506,45.845272206303726,78.41726618705036,349,6,16
CIMMYT,Source train,/icislab/volume3/benderick/futurama/gwfss25/GWFSS/GWFSS_v1.0_labelled/images/CIMMYT/IMG_4793.png,/icislab/volume3/benderick/futurama/gwfss25/GWFSS/GWFSS_v1.0_labelled/class_id/CIMMYT/IMG_4793.png,512,512,0.46689340472221375,0.2086806446313858,0.04580610990524292,9.151475850086706,5.150604248046875,26.60369873046875,2.581787109375,65.66390991210938,13.416407864998739,1.79290771484375,1.3297872340425532,42.5531914893617,88.94277400581959,470,9,20
CIMMYT,Source train,/icislab/volume3/benderick/futurama/gwfss25/GWFSS/GWFSS_v1.0_labelled/images/CIMMYT/IMG_5014.png,/icislab/volume3/benderick/futurama/gwfss25/GWFSS/GWFSS_v1.0_labelled/class_id/CIMMYT/IMG_5014.png,512,512,0.6069912314414978,0.2600010931491852,0.11614469438791275,14.030054675896087,36.29493713378906,4.0676116943359375,1.7597198486328125,57.87773132324219,8.0,1.956939697265625,4.552352048558422,103.31384015594541,91.77489177489177,513,21,53
CIMMYT,Source train,/icislab/volume3/benderick/futurama/gwfss25/GWFSS/GWFSS_v1.0_labelled/images/CIMMYT/IMG_5015.png,/icislab/volume3/benderick/futurama/gwfss25/GWFSS/GWFSS_v1.0_labelled/class_id/CIMMYT/IMG_5015.png,512,512,0.3548646569252014,0.25352004170417786,0.15223129093647003,10.14486236390098,5.609893798828125,4.6722412109375,3.1948089599609375,86.52305603027344,13.416407864998739,2.117156982421875,1.4328358208955223,46.846846846846844,88.17771084337349,555,12,26
CIMMYT,Source train,/icislab/volume3/benderick/futurama/gwfss25/GWFSS/GWFSS_v1.0_labelled/images/CIMMYT/IMG_5016.png,/icislab/volume3/benderick/futurama/gwfss25/GWFSS/GWFSS_v1.0_labelled/class_id/CIMMYT/IMG_5016.png,512,512,0.41725480556488037,0.2783065140247345,0.0992535725235939,11.657960950082096,3.002166748046875,4.7138214111328125,3.2932281494140625,88.99078369140625,8.94427190999916,3.398895263671875,1.1583458820803891,30.303030303030305,94.65992130410343,891,10,27
CIMMYT,Source train,/icislab/volume3/benderick/futurama/gwfss25/GWFSS/GWFSS_v1.0_labelled/images/CIMMYT/IMG_5017.png,/icislab/volume3/benderick/futurama/gwfss25/GWFSS/GWFSS_v1.0_labelled/class_id/CIMMYT/IMG_5017.png,512,512,0.43020394444465637,0.26390162110328674,0.12085697799921036,10.930727621986252,7.619476318359375,10.209274291992188,2.1148681640625,80.05638122558594,8.0,1.995086669921875,2.525252525252525,61.185468451242826,85.25179856115108,523,14,32
CIMMYT,Source train,/icislab/volume3/benderick/futurama/gwfss25/GWFSS/GWFSS_v1.0_labelled/images/CIMMYT/IMG_5018.png,/icislab/volume3/benderick/futurama/gwfss25/GWFSS/GWFSS_v1.0_labelled/class_id/CIMMYT/IMG_5018.png,512,512,0.46336817741394043,0.2580888867378235,0.15700192749500275,9.784035276350854,3.710174560546875,16.459274291992188,1.5636444091796875,78.26690673828125,10.0,1.415252685546875,2.683581361307636,70.08086253369272,90.34981905910736,371,11,26
CIMMYT,Source train,/icislab/volume3/benderick/futurama/gwfss25/GWFSS/GWFSS_v1.0_labelled/images/CIMMYT/IMG_5020.png,/icislab/volume3/benderick/futurama/gwfss25/GWFSS/GWFSS_v1.0_labelled/class_id/CIMMYT/IMG_5020.png,512,512,0.4305770993232727,0.260570228099823,0.15476927161216736,12.371686032525686,6.707763671875,5.804443359375,0.7659912109375,86.7218017578125,14.422205101855956,0.579833984375,0.9960159362549801,46.05263157894737,90.07633587786259,152,2,7
CIMMYT,Source train,/icislab/volume3/benderick/futurama/gwfss25/GWFSS/GWFSS_v1.0_labelled/images/CIMMYT/IMG_5021.png,/icislab/volume3/benderick/futurama/gwfss25/GWFSS/GWFSS_v1.0_labelled/class_id/CIMMYT/IMG_5021.png,512,512,0.360970139503479,0.25732553005218506,0.10178747773170471,12.506734009529842,4.4857025146484375,3.354644775390625,2.0416259765625,90.11802673339844,10.0,1.65557861328125,2.0553064275037367,50.69124423963134,95.05549949545913,434,11,22
CIMMYT,Source train,/icislab/volume3/benderick/futurama/gwfss25/GWFSS/GWFSS_v1.0_labelled/images/CIMMYT/IMG_5022.png,/icislab/volume3/benderick/futurama/gwfss25/GWFSS/GWFSS_v1.0_labelled/class_id/CIMMYT/IMG_5022.png,512,512,0.44142407178878784,0.2664094567298889,0.1340949535369873,12.354516929986957,5.141448974609375,8.324813842773438,7.1292877197265625,79.40444946289062,15.231546211727817,4.57763671875,0.21402964310557013,12.5,95.93818984547461,1200,4,15
CIMMYT,Source train,/icislab/volume3/benderick/futurama/gwfss25/GWFSS/GWFSS_v1.0_labelled/images/CIMMYT/IMG_8981.png,/icislab/volume3/benderick/futurama/gwfss25/GWFSS/GWFSS_v1.0_labelled/class_id/CIMMYT/IMG_8981.png,512,512,0.4784526824951172,0.2619667649269104,0.13167135417461395,10.55273280766436,34.48982238769531,9.552383422851562,2.0610809326171875,53.89671325683594,10.0,1.758575439453125,2.220988339811216,60.73752711496746,37.35632183908046,461,12,28
CIMMYT,Source train,/icislab/volume3/benderick/futurama/gwfss25/GWFSS/GWFSS_v1.0_labelled/images/CIMMYT/IMG_8982.png,/icislab/volume3/benderick/futurama/gwfss25/GWFSS/GWFSS_v1.0_labelled/class_id/CIMMYT/IMG_8982.png,512,512,0.44970643520355225,0.2550410032272339,0.1295829564332962,10.135948249032717,14.972686767578125,8.469772338867188,2.5054931640625,74.05204772949219,10.0,1.8768310546875,2.5883069427527405,75.20325203252033,84.4186046511628,492,17,37
CIMMYT,Source train,/icislab/volume3/benderick/futurama/gwfss25/GWFSS/GWFSS_v1.0_labelled/images/CIMMYT/IMG_8983.png,/icislab/volume3/benderick/futurama/gwfss25/GWFSS/GWFSS_v1.0_labelled/class_id/CIMMYT/IMG_8983.png,512,512,0.445272296667099,0.25840362906455994,0.130000501871109,10.197402954360612,8.342361450195312,7.2174072265625,4.0325164794921875,80.40771484375,10.0,3.482818603515625,1.229779585658878,41.621029572836804,89.64228510411105,913,13,38
CIMMYT,Source train,/icislab/volume3/benderick/futurama/gwfss25/GWFSS/GWFSS_v1.0_labelled/images/CIMMYT/IMG_8984.png,/icislab/volume3/benderick/futurama/gwfss25/GWFSS/GWFSS_v1.0_labelled/class_id/CIMMYT/IMG_8984.png,512,512,0.4495859444141388,0.25826454162597656,0.133330300450325,10.25618070944582,4.50897216796875,10.49652099609375,4.123687744140625,80.87081909179688,10.770329614269007,3.23486328125,1.2025901942645698,37.735849056603776,91.74972314507198,848,13,32
ETHZ,Source train,/icislab/volume3/benderick/futurama/gwfss25/GWFSS/GWFSS_v1.0_labelled/images/ETHZ/FPWW0320045_RGB1_20210411_162931.png,/icislab/volume3/benderick/futurama/gwfss25/GWFSS/GWFSS_v1.0_labelled/class_id/ETHZ/FPWW0320045_RGB1_20210411_162931.png,512,512,0.42535045742988586,0.1514773964881897,0.05119689181447029,7.454149021195316,79.51469421386719,0.0,0.0,20.485305786132812,,0.0,,,,0,0,0
ETHZ,Source train,/icislab/volume3/benderick/futurama/gwfss25/GWFSS/GWFSS_v1.0_labelled/images/ETHZ/FPWW0320045_RGB1_20210507_131755.png,/icislab/volume3/benderick/futurama/gwfss25/GWFSS/GWFSS_v1.0_labelled/class_id/ETHZ/FPWW0320045_RGB1_20210507_131755.png,512,512,0.36424654722213745,0.07935266941785812,0.08749380707740784,8.400210691491033,53.765106201171875,0.0,0.0,46.234893798828125,,0.0,,,,0,0,0
ETHZ,Source train,/icislab/volume3/benderick/futurama/gwfss25/GWFSS/GWFSS_v1.0_labelled/images/ETHZ/FPWW0320045_RGB1_20210607_133530.png,/icislab/volume3/benderick/futurama/gwfss25/GWFSS/GWFSS_v1.0_labelled/class_id/ETHZ/FPWW0320045_RGB1_20210607_133530.png,512,512,0.31387147307395935,0.15743416547775269,0.10124646872282028,8.078811309701015,26.093673706054688,5.10406494140625,3.939056396484375,64.86320495605469,7.211102550927978,4.886627197265625,3.970559752082123,70.2576112412178,75.75091575091575,1281,41,90
ETHZ,Source train,/icislab/volume3/benderick/futurama/gwfss25/GWFSS/GWFSS_v1.0_labelled/images/ETHZ/FPWW0320045_RGB1_20210714_101204.png,/icislab/volume3/benderick/futurama/gwfss25/GWFSS/GWFSS_v1.0_labelled/class_id/ETHZ/FPWW0320045_RGB1_20210714_101204.png,512,512,0.3862212002277374,0.17456451058387756,0.057907283306121826,10.151282211961211,25.839614868164062,22.657394409179688,5.680084228515625,45.822906494140625,6.0,8.44573974609375,2.4177300201477503,40.65040650406504,66.77046263345196,2214,36,90
ETHZ,Source train,/icislab/volume3/benderick/futurama/gwfss25/GWFSS/GWFSS_v1.0_labelled/images/ETHZ/FPWW0320769_RGB1_20201217_130834.png,/icislab/volume3/benderick/futurama/gwfss25/GWFSS/GWFSS_v1.0_labelled/class_id/ETHZ/FPWW0320769_RGB1_20201217_130834.png,512,512,0.3969859480857849,0.1123521700501442,0.016400327906012535,5.671854573897698,94.97184753417969,0.0,0.0,5.0281524658203125,,0.0,,,,0,0,0
ETHZ,Source train,/icislab/volume3/benderick/futurama/gwfss25/GWFSS/GWFSS_v1.0_labelled/images/ETHZ/FPWW0320769_RGB1_20210310_105523.png,/icislab/volume3/benderick/futurama/gwfss25/GWFSS/GWFSS_v1.0_labelled/class_id/ETHZ/FPWW0320769_RGB1_20210310_105523.png,512,512,0.34565266966819763,0.09795581549406052,0.024593187496066093,4.340470599509995,88.80119323730469,0.0,0.0,11.198806762695312,,0.0,,,,0,0,0
ETHZ,Source train,/icislab/volume3/benderick/futurama/gwfss25/GWFSS/GWFSS_v1.0_labelled/images/ETHZ/FPWW0320769_RGB1_20210416_130755.png,/icislab/volume3/benderick/futurama/gwfss25/GWFSS/GWFSS_v1.0_labelled/class_id/ETHZ/FPWW0320769_RGB1_20210416_130755.png,512,512,0.3894332945346832,0.1597079187631607,0.07671469449996948,7.9087764497198085,58.24775695800781,0.0,0.0,41.75224304199219,,0.0,,,,0,0,0
ETHZ,Source train,/icislab/volume3/benderick/futurama/gwfss25/GWFSS/GWFSS_v1.0_labelled/images/ETHZ/FPWW0320769_RGB1_20210514_103050.png,/icislab/volume3/benderick/futurama/gwfss25/GWFSS/GWFSS_v1.0_labelled/class_id/ETHZ/FPWW0320769_RGB1_20210514_103050.png,512,512,0.2511276602745056,0.20805367827415466,0.13485702872276306,9.672195072574057,11.590576171875,0.0,0.0701904296875,88.3392333984375,6.324555320336759,0.11444091796875,5.434782608695652,100.0,67.21311475409836,30,1,3
ETHZ,Source train,/icislab/volume3/benderick/futurama/gwfss25/GWFSS/GWFSS_v1.0_labelled/images/ETHZ/FPWW0320769_RGB1_20210628_100906.png,/icislab/volume3/benderick/futurama/gwfss25/GWFSS/GWFSS_v1.0_labelled/class_id/ETHZ/FPWW0320769_RGB1_20210628_100906.png,512,512,0.3319185674190521,0.23040002584457397,0.12315692752599716,11.848759433902432,12.868118286132812,13.336181640625,2.98919677734375,70.80650329589844,6.0,4.44793701171875,5.104645227156713,79.7598627787307,84.3312597200622,1166,40,93
ETHZ,Source train,/icislab/volume3/benderick/futurama/gwfss25/GWFSS/GWFSS_v1.0_labelled/images/ETHZ/FPWW0320769_RGB1_20210719_105636.png,/icislab/volume3/benderick/futurama/gwfss25/GWFSS/GWFSS_v1.0_labelled/class_id/ETHZ/FPWW0320769_RGB1_20210719_105636.png,512,512,0.392661988735199,0.19050273299217224,-0.01844979263842106,7.190395475151259,44.67201232910156,20.790481567382812,4.7061920166015625,29.831314086914062,5.656854249492381,7.293701171875,3.890735186836346,54.39330543933055,37.44578313253012,1912,48,104
ETHZ,Source train,/icislab/volume3/benderick/futurama/gwfss25/GWFSS/GWFSS_v1.0_labelled/images/ETHZ/FPWW0320770_RGB1_20210625_104358.png,/icislab/volume3/benderick/futurama/gwfss25/GWFSS/GWFSS_v1.0_labelled/class_id/ETHZ/FPWW0320770_RGB1_20210625_104358.png,512,512,0.3118636906147003,0.18786369264125824,0.10511592775583267,6.826820822665021,5.155181884765625,16.402435302734375,4.141998291015625,74.30038452148438,6.0,6.008148193359375,4.512801620924664,72.38095238095238,93.69610466845079,1575,49,114
ETHZ,Source train,/icislab/volume3/benderick/futurama/gwfss25/GWFSS/GWFSS_v1.0_labelled/images/ETHZ/FPWW0320784_RGB1_20210308_104447.png,/icislab/volume3/benderick/futurama/gwfss25/GWFSS/GWFSS_v1.0_labelled/class_id/ETHZ/FPWW0320784_RGB1_20210308_104447.png,512,512,0.2676011919975281,0.10686850547790527,0.023029524832963943,5.04725934776297,81.18972778320312,0.0,0.0,18.810272216796875,,0.0,,,,0,0,0
ETHZ,Source train,/icislab/volume3/benderick/futurama/gwfss25/GWFSS/GWFSS_v1.0_labelled/images/ETHZ/FPWW0320784_RGB1_20210719_105944.png,/icislab/volume3/benderick/futurama/gwfss25/GWFSS/GWFSS_v1.0_labelled/class_id/ETHZ/FPWW0320784_RGB1_20210719_105944.png,512,512,0.3550935983657837,0.22434332966804504,-0.005053470842540264,7.737119907697103,22.55401611328125,34.20982360839844,3.6907196044921875,39.545440673828125,5.656854249492381,6.29425048828125,4.857881136950905,65.45454545454545,72.08980044345898,1650,47,108
ETHZ,Source train,/icislab/volume3/benderick/futurama/gwfss25/GWFSS/GWFSS_v1.0_labelled/images/ETHZ/FPWW0320789_RGB1_20201125_143332.png,/icislab/volume3/benderick/futurama/gwfss25/GWFSS/GWFSS_v1.0_labelled/class_id/ETHZ/FPWW0320789_RGB1_20201125_143332.png,512,512,0.4217536449432373,0.06441248953342438,0.01019834540784359,3.6603543463736194,98.28987121582031,0.0,0.0,1.7101287841796875,,0.0,,,,0,0,0
ETHZ,Source train,/icislab/volume3/benderick/futurama/gwfss25/GWFSS/GWFSS_v1.0_labelled/images/ETHZ/FPWW0320789_RGB1_20210325_103616.png,/icislab/volume3/benderick/futurama/gwfss25/GWFSS/GWFSS_v1.0_labelled/class_id/ETHZ/FPWW0320789_RGB1_20210325_103616.png,512,512,0.4173247814178467,0.15201085805892944,0.03581993654370308,6.726157323152881,83.24699401855469,0.0,0.0,16.753005981445312,,0.0,,,,0,0,0
ETHZ,Source train,/icislab/volume3/benderick/futurama/gwfss25/GWFSS/GWFSS_v1.0_labelled/images/ETHZ/FPWW0320789_RGB1_20210426_122411.png,/icislab/volume3/benderick/futurama/gwfss25/GWFSS/GWFSS_v1.0_labelled/class_id/ETHZ/FPWW0320789_RGB1_20210426_122411.png,512,512,0.331510990858078,0.12521401047706604,0.1177925169467926,7.400832514430644,22.732162475585938,0.0,0.0,77.26783752441406,,0.0,,,,0,0,0
ETHZ,Source train,/icislab/volume3/benderick/futurama/gwfss25/GWFSS/GWFSS_v1.0_labelled/images/ETHZ/FPWW0320789_RGB1_20210524_104439.png,/icislab/volume3/benderick/futurama/gwfss25/GWFSS/GWFSS_v1.0_labelled/class_id/ETHZ/FPWW0320789_RGB1_20210524_104439.png,512,512,0.30729764699935913,0.13324716687202454,0.16996265947818756,9.701896519670548,11.016082763671875,0.0,0.8014678955078125,88.18244934082031,6.0,1.0528564453125,6.663493574488339,108.69565217391305,93.62962962962963,276,14,30
ETHZ,Source train,/icislab/volume3/benderick/futurama/gwfss25/GWFSS/GWFSS_v1.0_labelled/images/ETHZ/FPWW0320789_RGB1_20210625_104808.png,/icislab/volume3/benderick/futurama/gwfss25/GWFSS/GWFSS_v1.0_labelled/class_id/ETHZ/FPWW0320789_RGB1_20210625_104808.png,512,512,0.33861833810806274,0.17735715210437775,0.11687352508306503,8.013684276158822,5.46112060546875,17.84820556640625,2.3166656494140625,74.37400817871094,6.0,3.177642822265625,6.915857072287173,129.65186074429772,89.10686628807434,833,42,108
ETHZ,Source train,/icislab/volume3/benderick/futurama/gwfss25/GWFSS/GWFSS_v1.0_labelled/images/ETHZ/FPWW0320789_RGB1_20210723_103844.png,/icislab/volume3/benderick/futurama/gwfss25/GWFSS/GWFSS_v1.0_labelled/class_id/ETHZ/FPWW0320789_RGB1_20210723_103844.png,512,512,0.3350817859172821,0.22580362856388092,0.012927590869367123,9.150038105896364,24.57427978515625,23.272323608398438,2.0389556884765625,50.11444091796875,5.656854249492381,3.101348876953125,4.864359214218896,72.57072570725707,77.99315849486887,813,26,59
ETHZ,Source train,/icislab/volume3/benderick/futurama/gwfss25/GWFSS/GWFSS_v1.0_labelled/images/ETHZ/FPWW0320801_RGB1_20201217_131457.png,/icislab/volume3/benderick/futurama/gwfss25/GWFSS/GWFSS_v1.0_labelled/class_id/ETHZ/FPWW0320801_RGB1_20201217_131457.png,512,512,0.4330850839614868,0.08561860024929047,0.016173088923096657,5.096015725310689,94.75288391113281,0.0,0.0,5.2471160888671875,,0.0,,,,0,0,0
ETHZ,Source train,/icislab/volume3/benderick/futurama/gwfss25/GWFSS/GWFSS_v1.0_labelled/images/ETHZ/FPWW0320806_RGB1_20210723_104210.png,/icislab/volume3/benderick/futurama/gwfss25/GWFSS/GWFSS_v1.0_labelled/class_id/ETHZ/FPWW0320806_RGB1_20210723_104210.png,512,512,0.36008182168006897,0.21876536309719086,0.009178834967315197,7.5177545381511255,22.341537475585938,24.402999877929688,5.1746368408203125,48.08082580566406,7.211102550927978,6.603240966796875,2.801326944342057,47.94916233391103,75.5663430420712,1731,38,83
ETHZ,Source train,/icislab/volume3/benderick/futurama/gwfss25/GWFSS/GWFSS_v1.0_labelled/images/ETHZ/FPWW0320808_RGB1_20201217_131621.png,/icislab/volume3/benderick/futurama/gwfss25/GWFSS/GWFSS_v1.0_labelled/class_id/ETHZ/FPWW0320808_RGB1_20201217_131621.png,512,512,0.4204639196395874,0.07427754998207092,0.015250500291585922,3.5298407648823877,97.08251953125,0.0,0.0,2.91748046875,,0.0,,,,0,0,0
ETHZ,Source train,/icislab/volume3/benderick/futurama/gwfss25/GWFSS/GWFSS_v1.0_labelled/images/ETHZ/FPWW0320808_RGB1_20210310_110313.png,/icislab/volume3/benderick/futurama/gwfss25/GWFSS/GWFSS_v1.0_labelled/class_id/ETHZ/FPWW0320808_RGB1_20210310_110313.png,512,512,0.39135411381721497,0.10689115524291992,0.022770822048187256,4.357176670454807,93.34640502929688,0.0,0.0,6.653594970703125,,0.0,,,,0,0,0
ETHZ,Source train,/icislab/volume3/benderick/futurama/gwfss25/GWFSS/GWFSS_v1.0_labelled/images/ETHZ/FPWW0320808_RGB1_20210430_104246.png,/icislab/volume3/benderick/futurama/gwfss25/GWFSS/GWFSS_v1.0_labelled/class_id/ETHZ/FPWW0320808_RGB1_20210430_104246.png,512,512,0.3343755602836609,0.1811676174402237,0.10458148270845413,9.271035374525361,37.149810791015625,0.0,0.0,62.850189208984375,,0.0,,,,0,0,0
ETHZ,Source train,/icislab/volume3/benderick/futurama/gwfss25/GWFSS/GWFSS_v1.0_labelled/images/ETHZ/FPWW0320808_RGB1_20210517_101614.png,/icislab/volume3/benderick/futurama/gwfss25/GWFSS/GWFSS_v1.0_labelled/class_id/ETHZ/FPWW0320808_RGB1_20210517_101614.png,512,512,0.353167861700058,0.11519452184438705,0.14315292239189148,9.463857686234737,29.593276977539062,0.0,1.0379791259765625,69.36874389648438,6.0,1.430511474609375,8.085262771040059,120.0,79.33884297520662,375,22,45
ETHZ,Source train,/icislab/volume3/benderick/futurama/gwfss25/GWFSS/GWFSS_v1.0_labelled/images/ETHZ/FPWW0320808_RGB1_20210618_102628.png,/icislab/volume3/benderick/futurama/gwfss25/GWFSS/GWFSS_v1.0_labelled/class_id/ETHZ/FPWW0320808_RGB1_20210618_102628.png,512,512,0.3059786260128021,0.2021295577287674,0.09002398699522018,8.168402489449404,13.346481323242188,13.58489990234375,3.9093017578125,69.15931701660156,6.0,5.313873291015625,6.049960967993755,96.19526202440775,88.1330536409949,1393,62,134
ETHZ,Source train,/icislab/volume3/benderick/futurama/gwfss25/GWFSS/GWFSS_v1.0_labelled/images/ETHZ/FPWW0320808_RGB1_20210716_115126.png,/icislab/volume3/benderick/futurama/gwfss25/GWFSS/GWFSS_v1.0_labelled/class_id/ETHZ/FPWW0320808_RGB1_20210716_115126.png,512,512,0.40440502762794495,0.18806880712509155,0.04354707524180412,9.948165395379489,14.363479614257812,33.31451416015625,2.8781890869140625,49.443817138671875,5.656854249492381,4.314422607421875,4.903909874088801,71.61803713527851,76.69322709163346,1131,37,81
ETHZ,Source train,/icislab/volume3/benderick/futurama/gwfss25/GWFSS/GWFSS_v1.0_labelled/images/ETHZ/FPWW0320809_RGB1_20201217_131633.png,/icislab/volume3/benderick/futurama/gwfss25/GWFSS/GWFSS_v1.0_labelled/class_id/ETHZ/FPWW0320809_RGB1_20201217_131633.png,512,512,0.4185360074043274,0.07385654747486115,0.015269634313881397,3.71215609202417,94.71855163574219,0.0,0.0,5.2814483642578125,,0.0,,,,0,0,0
ETHZ,Source train,/icislab/volume3/benderick/futurama/gwfss25/GWFSS/GWFSS_v1.0_labelled/images/ETHZ/FPWW0320809_RGB1_20210329_103455.png,/icislab/volume3/benderick/futurama/gwfss25/GWFSS/GWFSS_v1.0_labelled/class_id/ETHZ/FPWW0320809_RGB1_20210329_103455.png,512,512,0.38885247707366943,0.16145771741867065,0.038244955241680145,7.789474369395528,79.72297668457031,0.0,0.0,20.277023315429688,,0.0,,,,0,0,0
ETHZ,Source train,/icislab/volume3/benderick/futurama/gwfss25/GWFSS/GWFSS_v1.0_labelled/images/ETHZ/FPWW0320809_RGB1_20210505_125240.png,/icislab/volume3/benderick/futurama/gwfss25/GWFSS/GWFSS_v1.0_labelled/class_id/ETHZ/FPWW0320809_RGB1_20210505_125240.png,512,512,0.36422061920166016,0.10109889507293701,0.13412493467330933,7.870664907907205,26.615142822265625,0.0,0.0,73.38485717773438,,0.0,,,,0,0,0
ETHZ,Source train,/icislab/volume3/benderick/futurama/gwfss25/GWFSS/GWFSS_v1.0_labelled/images/ETHZ/FPWW0320809_RGB1_20210528_122037.png,/icislab/volume3/benderick/futurama/gwfss25/GWFSS/GWFSS_v1.0_labelled/class_id/ETHZ/FPWW0320809_RGB1_20210528_122037.png,512,512,0.3107483983039856,0.18823713064193726,0.14056861400604248,10.172651255600679,21.029281616210938,0.0,0.03662109375,78.93409729003906,4.47213595499958,0.072479248046875,10.416666666666666,105.26315789473684,100.0,19,1,2
ETHZ,Source train,/icislab/volume3/benderick/futurama/gwfss25/GWFSS/GWFSS_v1.0_labelled/images/ETHZ/FPWW0320809_RGB1_20210628_101756.png,/icislab/volume3/benderick/futurama/gwfss25/GWFSS/GWFSS_v1.0_labelled/class_id/ETHZ/FPWW0320809_RGB1_20210628_101756.png,512,512,0.28566011786460876,0.22780445218086243,0.10118699073791504,10.27093793764448,12.38250732421875,10.366439819335938,3.070831298828125,74.18022155761719,6.0,4.024505615234375,5.341614906832298,93.8388625592417,93.44799344799345,1055,43,99
ETHZ,Source train,/icislab/volume3/benderick/futurama/gwfss25/GWFSS/GWFSS_v1.0_labelled/images/ETHZ/FPWW0320809_RGB1_20210709_122935.png,/icislab/volume3/benderick/futurama/gwfss25/GWFSS/GWFSS_v1.0_labelled/class_id/ETHZ/FPWW0320809_RGB1_20210709_122935.png,512,512,0.31929224729537964,0.21183422207832336,0.07691702991724014,10.086165327145444,18.302154541015625,13.713836669921875,2.716064453125,65.2679443359375,6.0,3.936767578125,5.758426966292135,83.33333333333333,78.59545836837678,1032,41,86
ETHZ,Source train,/icislab/volume3/benderick/futurama/gwfss25/GWFSS/GWFSS_v1.0_labelled/images/ETHZ/FPWW0320809_RGB1_20210726_111327.png,/icislab/volume3/benderick/futurama/gwfss25/GWFSS/GWFSS_v1.0_labelled/class_id/ETHZ/FPWW0320809_RGB1_20210726_111327.png,512,512,0.34391143918037415,0.20915912091732025,0.0139797143638134,7.292898914492563,33.728790283203125,17.92449951171875,6.9122314453125,41.434478759765625,6.0,9.578704833984375,2.814569536423841,51.77220230983672,79.22322775263952,2511,51,130
ETHZ,Source train,/icislab/volume3/benderick/futurama/gwfss25/GWFSS/GWFSS_v1.0_labelled/images/ETHZ/FPWW0330029_RGB1_20220117_113655.png,/icislab/volume3/benderick/futurama/gwfss25/GWFSS/GWFSS_v1.0_labelled/class_id/ETHZ/FPWW0330029_RGB1_20220117_113655.png,512,512,0.4449950158596039,0.06532788276672363,0.0062090507708489895,4.3128948044727355,93.16291809082031,0.0,0.0,6.8370819091796875,,0.0,,,,0,0,0
ETHZ,Source train,/icislab/volume3/benderick/futurama/gwfss25/GWFSS/GWFSS_v1.0_labelled/images/ETHZ/FPWW0330029_RGB1_20220318_104552.png,/icislab/volume3/benderick/futurama/gwfss25/GWFSS/GWFSS_v1.0_labelled/class_id/ETHZ/FPWW0330029_RGB1_20220318_104552.png,512,512,0.44502753019332886,0.08310236781835556,0.013921978883445263,4.59036973580757,91.41693115234375,0.0,0.0,8.58306884765625,,0.0,,,,0,0,0
ETHZ,Source train,/icislab/volume3/benderick/futurama/gwfss25/GWFSS/GWFSS_v1.0_labelled/images/ETHZ/FPWW0330029_RGB1_20220516_091440.png,/icislab/volume3/benderick/futurama/gwfss25/GWFSS/GWFSS_v1.0_labelled/class_id/ETHZ/FPWW0330029_RGB1_20220516_091440.png,512,512,0.29822808504104614,0.23168182373046875,0.11062593758106232,9.032585926318927,14.836502075195312,0.0,0.812530517578125,84.35096740722656,6.324555320336759,1.04522705078125,5.633802816901408,87.5912408759124,84.63855421686748,274,12,24
ETHZ,Source train,/icislab/volume3/benderick/futurama/gwfss25/GWFSS/GWFSS_v1.0_labelled/images/ETHZ/FPWW0330029_RGB1_20220626_110258.png,/icislab/volume3/benderick/futurama/gwfss25/GWFSS/GWFSS_v1.0_labelled/class_id/ETHZ/FPWW0330029_RGB1_20220626_110258.png,512,512,0.3755313754081726,0.21629735827445984,0.07338570803403854,11.057165387201879,9.14154052734375,15.851211547851562,4.686737060546875,70.32051086425781,6.0,6.8817138671875,3.9068858863747353,58.75831485587583,89.75934459805427,1804,48,106
ETHZ,Source train,/icislab/volume3/benderick/futurama/gwfss25/GWFSS/GWFSS_v1.0_labelled/images/ETHZ/FPWW0330029_RGB1_20220718_104128.png,/icislab/volume3/benderick/futurama/gwfss25/GWFSS/GWFSS_v1.0_labelled/class_id/ETHZ/FPWW0330029_RGB1_20220718_104128.png,512,512,0.418182373046875,0.18281210958957672,0.009946771897375584,7.120383866147467,51.07688903808594,22.074127197265625,6.3873291015625,20.461654663085938,6.0,8.983612060546875,2.4486383182035354,39.91507430997877,19.35285685029695,2355,41,94
ETHZ,Source train,/icislab/volume3/benderick/futurama/gwfss25/GWFSS/GWFSS_v1.0_labelled/images/ETHZ/FPWW0330758_RGB1_20220314_140347.png,/icislab/volume3/benderick/futurama/gwfss25/GWFSS/GWFSS_v1.0_labelled/class_id/ETHZ/FPWW0330758_RGB1_20220314_140347.png,512,512,0.3851473331451416,0.18978241086006165,0.023550761863589287,7.44404713468483,86.5447998046875,0.0,0.0,13.4552001953125,,0.0,,,,0,0,0
ETHZ,Source train,/icislab/volume3/benderick/futurama/gwfss25/GWFSS/GWFSS_v1.0_labelled/images/ETHZ/FPWW0330758_RGB1_20220422_125820.png,/icislab/volume3/benderick/futurama/gwfss25/GWFSS/GWFSS_v1.0_labelled/class_id/ETHZ/FPWW0330758_RGB1_20220422_125820.png,512,512,0.37808743119239807,0.15988197922706604,0.16895198822021484,9.107508985361042,16.077804565429688,0.0,0.286102294921875,83.63609313964844,6.0,0.392913818359375,10.666666666666666,155.3398058252427,98.16176470588235,103,8,16
ETHZ,Source train,/icislab/volume3/benderick/futurama/gwfss25/GWFSS/GWFSS_v1.0_labelled/images/ETHZ/FPWW0330758_RGB1_20220509_143051.png,/icislab/volume3/benderick/futurama/gwfss25/GWFSS/GWFSS_v1.0_labelled/class_id/ETHZ/FPWW0330758_RGB1_20220509_143051.png,512,512,0.3443569242954254,0.20098133385181427,0.19556649029254913,10.904057224055483,8.551406860351562,0.0,0.0,91.44859313964844,,0.0,,,,0,0,0
ETHZ,Source train,/icislab/volume3/benderick/futurama/gwfss25/GWFSS/GWFSS_v1.0_labelled/images/ETHZ/FPWW0330758_RGB1_20220620_111956.png,/icislab/volume3/benderick/futurama/gwfss25/GWFSS/GWFSS_v1.0_labelled/class_id/ETHZ/FPWW0330758_RGB1_20220620_111956.png,512,512,0.3300567865371704,0.2140183299779892,0.10422059893608093,8.505435154900079,3.3290863037109375,22.490310668945312,1.8726348876953125,72.30796813964844,6.0,2.460479736328125,5.296394377673661,85.27131782945736,85.60553633217994,645,26,55
ETHZ,Source train,/icislab/volume3/benderick/futurama/gwfss25/GWFSS/GWFSS_v1.0_labelled/images/ETHZ/FPWW0330758_RGB1_20220711_135336.png,/icislab/volume3/benderick/futurama/gwfss25/GWFSS/GWFSS_v1.0_labelled/class_id/ETHZ/FPWW0330758_RGB1_20220711_135336.png,512,512,0.4011355936527252,0.21484291553497314,0.01456285547465086,7.669852551616099,22.156143188476562,28.541946411132812,3.7204742431640625,45.58143615722656,6.0,5.290985107421875,3.281041730749513,55.5155010814708,61.3998613998614,1387,32,77
ETHZ,Source train,/icislab/volume3/benderick/futurama/gwfss25/GWFSS/GWFSS_v1.0_labelled/images/ETHZ/FPWW0330768_RGB1_20220608_094752.png,/icislab/volume3/benderick/futurama/gwfss25/GWFSS/GWFSS_v1.0_labelled/class_id/ETHZ/FPWW0330768_RGB1_20220608_094752.png,512,512,0.33721572160720825,0.2071751356124878,0.09363286197185516,6.212051011714672,4.2774200439453125,11.792373657226562,2.841949462890625,81.0882568359375,7.211102550927978,3.490447998046875,5.369127516778524,90.7103825136612,94.76978095663836,915,40,83
ETHZ,Source train,/icislab/volume3/benderick/futurama/gwfss25/GWFSS/GWFSS_v1.0_labelled/images/ETHZ/FPWW0330768_RGB1_20220623_095205.png,/icislab/volume3/benderick/futurama/gwfss25/GWFSS/GWFSS_v1.0_labelled/class_id/ETHZ/FPWW0330768_RGB1_20220623_095205.png,512,512,0.3043251931667328,0.23881374299526215,0.0727439746260643,8.91615592927754,9.582138061523438,17.64373779296875,4.9983978271484375,67.77572631835938,6.0,6.927490234375,3.510646416851103,55.06607929515418,92.29614807403702,1816,46,100
ETHZ,Source train,/icislab/volume3/benderick/futurama/gwfss25/GWFSS/GWFSS_v1.0_labelled/images/ETHZ/FPWW0330768_RGB1_20220715_104102.png,/icislab/volume3/benderick/futurama/gwfss25/GWFSS/GWFSS_v1.0_labelled/class_id/ETHZ/FPWW0330768_RGB1_20220715_104102.png,512,512,0.32026180624961853,0.19858956336975098,0.014308525249361992,7.920120029410768,38.072967529296875,8.642196655273438,24.1790771484375,29.105758666992188,6.324555320336759,32.470703125,0.7572889057175313,22.791353383458645,42.80778894472362,8512,48,194
ETHZ,Source train,/icislab/volume3/benderick/futurama/gwfss25/GWFSS/GWFSS_v1.0_labelled/images/ETHZ/FPWW0330770_RGB1_20211202_102437.png,/icislab/volume3/benderick/futurama/gwfss25/GWFSS/GWFSS_v1.0_labelled/class_id/ETHZ/FPWW0330770_RGB1_20211202_102437.png,512,512,0.41586756706237793,0.06917685270309448,-0.010871676728129387,3.529033262021467,98.81591796875,0.0,0.0,1.18408203125,,0.0,,,,0,0,0
ETHZ,Source train,/icislab/volume3/benderick/futurama/gwfss25/GWFSS/GWFSS_v1.0_labelled/images/ETHZ/FPWW0330770_RGB1_20220506_093223.png,/icislab/volume3/benderick/futurama/gwfss25/GWFSS/GWFSS_v1.0_labelled/class_id/ETHZ/FPWW0330770_RGB1_20220506_093223.png,512,512,0.3786732852458954,0.12100938707590103,0.17741557955741882,8.015430665354527,14.249038696289062,0.0,0.0,85.75096130371094,,0.0,,,,0,0,0
ETHZ,Source train,/icislab/volume3/benderick/futurama/gwfss25/GWFSS/GWFSS_v1.0_labelled/images/ETHZ/FPWW0330770_RGB1_20220531_135114.png,/icislab/volume3/benderick/futurama/gwfss25/GWFSS/GWFSS_v1.0_labelled/class_id/ETHZ/FPWW0330770_RGB1_20220531_135114.png,512,512,0.3202783167362213,0.18447473645210266,0.09923221170902252,7.651678328372016,10.538101196289062,8.628082275390625,1.8337249755859375,79.00009155273438,6.0,2.44140625,4.784688995215311,79.6875,87.39837398373983,640,23,51
ETHZ,Source train,/icislab/volume3/benderick/futurama/gwfss25/GWFSS/GWFSS_v1.0_labelled/images/ETHZ/FPWW0330770_RGB1_20220623_094252.png,/icislab/volume3/benderick/futurama/gwfss25/GWFSS/GWFSS_v1.0_labelled/class_id/ETHZ/FPWW0330770_RGB1_20220623_094252.png,512,512,0.32673633098602295,0.2512064278125763,0.0873188003897667,10.055381054377467,6.0199737548828125,20.4498291015625,1.3332366943359375,72.19696044921875,5.656854249492381,2.00653076171875,8.869814020028612,121.67300380228137,93.94171779141104,526,31,64
ETHZ,Source train,/icislab/volume3/benderick/futurama/gwfss25/GWFSS/GWFSS_v1.0_labelled/images/ETHZ/FPWW0330770_RGB1_20220715_103209.png,/icislab/volume3/benderick/futurama/gwfss25/GWFSS/GWFSS_v1.0_labelled/class_id/ETHZ/FPWW0330770_RGB1_20220715_103209.png,512,512,0.37085238099098206,0.23250345885753632,0.005627007689327002,7.522140247776161,15.516281127929688,36.66343688964844,5.321502685546875,42.498779296875,6.0,7.999420166015625,3.225806451612903,48.16404387219838,83.39690374691496,2097,45,101
ETHZ,Source train,/icislab/volume3/benderick/futurama/gwfss25/GWFSS/GWFSS_v1.0_labelled/images/ETHZ/FPWW0330772_RGB1_20220408_122144.png,/icislab/volume3/benderick/futurama/gwfss25/GWFSS/GWFSS_v1.0_labelled/class_id/ETHZ/FPWW0330772_RGB1_20220408_122144.png,512,512,0.40660202503204346,0.08378522843122482,0.10182451456785202,8.97607353871592,49.08409118652344,0.0,0.0,50.91590881347656,,0.0,,,,0,0,0
ETHZ,Source train,/icislab/volume3/benderick/futurama/gwfss25/GWFSS/GWFSS_v1.0_labelled/images/ETHZ/FPWW0330772_RGB1_20220620_101414.png,/icislab/volume3/benderick/futurama/gwfss25/GWFSS/GWFSS_v1.0_labelled/class_id/ETHZ/FPWW0330772_RGB1_20220620_101414.png,512,512,0.33331143856048584,0.21951711177825928,0.08582845330238342,8.281035144155513,3.180694580078125,11.374282836914062,3.5003662109375,81.94465637207031,6.324555320336759,4.367828369140625,5.448997384481255,89.95633187772926,94.09607627429409,1145,50,103
ETHZ,Source train,/icislab/volume3/benderick/futurama/gwfss25/GWFSS/GWFSS_v1.0_labelled/images/ETHZ/FPWW0330772_RGB1_20220715_102336.png,/icislab/volume3/benderick/futurama/gwfss25/GWFSS/GWFSS_v1.0_labelled/class_id/ETHZ/FPWW0330772_RGB1_20220715_102336.png,512,512,0.37053608894348145,0.2243151217699051,-0.00403982400894165,7.42601042817189,18.27850341796875,27.68707275390625,5.035400390625,48.9990234375,7.211102550927978,6.175994873046875,2.6515151515151514,53.73687461395924,70.34068136272545,1619,35,87
ETHZ,Source train,/icislab/volume3/benderick/futurama/gwfss25/GWFSS/GWFSS_v1.0_labelled/images/ETHZ/FPWW0330773_RGB1_20220523_092537.png,/icislab/volume3/benderick/futurama/gwfss25/GWFSS/GWFSS_v1.0_labelled/class_id/ETHZ/FPWW0330773_RGB1_20220523_092537.png,512,512,0.30919939279556274,0.21316099166870117,0.11888724565505981,10.314051795948346,13.103485107421875,9.540557861328125,1.097869873046875,76.25808715820312,5.656854249492381,1.708984375,8.686587908269631,120.53571428571429,86.5979381443299,448,25,54
ETHZ,Source train,/icislab/volume3/benderick/futurama/gwfss25/GWFSS/GWFSS_v1.0_labelled/images/ETHZ/FPWW0330773_RGB1_20220623_092635.png,/icislab/volume3/benderick/futurama/gwfss25/GWFSS/GWFSS_v1.0_labelled/class_id/ETHZ/FPWW0330773_RGB1_20220623_092635.png,512,512,0.3319978415966034,0.26289618015289307,0.07270339876413345,10.357539949202113,10.586166381835938,22.332000732421875,1.686859130859375,65.39497375488281,4.47213595499958,2.742767333984375,7.688828584350972,102.92072322670376,91.63614163614163,719,34,74
ETHZ,Source train,/icislab/volume3/benderick/futurama/gwfss25/GWFSS/GWFSS_v1.0_labelled/images/ETHZ/FPWW0330773_RGB1_20220711_124049.png,/icislab/volume3/benderick/futurama/gwfss25/GWFSS/GWFSS_v1.0_labelled/class_id/ETHZ/FPWW0330773_RGB1_20220711_124049.png,512,512,0.3920215368270874,0.22123833000659943,0.015384390950202942,7.498519189782666,43.52760314941406,29.5806884765625,3.945159912109375,22.946548461914062,6.0,5.611419677734375,2.8040997872751885,48.266485384092455,40.80717488789238,1471,29,71
ETHZ,Source train,/icislab/volume3/benderick/futurama/gwfss25/GWFSS/GWFSS_v1.0_labelled/images/ETHZ/FPWW0330777_RGB1_20220301_125050.png,/icislab/volume3/benderick/futurama/gwfss25/GWFSS/GWFSS_v1.0_labelled/class_id/ETHZ/FPWW0330777_RGB1_20220301_125050.png,512,512,0.4256519377231598,0.1634596288204193,0.011224904097616673,6.503300980866449,94.22798156738281,0.0,0.0,5.7720184326171875,,0.0,,,,0,0,0
ETHZ,Source train,/icislab/volume3/benderick/futurama/gwfss25/GWFSS/GWFSS_v1.0_labelled/images/ETHZ/FPWW0330777_RGB1_20220411_095953.png,/icislab/volume3/benderick/futurama/gwfss25/GWFSS/GWFSS_v1.0_labelled/class_id/ETHZ/FPWW0330777_RGB1_20220411_095953.png,512,512,0.36603638529777527,0.179947167634964,0.08133601397275925,11.401808065799024,60.46600341796875,0.0,0.0,39.53399658203125,,0.0,,,,0,0,0
ETHZ,Source train,/icislab/volume3/benderick/futurama/gwfss25/GWFSS/GWFSS_v1.0_labelled/images/ETHZ/FPWW0330777_RGB1_20220509_131752.png,/icislab/volume3/benderick/futurama/gwfss25/GWFSS/GWFSS_v1.0_labelled/class_id/ETHZ/FPWW0330777_RGB1_20220509_131752.png,512,512,0.33623218536376953,0.19444039463996887,0.14282867312431335,9.778574030263442,8.676528930664062,0.0,1.1653900146484375,90.1580810546875,6.324555320336759,1.468658447265625,6.219312602291326,103.8961038961039,100.0,385,19,40
ETHZ,Source train,/icislab/volume3/benderick/futurama/gwfss25/GWFSS/GWFSS_v1.0_labelled/images/ETHZ/FPWW0330777_RGB1_20220623_093435.png,/icislab/volume3/benderick/futurama/gwfss25/GWFSS/GWFSS_v1.0_labelled/class_id/ETHZ/FPWW0330777_RGB1_20220623_093435.png,512,512,0.26530370116233826,0.23054087162017822,0.057428278028964996,9.379983336469339,14.6240234375,13.013839721679688,3.5003662109375,68.86177062988281,6.324555320336759,4.64630126953125,5.013077593722755,87.02791461412151,92.14414414414415,1218,46,106
ETHZ,Source train,/icislab/volume3/benderick/futurama/gwfss25/GWFSS/GWFSS_v1.0_labelled/images/ETHZ/FPWW0330777_RGB1_20220715_102347.png,/icislab/volume3/benderick/futurama/gwfss25/GWFSS/GWFSS_v1.0_labelled/class_id/ETHZ/FPWW0330777_RGB1_20220715_102347.png,512,512,0.3330564498901367,0.2300712764263153,0.004897592589259148,7.102427626196323,37.10441589355469,33.15238952636719,3.141021728515625,26.6021728515625,6.324555320336759,4.32586669921875,1.8217148409035706,36.15520282186949,60.008779631255486,1134,15,41
ETHZ,Source train,/icislab/volume3/benderick/futurama/gwfss25/GWFSS/GWFSS_v1.0_labelled/images/ETHZ/FPWW0330785_RGB1_20220509_135557.png,/icislab/volume3/benderick/futurama/gwfss25/GWFSS/GWFSS_v1.0_labelled/class_id/ETHZ/FPWW0330785_RGB1_20220509_135557.png,512,512,0.34377408027648926,0.13657966256141663,0.16676224768161774,9.17934218572156,15.983963012695312,0.0,1.375579833984375,82.64045715332031,5.656854249492381,2.094268798828125,8.042151968940654,116.57559198542805,83.11180609851446,549,29,64
ETHZ,Source train,/icislab/volume3/benderick/futurama/gwfss25/GWFSS/GWFSS_v1.0_labelled/images/ETHZ/FPWW0330785_RGB1_20220711_132633.png,/icislab/volume3/benderick/futurama/gwfss25/GWFSS/GWFSS_v1.0_labelled/class_id/ETHZ/FPWW0330785_RGB1_20220711_132633.png,512,512,0.3905814588069916,0.21007667481899261,0.01635511964559555,7.945422883501642,43.457794189453125,18.645095825195312,2.4261474609375,35.47096252441406,5.656854249492381,3.47900390625,4.716981132075472,72.36842105263158,54.048780487804876,912,30,66
ETHZ,Source train,/icislab/volume3/benderick/futurama/gwfss25/GWFSS/GWFSS_v1.0_labelled/images/ETHZ/FPWW0330788_RGB1_20220620_105906.png,/icislab/volume3/benderick/futurama/gwfss25/GWFSS/GWFSS_v1.0_labelled/class_id/ETHZ/FPWW0330788_RGB1_20220620_105906.png,512,512,0.3096606135368347,0.19925574958324432,0.12546402215957642,10.211534759770338,11.109161376953125,16.0980224609375,2.2335052490234375,70.55931091308594,7.211102550927978,2.47955322265625,5.2946199829205804,103.07692307692308,87.44719372359687,650,31,67
ETHZ,Source train,/icislab/volume3/benderick/futurama/gwfss25/GWFSS/GWFSS_v1.0_labelled/images/ETHZ/FPWW0330788_RGB1_20220715_111256.png,/icislab/volume3/benderick/futurama/gwfss25/GWFSS/GWFSS_v1.0_labelled/class_id/ETHZ/FPWW0330788_RGB1_20220715_111256.png,512,512,0.3529236912727356,0.2148451954126358,0.006086013745516539,7.74647377073665,25.110626220703125,23.981094360351562,3.426361083984375,47.48191833496094,8.0,3.95965576171875,2.5606769093743043,51.05973025048169,70.97625329815304,1038,23,53
ETHZ,Source train,/icislab/volume3/benderick/futurama/gwfss25/GWFSS/GWFSS_v1.0_labelled/images/ETHZ/FPWW0330790_RGB1_20220307_172733.png,/icislab/volume3/benderick/futurama/gwfss25/GWFSS/GWFSS_v1.0_labelled/class_id/ETHZ/FPWW0330790_RGB1_20220307_172733.png,512,512,0.42633184790611267,0.15615759789943695,0.005558852106332779,9.056051729075307,91.39060974121094,0.0,0.0,8.609390258789062,,0.0,,,,0,0,0
ETHZ,Source train,/icislab/volume3/benderick/futurama/gwfss25/GWFSS/GWFSS_v1.0_labelled/images/ETHZ/FPWW0330790_RGB1_20220506_101801.png,/icislab/volume3/benderick/futurama/gwfss25/GWFSS/GWFSS_v1.0_labelled/class_id/ETHZ/FPWW0330790_RGB1_20220506_101801.png,512,512,0.3718228042125702,0.1511819064617157,0.17849023640155792,9.226762636429504,15.761184692382812,0.0,0.0,84.23881530761719,,0.0,,,,0,0,0
ETHZ,Source train,/icislab/volume3/benderick/futurama/gwfss25/GWFSS/GWFSS_v1.0_labelled/images/ETHZ/FPWW0330790_RGB1_20220608_102425.png,/icislab/volume3/benderick/futurama/gwfss25/GWFSS/GWFSS_v1.0_labelled/class_id/ETHZ/FPWW0330790_RGB1_20220608_102425.png,512,512,0.3314240574836731,0.21600840985774994,0.10386136919260025,7.7213459942437845,7.6259613037109375,7.44781494140625,1.9519805908203125,82.9742431640625,7.211102550927978,2.262115478515625,3.9085401602501464,72.51264755480607,93.509272467903,593,20,43
ETHZ,Source train,/icislab/volume3/benderick/futurama/gwfss25/GWFSS/GWFSS_v1.0_labelled/images/ETHZ/FPWW0330790_RGB1_20220708_111019.png,/icislab/volume3/benderick/futurama/gwfss25/GWFSS/GWFSS_v1.0_labelled/class_id/ETHZ/FPWW0330790_RGB1_20220708_111019.png,512,512,0.39473778009414673,0.19432273507118225,0.03997603803873062,9.706408221094396,2.4166107177734375,13.647079467773438,23.460006713867188,60.47630310058594,6.324555320336759,32.772064208984375,0.8130213499406495,21.41776277499709,96.36476812947402,8591,50,184
ETHZ,Source train,/icislab/volume3/benderick/futurama/gwfss25/GWFSS/GWFSS_v1.0_labelled/images/ETHZ/FPWW0330794_RGB1_20220408_132724.png,/icislab/volume3/benderick/futurama/gwfss25/GWFSS/GWFSS_v1.0_labelled/class_id/ETHZ/FPWW0330794_RGB1_20220408_132724.png,512,512,0.4089207351207733,0.09854455292224884,0.10815159976482391,9.805992921223398,48.91700744628906,0.0,0.30975341796875,50.77323913574219,4.47213595499958,0.568389892578125,9.852216748768473,114.09395973154362,86.26865671641791,149,8,17
ETHZ,Source train,/icislab/volume3/benderick/futurama/gwfss25/GWFSS/GWFSS_v1.0_labelled/images/ETHZ/FPWW0330794_RGB1_20220429_134956.png,/icislab/volume3/benderick/futurama/gwfss25/GWFSS/GWFSS_v1.0_labelled/class_id/ETHZ/FPWW0330794_RGB1_20220429_134956.png,512,512,0.39082077145576477,0.13283422589302063,0.166636124253273,9.367756319287208,19.437789916992188,0.0,0.2105712890625,80.35163879394531,6.0,0.377655029296875,5.434782608695652,60.60606060606061,55.1219512195122,99,3,6
ETHZ,Source train,/icislab/volume3/benderick/futurama/gwfss25/GWFSS/GWFSS_v1.0_labelled/images/ETHZ/FPWW0330794_RGB1_20220620_112019.png,/icislab/volume3/benderick/futurama/gwfss25/GWFSS/GWFSS_v1.0_labelled/class_id/ETHZ/FPWW0330794_RGB1_20220620_112019.png,512,512,0.35658735036849976,0.1948876529932022,0.09004296362400055,7.706486245970399,5.9818267822265625,15.308380126953125,4.1683197021484375,74.54147338867188,7.211102550927978,5.14984130859375,3.477624233549922,63.7037037037037,87.47873426335488,1350,38,86
ETHZ,Source train,/icislab/volume3/benderick/futurama/gwfss25/GWFSS/GWFSS_v1.0_labelled/images/ETHZ/FPWW0330795_RGB1_20220310_141821.png,/icislab/volume3/benderick/futurama/gwfss25/GWFSS/GWFSS_v1.0_labelled/class_id/ETHZ/FPWW0330795_RGB1_20220310_141821.png,512,512,0.3965480625629425,0.19438382983207703,0.019227152690291405,7.189124964933259,88.17481994628906,0.0,0.0,11.825180053710938,,0.0,,,,0,0,0
ETHZ,Source train,/icislab/volume3/benderick/futurama/gwfss25/GWFSS/GWFSS_v1.0_labelled/images/ETHZ/FPWW0330795_RGB1_20220513_124219.png,/icislab/volume3/benderick/futurama/gwfss25/GWFSS/GWFSS_v1.0_labelled/class_id/ETHZ/FPWW0330795_RGB1_20220513_124219.png,512,512,0.2880166172981262,0.1575741171836853,0.14075855910778046,7.727170704880764,6.0916900634765625,0.0,0.10528564453125,93.80302429199219,6.324555320336759,0.12969970703125,10.869565217391305,176.47058823529412,88.0,34,3,6
ETHZ,Source train,/icislab/volume3/benderick/futurama/gwfss25/GWFSS/GWFSS_v1.0_labelled/images/ETHZ/FPWW0330795_RGB1_20220620_110728.png,/icislab/volume3/benderick/futurama/gwfss25/GWFSS/GWFSS_v1.0_labelled/class_id/ETHZ/FPWW0330795_RGB1_20220620_110728.png,512,512,0.32362040877342224,0.21677538752555847,0.09677711129188538,8.396049547823004,5.998992919921875,22.036361694335938,2.3715972900390625,69.59304809570312,5.656854249492381,3.72314453125,5.147177095061927,71.72131147540983,92.42496426869938,976,32,70
ETHZ,Source train,/icislab/volume3/benderick/futurama/gwfss25/GWFSS/GWFSS_v1.0_labelled/images/ETHZ/FPWW0330795_RGB1_20220708_111007.png,/icislab/volume3/benderick/futurama/gwfss25/GWFSS/GWFSS_v1.0_labelled/class_id/ETHZ/FPWW0330795_RGB1_20220708_111007.png,512,512,0.37588804960250854,0.23236234486103058,-0.0013959534699097276,8.72788760913171,12.413406372070312,38.680267333984375,2.765655517578125,46.14067077636719,6.0,3.94439697265625,2.0689655172413794,32.88201160541586,68.83356385431074,1034,15,34
ETHZ,Source train,/icislab/volume3/benderick/futurama/gwfss25/GWFSS/GWFSS_v1.0_labelled/images/ETHZ/FPWW0330805_RGB1_20220422_110542.png,/icislab/volume3/benderick/futurama/gwfss25/GWFSS/GWFSS_v1.0_labelled/class_id/ETHZ/FPWW0330805_RGB1_20220422_110542.png,512,512,0.36732780933380127,0.13076402246952057,0.1300671249628067,7.571146530693307,25.151824951171875,0.0,0.0492095947265625,74.79896545410156,4.0,0.09918212890625,15.503875968992247,153.84615384615384,58.208955223880594,26,2,4
ETHZ,Source train,/icislab/volume3/benderick/futurama/gwfss25/GWFSS/GWFSS_v1.0_labelled/images/ETHZ/FPWW0330805_RGB1_20220608_093857.png,/icislab/volume3/benderick/futurama/gwfss25/GWFSS/GWFSS_v1.0_labelled/class_id/ETHZ/FPWW0330805_RGB1_20220608_093857.png,512,512,0.286495566368103,0.17641772329807281,0.08863382041454315,6.313075465009669,5.5450439453125,5.49774169921875,1.3271331787109375,87.63008117675781,8.94427190999916,1.220703125,4.311583788444955,103.125,95.07620164126612,320,15,33
ETHZ,Source train,/icislab/volume3/benderick/futurama/gwfss25/GWFSS/GWFSS_v1.0_labelled/images/ETHZ/FPWW0330805_RGB1_20220629_132924.png,/icislab/volume3/benderick/futurama/gwfss25/GWFSS/GWFSS_v1.0_labelled/class_id/ETHZ/FPWW0330805_RGB1_20220629_132924.png,512,512,0.3544681966304779,0.18766780197620392,0.03137299790978432,8.447693445983067,20.541763305664062,12.081527709960938,8.33587646484375,59.04083251953125,7.211102550927978,10.47515869140625,1.2355848434925865,28.76911871813547,82.38605411294716,2746,27,79
ETHZ,Source train,/icislab/volume3/benderick/futurama/gwfss25/GWFSS/GWFSS_v1.0_labelled/images/ETHZ/FPWW0330805_RGB1_20220715_103247.png,/icislab/volume3/benderick/futurama/gwfss25/GWFSS/GWFSS_v1.0_labelled/class_id/ETHZ/FPWW0330805_RGB1_20220715_103247.png,512,512,0.3860394358634949,0.20171315968036652,0.01428406685590744,7.893802868315373,51.18522644042969,17.169570922851562,16.78009033203125,14.8651123046875,8.246211251235321,18.711090087890625,0.29553514594889513,16.717635066258918,17.433784579164215,4905,13,82
ETHZ,Source train,/icislab/volume3/benderick/futurama/gwfss25/GWFSS/GWFSS_v1.0_labelled/images/ETHZ/FPWW0330807_RGB1_20220513_102451.png,/icislab/volume3/benderick/futurama/gwfss25/GWFSS/GWFSS_v1.0_labelled/class_id/ETHZ/FPWW0330807_RGB1_20220513_102451.png,512,512,0.2893037497997284,0.15168339014053345,0.11342403292655945,8.007270423451587,12.08648681640625,0.0,0.9899139404296875,86.92359924316406,6.0,1.54876708984375,7.321772639691715,100.98522167487685,93.56846473029046,406,19,41
ETHZ,Source train,/icislab/volume3/benderick/futurama/gwfss25/GWFSS/GWFSS_v1.0_labelled/images/ETHZ/FPWW0330807_RGB1_20220613_110149.png,/icislab/volume3/benderick/futurama/gwfss25/GWFSS/GWFSS_v1.0_labelled/class_id/ETHZ/FPWW0330807_RGB1_20220613_110149.png,512,512,0.3422870337963104,0.1884763389825821,0.06391700357198715,5.220149779612281,4.1088104248046875,14.754486083984375,3.8898468017578125,77.24685668945312,6.0,5.916595458984375,5.29567519858782,76.72469374597034,95.11278195488721,1551,54,119
ETHZ,Source train,/icislab/volume3/benderick/futurama/gwfss25/GWFSS/GWFSS_v1.0_labelled/images/ETHZ/FPWW0330807_RGB1_20220715_102412.png,/icislab/volume3/benderick/futurama/gwfss25/GWFSS/GWFSS_v1.0_labelled/class_id/ETHZ/FPWW0330807_RGB1_20220715_102412.png,512,512,0.3296518623828888,0.2365538775920868,0.001606047386303544,6.884894970901058,28.375625610351562,36.05003356933594,4.6016693115234375,30.972671508789062,7.211102550927978,5.7373046875,2.486943546381497,45.87765957446808,74.8320097739768,1504,30,69
ETHZ,Source train,/icislab/volume3/benderick/futurama/gwfss25/GWFSS/GWFSS_v1.0_labelled/images/ETHZ/Plot9657WW0010002_Camera1_1.png,/icislab/volume3/benderick/futurama/gwfss25/GWFSS/GWFSS_v1.0_labelled/class_id/ETHZ/Plot9657WW0010002_Camera1_1.png,512,512,0.22414498031139374,0.14848922193050385,0.07066623866558075,7.477269789855294,40.819549560546875,0.0,0.0,59.180450439453125,,0.0,,,,0,0,0
ETHZ,Source train,/icislab/volume3/benderick/futurama/gwfss25/GWFSS/GWFSS_v1.0_labelled/images/ETHZ/Plot9657WW0010007_Camera1_2.png,/icislab/volume3/benderick/futurama/gwfss25/GWFSS/GWFSS_v1.0_labelled/class_id/ETHZ/Plot9657WW0010007_Camera1_2.png,512,512,0.24442490935325623,0.14084739983081818,0.044778868556022644,6.591251125200157,54.5867919921875,0.0,0.0,45.4132080078125,,0.0,,,,0,0,0
ETHZ,Source train,/icislab/volume3/benderick/futurama/gwfss25/GWFSS/GWFSS_v1.0_labelled/images/ETHZ/Plot9657WW0010007_Camera2_1.png,/icislab/volume3/benderick/futurama/gwfss25/GWFSS/GWFSS_v1.0_labelled/class_id/ETHZ/Plot9657WW0010007_Camera2_1.png,512,512,0.17402681708335876,0.1606750786304474,0.1368257999420166,9.837654154212983,24.53460693359375,3.4526824951171875,1.5605926513671875,70.45211791992188,8.246211251235321,1.7242431640625,2.9332681495966755,57.52212389380531,74.03258655804481,452,12,26
ETHZ,Source train,/icislab/volume3/benderick/futurama/gwfss25/GWFSS/GWFSS_v1.0_labelled/images/ETHZ/Plot9657WW0010007_Camera2_2.png,/icislab/volume3/benderick/futurama/gwfss25/GWFSS/GWFSS_v1.0_labelled/class_id/ETHZ/Plot9657WW0010007_Camera2_2.png,512,512,0.21867242455482483,0.15193304419517517,0.09809427708387375,9.644331274396874,60.68840026855469,0.0,0.0,39.31159973144531,,0.0,,,,0,0,0
ETHZ,Source train,/icislab/volume3/benderick/futurama/gwfss25/GWFSS/GWFSS_v1.0_labelled/images/ETHZ/Plot9657WW0010014_Camera2_2.png,/icislab/volume3/benderick/futurama/gwfss25/GWFSS/GWFSS_v1.0_labelled/class_id/ETHZ/Plot9657WW0010014_Camera2_2.png,512,512,0.22223591804504395,0.168252095580101,0.16963814198970795,13.69993196614659,68.41659545898438,0.0,0.0,31.583404541015625,,0.0,,,,0,0,0
ETHZ,Source train,/icislab/volume3/benderick/futurama/gwfss25/GWFSS/GWFSS_v1.0_labelled/images/ETHZ/Plot9657WW0010017_Camera1_1.png,/icislab/volume3/benderick/futurama/gwfss25/GWFSS/GWFSS_v1.0_labelled/class_id/ETHZ/Plot9657WW0010017_Camera1_1.png,512,512,0.16690663993358612,0.17922107875347137,0.10838201642036438,12.309914430201315,42.78984069824219,4.625701904296875,3.656005859375,48.92845153808594,10.198039027185569,2.925872802734375,1.2520868113522539,31.290743155149936,68.51088875809299,767,12,24
ETHZ,Source train,/icislab/volume3/benderick/futurama/gwfss25/GWFSS/GWFSS_v1.0_labelled/images/ETHZ/Plot9657WW0010021_Camera2_2.png,/icislab/volume3/benderick/futurama/gwfss25/GWFSS/GWFSS_v1.0_labelled/class_id/ETHZ/Plot9657WW0010021_Camera2_2.png,512,512,0.24708668887615204,0.17802883684635162,0.18925467133522034,14.371047862831432,71.37374877929688,0.0,0.0,28.626251220703125,,0.0,,,,0,0,0
ETHZ,Source train,/icislab/volume3/benderick/futurama/gwfss25/GWFSS/GWFSS_v1.0_labelled/images/ETHZ/Plot9657WW0010025_Camera2_2.png,/icislab/volume3/benderick/futurama/gwfss25/GWFSS/GWFSS_v1.0_labelled/class_id/ETHZ/Plot9657WW0010025_Camera2_2.png,512,512,0.22772231698036194,0.1291661560535431,0.03363833203911781,7.946918432072873,67.02423095703125,0.0,0.0,32.97576904296875,,0.0,,,,0,0,0
ETHZ,Source train,/icislab/volume3/benderick/futurama/gwfss25/GWFSS/GWFSS_v1.0_labelled/images/ETHZ/Plot9657WW0010033_Camera2_2.png,/icislab/volume3/benderick/futurama/gwfss25/GWFSS/GWFSS_v1.0_labelled/class_id/ETHZ/Plot9657WW0010033_Camera2_2.png,512,512,0.23799800872802734,0.15471646189689636,0.07592324167490005,8.0277945247034,29.8126220703125,0.0,0.0,70.1873779296875,,0.0,,,,0,0,0
ETHZ,Source train,/icislab/volume3/benderick/futurama/gwfss25/GWFSS/GWFSS_v1.0_labelled/images/ETHZ/Plot9657WW0010048_Camera2_2.png,/icislab/volume3/benderick/futurama/gwfss25/GWFSS/GWFSS_v1.0_labelled/class_id/ETHZ/Plot9657WW0010048_Camera2_2.png,512,512,0.15722088515758514,0.1634088009595871,0.07522545754909515,10.911694336116843,63.574981689453125,5.686187744140625,1.35650634765625,29.38232421875,6.324555320336759,1.682281494140625,3.937007874015748,65.75963718820861,60.19138755980861,441,14,29
ETHZ,Source train,/icislab/volume3/benderick/futurama/gwfss25/GWFSS/GWFSS_v1.0_labelled/images/ETHZ/Plot9657WW0010049_Camera2_2.png,/icislab/volume3/benderick/futurama/gwfss25/GWFSS/GWFSS_v1.0_labelled/class_id/ETHZ/Plot9657WW0010049_Camera2_2.png,512,512,0.2191462218761444,0.13060854375362396,0.03871910646557808,6.074862697873946,70.25489807128906,0.0,0.0,29.745101928710938,,0.0,,,,0,0,0
ETHZ,Source train,/icislab/volume3/benderick/futurama/gwfss25/GWFSS/GWFSS_v1.0_labelled/images/ETHZ/Plot9657WW0010058_Camera2_2.png,/icislab/volume3/benderick/futurama/gwfss25/GWFSS/GWFSS_v1.0_labelled/class_id/ETHZ/Plot9657WW0010058_Camera2_2.png,512,512,0.21326152980327606,0.2033824622631073,0.12380656599998474,13.593022043843193,52.922821044921875,12.935256958007812,7.332611083984375,26.809310913085938,8.0,8.670806884765625,1.50868796171054,30.796304443466784,24.089572494910655,2273,29,70
ETHZ,Source train,/icislab/volume3/benderick/futurama/gwfss25/GWFSS/GWFSS_v1.0_labelled/images/ETHZ/Plot9657WW0010062_Camera2_2.png,/icislab/volume3/benderick/futurama/gwfss25/GWFSS/GWFSS_v1.0_labelled/class_id/ETHZ/Plot9657WW0010062_Camera2_2.png,512,512,0.17603662610054016,0.141457661986351,0.14460435509681702,10.606890118917214,30.717849731445312,4.3437957763671875,3.40118408203125,61.53717041015625,7.211102550927978,4.00543212890625,3.028263795423957,58.095238095238095,81.1734909244407,1050,27,61
ETHZ,Source train,/icislab/volume3/benderick/futurama/gwfss25/GWFSS/GWFSS_v1.0_labelled/images/ETHZ/Plot9657WW0010066_Camera2_2.png,/icislab/volume3/benderick/futurama/gwfss25/GWFSS/GWFSS_v1.0_labelled/class_id/ETHZ/Plot9657WW0010066_Camera2_2.png,512,512,0.19885416328907013,0.1847866028547287,0.14512450993061066,11.328527932940737,37.493133544921875,8.021926879882812,2.2647857666015625,52.22015380859375,7.211102550927978,2.777099609375,4.210880916287687,72.8021978021978,68.38978015448603,728,25,53
ETHZ,Source train,/icislab/volume3/benderick/futurama/gwfss25/GWFSS/GWFSS_v1.0_labelled/images/ETHZ/Plot9657WW0010070_Camera2_2.png,/icislab/volume3/benderick/futurama/gwfss25/GWFSS/GWFSS_v1.0_labelled/class_id/ETHZ/Plot9657WW0010070_Camera2_2.png,512,512,0.22043544054031372,0.1665528416633606,0.16702336072921753,14.170686496875168,38.17710876464844,7.7854156494140625,1.148223876953125,52.889251708984375,6.324555320336759,1.461029052734375,5.3156146179401995,91.38381201044386,58.11277330264672,383,16,35
ETHZ,Source train,/icislab/volume3/benderick/futurama/gwfss25/GWFSS/GWFSS_v1.0_labelled/images/ETHZ/Plot9657WW0010072_Camera2_2.png,/icislab/volume3/benderick/futurama/gwfss25/GWFSS/GWFSS_v1.0_labelled/class_id/ETHZ/Plot9657WW0010072_Camera2_2.png,512,512,0.24092380702495575,0.14180538058280945,0.040556322783231735,6.71063690510177,56.4178466796875,0.0,0.0,43.5821533203125,,0.0,,,,0,0,0
ETHZ,Source train,/icislab/volume3/benderick/futurama/gwfss25/GWFSS/GWFSS_v1.0_labelled/images/ETHZ/Plot9657WW0020002_Camera1_1.png,/icislab/volume3/benderick/futurama/gwfss25/GWFSS/GWFSS_v1.0_labelled/class_id/ETHZ/Plot9657WW0020002_Camera1_1.png,512,512,0.1882338672876358,0.15634335577487946,0.13404163718223572,7.448038459905435,16.991043090820312,6.383514404296875,1.66168212890625,74.96376037597656,7.211102550927978,2.101898193359375,3.443526170798898,56.261343012704174,55.011838989739545,551,15,31
ETHZ,Source train,/icislab/volume3/benderick/futurama/gwfss25/GWFSS/GWFSS_v1.0_labelled/images/ETHZ/Plot9657WW0020002_Camera1_2.png,/icislab/volume3/benderick/futurama/gwfss25/GWFSS/GWFSS_v1.0_labelled/class_id/ETHZ/Plot9657WW0020002_Camera1_2.png,512,512,0.22686463594436646,0.14883597195148468,0.055372755974531174,7.760397141518788,49.54566955566406,0.0,0.0,50.45433044433594,,0.0,,,,0,0,0
ETHZ,Source train,/icislab/volume3/benderick/futurama/gwfss25/GWFSS/GWFSS_v1.0_labelled/images/ETHZ/Plot9657WW0020002_Camera2_1.png,/icislab/volume3/benderick/futurama/gwfss25/GWFSS/GWFSS_v1.0_labelled/class_id/ETHZ/Plot9657WW0020002_Camera2_1.png,512,512,0.14502865076065063,0.1398676633834839,0.10387175530195236,8.45913262908126,29.329681396484375,5.3661346435546875,2.471160888671875,62.83302307128906,10.0,2.208709716796875,2.624266748996604,60.44905008635578,61.37370753323486,579,17,35
ETHZ,Source train,/icislab/volume3/benderick/futurama/gwfss25/GWFSS/GWFSS_v1.0_labelled/images/ETHZ/Plot9657WW0020003_Camera1_2.png,/icislab/volume3/benderick/futurama/gwfss25/GWFSS/GWFSS_v1.0_labelled/class_id/ETHZ/Plot9657WW0020003_Camera1_2.png,512,512,0.22326402366161346,0.1503860503435135,0.05008164793252945,7.4200682301503305,49.00169372558594,0.0,0.0,50.99830627441406,,0.0,,,,0,0,0
ETHZ,Source train,/icislab/volume3/benderick/futurama/gwfss25/GWFSS/GWFSS_v1.0_labelled/images/ETHZ/Plot9657WW0020009_Camera1_2.png,/icislab/volume3/benderick/futurama/gwfss25/GWFSS/GWFSS_v1.0_labelled/class_id/ETHZ/Plot9657WW0020009_Camera1_2.png,512,512,0.22484040260314941,0.14338946342468262,0.04434138163924217,6.941995945165029,52.81639099121094,0.0,0.0,47.18360900878906,,0.0,,,,0,0,0
ETHZ,Source train,/icislab/volume3/benderick/futurama/gwfss25/GWFSS/GWFSS_v1.0_labelled/images/ETHZ/Plot9657WW0020015_Camera2_2.png,/icislab/volume3/benderick/futurama/gwfss25/GWFSS/GWFSS_v1.0_labelled/class_id/ETHZ/Plot9657WW0020015_Camera2_2.png,512,512,0.16422058641910553,0.1832171380519867,0.09773228317499161,7.6865713747374995,28.242111206054688,6.1614990234375,1.9443511962890625,63.65203857421875,7.211102550927978,2.475738525390625,3.9238767902687854,63.17411402157165,75.42932628797887,649,20,41
ETHZ,Source train,/icislab/volume3/benderick/futurama/gwfss25/GWFSS/GWFSS_v1.0_labelled/images/ETHZ/Plot9657WW0020019_Camera2_2.png,/icislab/volume3/benderick/futurama/gwfss25/GWFSS/GWFSS_v1.0_labelled/class_id/ETHZ/Plot9657WW0020019_Camera2_2.png,512,512,0.17708195745944977,0.17866969108581543,0.128981351852417,11.459760820385418,39.23454284667969,4.248809814453125,2.117919921875,54.39872741699219,7.211102550927978,2.57110595703125,3.962536023054755,71.21661721068249,66.64429530201342,674,22,48
ETHZ,Source train,/icislab/volume3/benderick/futurama/gwfss25/GWFSS/GWFSS_v1.0_labelled/images/ETHZ/Plot9657WW0030010_Camera1_2.png,/icislab/volume3/benderick/futurama/gwfss25/GWFSS/GWFSS_v1.0_labelled/class_id/ETHZ/Plot9657WW0030010_Camera1_2.png,512,512,0.27650436758995056,0.2196711301803589,0.1838378608226776,12.065768727021815,2.0534515380859375,17.214584350585938,11.350631713867188,69.38133239746094,5.656854249492381,21.81243896484375,1.6467820534363973,21.336131514515564,96.29629629629629,5718,49,122
ETHZ,Source train,/icislab/volume3/benderick/futurama/gwfss25/GWFSS/GWFSS_v1.0_labelled/images/ETHZ/Plot9657WW0030014_Camera2_2.png,/icislab/volume3/benderick/futurama/gwfss25/GWFSS/GWFSS_v1.0_labelled/class_id/ETHZ/Plot9657WW0030014_Camera2_2.png,512,512,0.17864525318145752,0.1853674054145813,0.1319379210472107,10.64205403561409,2.9376983642578125,18.221664428710938,11.951065063476562,66.88957214355469,6.0,19.687652587890625,1.1490950876185004,18.01976361170316,92.95374362994905,5161,36,93
INRAE,Source train,/icislab/volume3/benderick/futurama/gwfss25/GWFSS/GWFSS_v1.0_labelled/images/INRAE/phenomobile_45_2021_FFAST_Mauguio_2021-05-03_uplot_Plot_0019_camera_2_4_RGB_WB.png,/icislab/volume3/benderick/futurama/gwfss25/GWFSS/GWFSS_v1.0_labelled/class_id/INRAE/phenomobile_45_2021_FFAST_Mauguio_2021-05-03_uplot_Plot_0019_camera_2_4_RGB_WB.png,512,512,0.37731635570526123,0.09631739556789398,0.16480259597301483,4.318483786290477,0.025177001953125,0.0,0.0,99.97482299804688,,0.0,,,,0,0,0
INRAE,Source train,/icislab/volume3/benderick/futurama/gwfss25/GWFSS/GWFSS_v1.0_labelled/images/INRAE/phenomobile_45_2021_FFAST_Mauguio_2021-05-03_uplot_Plot_0102_camera_2_6_RGB_WB.png,/icislab/volume3/benderick/futurama/gwfss25/GWFSS/GWFSS_v1.0_labelled/class_id/INRAE/phenomobile_45_2021_FFAST_Mauguio_2021-05-03_uplot_Plot_0102_camera_2_6_RGB_WB.png,512,512,0.36144086718559265,0.12202248722314835,0.10394560545682907,5.851851055724118,1.256561279296875,6.999969482421875,1.7536163330078125,89.98985290527344,8.0,2.166748046875,2.3928649118990646,45.774647887323944,97.49582637729549,568,11,26
INRAE,Source train,/icislab/volume3/benderick/futurama/gwfss25/GWFSS/GWFSS_v1.0_labelled/images/INRAE/phenomobile_45_2021_FFAST_Mauguio_2021-05-25_uplot_Plot_0078_camera_2_5_RGB_WB.png,/icislab/volume3/benderick/futurama/gwfss25/GWFSS/GWFSS_v1.0_labelled/class_id/INRAE/phenomobile_45_2021_FFAST_Mauguio_2021-05-25_uplot_Plot_0078_camera_2_5_RGB_WB.png,512,512,0.3845534324645996,0.13239893317222595,0.11843801289796829,5.152194841670237,4.8702239990234375,36.20758056640625,3.295135498046875,55.62705993652344,6.0,5.40924072265625,2.6626533919888864,33.14527503526093,86.12967914438502,1418,23,47
INRAE,Source train,/icislab/volume3/benderick/futurama/gwfss25/GWFSS/GWFSS_v1.0_labelled/images/INRAE/phenomobile_45_2021_FFAST_Mauguio_2021-05-25_uplot_Plot_0181_camera_2_6_RGB_WB.png,/icislab/volume3/benderick/futurama/gwfss25/GWFSS/GWFSS_v1.0_labelled/class_id/INRAE/phenomobile_45_2021_FFAST_Mauguio_2021-05-25_uplot_Plot_0181_camera_2_6_RGB_WB.png,512,512,0.34663712978363037,0.0977284237742424,0.08505312353372574,4.4957627311233175,3.4023284912109375,12.213897705078125,5.3638458251953125,79.01992797851562,8.0,7.60650634765625,1.5646113363203187,26.078234704112337,96.06499111449607,1994,22,52
INRAE,Source train,/icislab/volume3/benderick/futurama/gwfss25/GWFSS/GWFSS_v1.0_labelled/images/INRAE/phenomobile_45_2021_FFAST_Mauguio_2021-05-31_uplot_Plot_0014_camera_2_5_RGB_WB.png,/icislab/volume3/benderick/futurama/gwfss25/GWFSS/GWFSS_v1.0_labelled/class_id/INRAE/phenomobile_45_2021_FFAST_Mauguio_2021-05-31_uplot_Plot_0014_camera_2_5_RGB_WB.png,512,512,0.3494533598423004,0.11229602247476578,0.1116790696978569,4.869673318144834,4.241943359375,9.318923950195312,8.32366943359375,78.11546325683594,8.0,10.2081298828125,1.7415215398716775,33.25859491778774,81.1049127226921,2676,38,89
INRAE,Source train,/icislab/volume3/benderick/futurama/gwfss25/GWFSS/GWFSS_v1.0_labelled/images/INRAE/phenomobile_45_2021_FFAST_Mauguio_2021-05-31_uplot_Plot_0076_camera_2_3_RGB_WB.png,/icislab/volume3/benderick/futurama/gwfss25/GWFSS/GWFSS_v1.0_labelled/class_id/INRAE/phenomobile_45_2021_FFAST_Mauguio_2021-05-31_uplot_Plot_0076_camera_2_3_RGB_WB.png,512,512,0.3850803077220917,0.13905870914459229,0.10377632081508636,5.384124278742805,4.815673828125,27.498245239257812,8.00933837890625,59.67674255371094,6.324555320336759,11.264801025390625,1.6193560678224423,26.413816457839484,87.05626255860683,2953,34,78
INRAE,Source train,/icislab/volume3/benderick/futurama/gwfss25/GWFSS/GWFSS_v1.0_labelled/images/INRAE/phenomobile_45_2021_FFAST_Mauguio_2021-06-22_uplot_Plot_0029_camera_2_1_RGB_WB.png,/icislab/volume3/benderick/futurama/gwfss25/GWFSS/GWFSS_v1.0_labelled/class_id/INRAE/phenomobile_45_2021_FFAST_Mauguio_2021-06-22_uplot_Plot_0029_camera_2_1_RGB_WB.png,512,512,0.4700391888618469,0.10817613452672958,0.0033027781173586845,4.898229368835601,0.0,16.260910034179688,16.061019897460938,67.67807006835938,6.324555320336759,22.357940673828125,1.0213048951381136,20.30370243985668,97.23084886128365,5861,43,119
INRAE,Source train,/icislab/volume3/benderick/futurama/gwfss25/GWFSS/GWFSS_v1.0_labelled/images/INRAE/phenomobile_45_2021_FFAST_Mauguio_2021-06-22_uplot_Plot_0033_camera_2_4_RGB_WB.png,/icislab/volume3/benderick/futurama/gwfss25/GWFSS/GWFSS_v1.0_labelled/class_id/INRAE/phenomobile_45_2021_FFAST_Mauguio_2021-06-22_uplot_Plot_0033_camera_2_4_RGB_WB.png,512,512,0.4798352122306824,0.15093041956424713,0.034864641726017,5.85470635939314,1.4255523681640625,33.762359619140625,13.199234008789062,51.61285400390625,6.0,18.2647705078125,1.705153030259241,29.03091060985798,88.50873544093179,4788,59,139
INRAE,Source train,/icislab/volume3/benderick/futurama/gwfss25/GWFSS/GWFSS_v1.0_labelled/images/INRAE/phenomobile_45_2022_FFAST_Clermont_2022-06-22_uplot_E1_C01_camera_2_1_RGB_WB.png,/icislab/volume3/benderick/futurama/gwfss25/GWFSS/GWFSS_v1.0_labelled/class_id/INRAE/phenomobile_45_2022_FFAST_Clermont_2022-06-22_uplot_E1_C01_camera_2_1_RGB_WB.png,512,512,0.6194834113121033,0.1916336864233017,0.03968928009271622,7.414773578948357,21.671676635742188,26.841354370117188,25.960159301757812,25.526809692382812,10.0,28.255462646484375,0.36736073354591275,16.740920750641287,64.34190620272315,7407,25,124
INRAE,Source train,/icislab/volume3/benderick/futurama/gwfss25/GWFSS/GWFSS_v1.0_labelled/images/INRAE/phenomobile_45_2022_FFAST_Clermont_2022-06-22_uplot_E1_F08_camera_2_1_RGB_WB.png,/icislab/volume3/benderick/futurama/gwfss25/GWFSS/GWFSS_v1.0_labelled/class_id/INRAE/phenomobile_45_2022_FFAST_Clermont_2022-06-22_uplot_E1_F08_camera_2_1_RGB_WB.png,512,512,0.6712087392807007,0.160278782248497,0.02786989137530327,8.851784174837874,8.786773681640625,7.4855804443359375,14.780807495117188,68.94683837890625,8.0,19.683837890625,0.5419774434149741,13.565891472868216,94.76744186046511,5160,21,70
INRAE,Source train,/icislab/volume3/benderick/futurama/gwfss25/GWFSS/GWFSS_v1.0_labelled/images/INRAE/phenomobile_45_2022_FFAST_Mauguio_2022-03-23_uplot_Plot_0082_camera_2_3_RGB_WB.png,/icislab/volume3/benderick/futurama/gwfss25/GWFSS/GWFSS_v1.0_labelled/class_id/INRAE/phenomobile_45_2022_FFAST_Mauguio_2022-03-23_uplot_Plot_0082_camera_2_3_RGB_WB.png,512,512,0.3503933846950531,0.08116471767425537,0.12862728536128998,4.835170108244377,9.642410278320312,0.0,0.83465576171875,89.52293395996094,5.656854249492381,1.689910888671875,3.19926873857404,36.11738148984199,84.05797101449275,443,7,16
INRAE,Source train,/icislab/volume3/benderick/futurama/gwfss25/GWFSS/GWFSS_v1.0_labelled/images/INRAE/phenomobile_45_2022_FFAST_Mauguio_2022-03-23_uplot_Plot_0145_camera_2_6_RGB_WB.png,/icislab/volume3/benderick/futurama/gwfss25/GWFSS/GWFSS_v1.0_labelled/class_id/INRAE/phenomobile_45_2022_FFAST_Mauguio_2022-03-23_uplot_Plot_0145_camera_2_6_RGB_WB.png,512,512,0.6145594716072083,0.106916643679142,0.0314740426838398,6.524819522180809,76.36909484863281,0.0,0.0,23.630905151367188,,0.0,,,,0,0,0
INRAE,Source train,/icislab/volume3/benderick/futurama/gwfss25/GWFSS/GWFSS_v1.0_labelled/images/INRAE/phenomobile_45_2022_FFAST_Mauguio_2022-03-23_uplot_Plot_0163_camera_2_6_RGB_WB.png,/icislab/volume3/benderick/futurama/gwfss25/GWFSS/GWFSS_v1.0_labelled/class_id/INRAE/phenomobile_45_2022_FFAST_Mauguio_2022-03-23_uplot_Plot_0163_camera_2_6_RGB_WB.png,512,512,0.5540335178375244,0.12558312714099884,0.05873662978410721,7.127443334438178,59.01451110839844,0.0,0.0,40.98548889160156,,0.0,,,,0,0,0
INRAE,Source train,/icislab/volume3/benderick/futurama/gwfss25/GWFSS/GWFSS_v1.0_labelled/images/INRAE/phenomobile_45_2022_FFAST_Mauguio_2022-04-15_uplot_Plot_0098_camera_2_5_RGB_WB.png,/icislab/volume3/benderick/futurama/gwfss25/GWFSS/GWFSS_v1.0_labelled/class_id/INRAE/phenomobile_45_2022_FFAST_Mauguio_2022-04-15_uplot_Plot_0098_camera_2_5_RGB_WB.png,512,512,0.41561159491539,0.16023805737495422,0.14482785761356354,4.712500902288566,3.2928466796875,0.0,0.2758026123046875,96.43135070800781,8.0,0.324249267578125,4.149377593360996,70.58823529411765,100.0,85,3,6
INRAE,Source train,/icislab/volume3/benderick/futurama/gwfss25/GWFSS/GWFSS_v1.0_labelled/images/INRAE/phenomobile_45_2022_FFAST_Mauguio_2022-05-02_uplot_Plot_0046_camera_2_5_RGB_WB.png,/icislab/volume3/benderick/futurama/gwfss25/GWFSS/GWFSS_v1.0_labelled/class_id/INRAE/phenomobile_45_2022_FFAST_Mauguio_2022-05-02_uplot_Plot_0046_camera_2_5_RGB_WB.png,512,512,0.30471116304397583,0.09620439261198044,0.1128440797328949,4.3153672952283175,6.2953948974609375,11.375045776367188,2.3136138916015625,80.01594543457031,8.0,2.78472900390625,1.6488046166529267,31.506849315068493,84.92328218812541,730,10,23
INRAE,Source train,/icislab/volume3/benderick/futurama/gwfss25/GWFSS/GWFSS_v1.0_labelled/images/INRAE/phenomobile_45_2022_FFAST_Mauguio_2022-05-02_uplot_Plot_0134_camera_2_2_RGB_WB.png,/icislab/volume3/benderick/futurama/gwfss25/GWFSS/GWFSS_v1.0_labelled/class_id/INRAE/phenomobile_45_2022_FFAST_Mauguio_2022-05-02_uplot_Plot_0134_camera_2_2_RGB_WB.png,512,512,0.29823583364486694,0.08896274864673615,0.11266595125198364,4.285440314484523,3.034210205078125,0.0,2.5943756103515625,94.37141418457031,6.324555320336759,3.635406494140625,3.0877812086457874,51.41657922350472,89.15537017726798,953,21,49
INRAE,Source train,/icislab/volume3/benderick/futurama/gwfss25/GWFSS/GWFSS_v1.0_labelled/images/INRAE/phenomobile_45_2022_FFAST_Mauguio_2022-05-18_uplot_Plot_0017_camera_2_4_RGB_WB.png,/icislab/volume3/benderick/futurama/gwfss25/GWFSS/GWFSS_v1.0_labelled/class_id/INRAE/phenomobile_45_2022_FFAST_Mauguio_2022-05-18_uplot_Plot_0017_camera_2_4_RGB_WB.png,512,512,0.3048992156982422,0.11230605095624924,0.09461141377687454,4.272168746682414,1.9603729248046875,6.63299560546875,5.2890777587890625,86.1175537109375,8.246211251235321,6.1492919921875,2.163721601153985,41.563275434243174,92.16686674669867,1612,30,67
INRAE,Source train,/icislab/volume3/benderick/futurama/gwfss25/GWFSS/GWFSS_v1.0_labelled/images/INRAE/phenomobile_45_2022_FFAST_Mauguio_2022-05-18_uplot_Plot_0068_camera_2_3_RGB_WB.png,/icislab/volume3/benderick/futurama/gwfss25/GWFSS/GWFSS_v1.0_labelled/class_id/INRAE/phenomobile_45_2022_FFAST_Mauguio_2022-05-18_uplot_Plot_0068_camera_2_3_RGB_WB.png,512,512,0.36552199721336365,0.1353602409362793,0.11210440844297409,5.152265383758312,1.6086578369140625,26.457595825195312,11.32354736328125,60.610198974609375,8.0,13.20648193359375,1.8528500202129092,34.66204506065858,87.35346848710523,3462,55,120
INRAE,Source train,/icislab/volume3/benderick/futurama/gwfss25/GWFSS/GWFSS_v1.0_labelled/images/INRAE/phenomobile_45_2022_FFAST_Mauguio_2022-05-18_uplot_Plot_0128_camera_2_5_RGB_WB.png,/icislab/volume3/benderick/futurama/gwfss25/GWFSS/GWFSS_v1.0_labelled/class_id/INRAE/phenomobile_45_2022_FFAST_Mauguio_2022-05-18_uplot_Plot_0128_camera_2_5_RGB_WB.png,512,512,0.3688003718852997,0.12334148585796356,0.09675515443086624,5.083079916902036,2.8018951416015625,31.658554077148438,9.659576416015625,55.879974365234375,6.0,14.537811279296875,2.2115156780665033,33.32458672264497,93.2168014609966,3811,56,127
INRAE,Source train,/icislab/volume3/benderick/futurama/gwfss25/GWFSS/GWFSS_v1.0_labelled/images/INRAE/phenomobile_45_2022_FFAST_Mauguio_2022-05-18_uplot_Plot_0163_camera_2_5_RGB_WB.png,/icislab/volume3/benderick/futurama/gwfss25/GWFSS/GWFSS_v1.0_labelled/class_id/INRAE/phenomobile_45_2022_FFAST_Mauguio_2022-05-18_uplot_Plot_0163_camera_2_5_RGB_WB.png,512,512,0.3906349837779999,0.15402378141880035,0.06598658114671707,5.215411606154057,7.12127685546875,9.813308715820312,11.768722534179688,71.29669189453125,8.0,14.965057373046875,3.2737998768273315,55.314810094315575,84.31668019010084,3923,101,217
INRAE,Source train,/icislab/volume3/benderick/futurama/gwfss25/GWFSS/GWFSS_v1.0_labelled/images/INRAE/phenomobile_45_2022_FFAST_Mauguio_2022-05-23_uplot_Plot_0006_camera_2_1_RGB_WB.png,/icislab/volume3/benderick/futurama/gwfss25/GWFSS/GWFSS_v1.0_labelled/class_id/INRAE/phenomobile_45_2022_FFAST_Mauguio_2022-05-23_uplot_Plot_0006_camera_2_1_RGB_WB.png,512,512,0.3442591428756714,0.10891876369714737,0.11119918525218964,4.383728975661987,3.2871246337890625,16.112518310546875,3.2466888427734375,77.35366821289062,6.0,4.70733642578125,2.349900129244507,33.22528363047002,86.01776747779066,1234,20,41
INRAE,Source train,/icislab/volume3/benderick/futurama/gwfss25/GWFSS/GWFSS_v1.0_labelled/images/INRAE/phenomobile_45_2022_FFAST_Mauguio_2022-05-23_uplot_Plot_0070_camera_2_2_RGB_WB.png,/icislab/volume3/benderick/futurama/gwfss25/GWFSS/GWFSS_v1.0_labelled/class_id/INRAE/phenomobile_45_2022_FFAST_Mauguio_2022-05-23_uplot_Plot_0070_camera_2_2_RGB_WB.png,512,512,0.3664226233959198,0.13236849009990692,0.10166898369789124,5.101253204030282,3.099822998046875,36.490631103515625,7.8281402587890625,52.58140563964844,6.0,11.810302734375,2.241606159543882,34.23772609819122,82.97403619197482,3096,46,106
INRAE,Source train,/icislab/volume3/benderick/futurama/gwfss25/GWFSS/GWFSS_v1.0_labelled/images/INRAE/phenomobile_45_2022_FFAST_Mauguio_2022-05-23_uplot_Plot_0089_camera_2_4_RGB_WB.png,/icislab/volume3/benderick/futurama/gwfss25/GWFSS/GWFSS_v1.0_labelled/class_id/INRAE/phenomobile_45_2022_FFAST_Mauguio_2022-05-23_uplot_Plot_0089_camera_2_4_RGB_WB.png,512,512,0.4075014591217041,0.1235591322183609,0.08933030068874359,5.363805915360833,1.532745361328125,37.848663330078125,8.442306518554688,52.17628479003906,8.0,11.08551025390625,0.5874113234828973,17.894012388162423,91.42550911039658,2906,13,52
INRAE,Source train,/icislab/volume3/benderick/futurama/gwfss25/GWFSS/GWFSS_v1.0_labelled/images/INRAE/phenomobile_45_2022_FFAST_Mauguio_2022-06-01_uplot_Plot_0011_camera_2_4_RGB_WB.png,/icislab/volume3/benderick/futurama/gwfss25/GWFSS/GWFSS_v1.0_labelled/class_id/INRAE/phenomobile_45_2022_FFAST_Mauguio_2022-06-01_uplot_Plot_0011_camera_2_4_RGB_WB.png,512,512,0.3975481390953064,0.11196456849575043,0.0820460245013237,4.968552129752325,6.1901092529296875,20.810317993164062,10.48736572265625,62.51220703125,8.0,14.44244384765625,1.2367234104466753,22.71526677231907,91.7684127609295,3786,34,86
INRAE,Source train,/icislab/volume3/benderick/futurama/gwfss25/GWFSS/GWFSS_v1.0_labelled/images/INRAE/phenomobile_45_2022_FFAST_Mauguio_2022-06-01_uplot_Plot_0058_camera_2_5_RGB_WB.png,/icislab/volume3/benderick/futurama/gwfss25/GWFSS/GWFSS_v1.0_labelled/class_id/INRAE/phenomobile_45_2022_FFAST_Mauguio_2022-06-01_uplot_Plot_0058_camera_2_5_RGB_WB.png,512,512,0.42406269907951355,0.12501178681850433,0.06533810496330261,5.6317923382955595,11.716461181640625,25.458908081054688,7.7320098876953125,55.092620849609375,6.0,12.4053955078125,2.220139128718733,30.44280442804428,85.83965491596014,3252,45,99
INRAE,Source train,/icislab/volume3/benderick/futurama/gwfss25/GWFSS/GWFSS_v1.0_labelled/images/INRAE/phenomobile_45_2022_FFAST_Mauguio_2022-06-01_uplot_Plot_0099_camera_2_6_RGB_WB.png,/icislab/volume3/benderick/futurama/gwfss25/GWFSS/GWFSS_v1.0_labelled/class_id/INRAE/phenomobile_45_2022_FFAST_Mauguio_2022-06-01_uplot_Plot_0099_camera_2_6_RGB_WB.png,512,512,0.49512535333633423,0.14083747565746307,0.02348358929157257,5.484520611411361,1.261138916015625,32.60078430175781,4.74700927734375,61.39106750488281,6.0,7.602691650390625,1.6072002571520412,31.108881083793275,97.1435858199439,1993,20,62
INRAE,Source train,/icislab/volume3/benderick/futurama/gwfss25/GWFSS/GWFSS_v1.0_labelled/images/INRAE/phenomobile_45_2022_FFAST_Mauguio_2022-06-07_uplot_Plot_0009_camera_2_5_RGB_WB.png,/icislab/volume3/benderick/futurama/gwfss25/GWFSS/GWFSS_v1.0_labelled/class_id/INRAE/phenomobile_45_2022_FFAST_Mauguio_2022-06-07_uplot_Plot_0009_camera_2_5_RGB_WB.png,512,512,0.43185585737228394,0.15087160468101501,0.037020809948444366,6.35105526174049,10.509490966796875,12.109375,21.4996337890625,55.881500244140625,6.324555320336759,29.682159423828125,1.8985095812633073,34.95694640791672,81.7684887459807,7781,107,272
INRAE,Source train,/icislab/volume3/benderick/futurama/gwfss25/GWFSS/GWFSS_v1.0_labelled/images/INRAE/phenomobile_45_2022_FFAST_Mauguio_2022-06-07_uplot_Plot_0079_camera_2_5_RGB_WB.png,/icislab/volume3/benderick/futurama/gwfss25/GWFSS/GWFSS_v1.0_labelled/class_id/INRAE/phenomobile_45_2022_FFAST_Mauguio_2022-06-07_uplot_Plot_0079_camera_2_5_RGB_WB.png,512,512,0.5761205554008484,0.14561209082603455,0.017548194155097008,6.223007119012142,0.8121490478515625,30.266571044921875,12.633514404296875,56.28776550292969,7.211102550927978,17.50946044921875,0.7850715622924089,14.814814814814815,96.72881910369644,4590,26,68
INRAE,Source train,/icislab/volume3/benderick/futurama/gwfss25/GWFSS/GWFSS_v1.0_labelled/images/INRAE/phenomobile_45_2022_FFAST_Mauguio_2022-06-07_uplot_Plot_0139_camera_2_5_RGB_WB.png,/icislab/volume3/benderick/futurama/gwfss25/GWFSS/GWFSS_v1.0_labelled/class_id/INRAE/phenomobile_45_2022_FFAST_Mauguio_2022-06-07_uplot_Plot_0139_camera_2_5_RGB_WB.png,512,512,0.43009305000305176,0.11657219380140305,0.0008173767710104585,5.426235506426687,11.391448974609375,6.5357208251953125,13.83514404296875,68.23768615722656,8.0,17.578125,2.095511194441381,39.93055555555556,89.98733910107617,4608,76,184
INRAE,Source train,/icislab/volume3/benderick/futurama/gwfss25/GWFSS/GWFSS_v1.0_labelled/images/INRAE/phenomobile_45_2022_FFAST_Mauguio_2022-06-13_uplot_Plot_0108_camera_2_4_RGB_WB.png,/icislab/volume3/benderick/futurama/gwfss25/GWFSS/GWFSS_v1.0_labelled/class_id/INRAE/phenomobile_45_2022_FFAST_Mauguio_2022-06-13_uplot_Plot_0108_camera_2_4_RGB_WB.png,512,512,0.5051079392433167,0.17195212841033936,-0.009506362490355968,5.641893384750032,4.5192718505859375,32.63435363769531,7.933807373046875,54.912567138671875,6.324555320336759,11.19232177734375,1.8751803057986345,34.42399454669393,90.1183736489964,2934,39,101
INRAE,Source train,/icislab/volume3/benderick/futurama/gwfss25/GWFSS/GWFSS_v1.0_labelled/images/INRAE/phenomobile_45_2022_FFAST_Mauguio_2022-06-17_uplot_Plot_0039_camera_2_4_RGB_WB.png,/icislab/volume3/benderick/futurama/gwfss25/GWFSS/GWFSS_v1.0_labelled/class_id/INRAE/phenomobile_45_2022_FFAST_Mauguio_2022-06-17_uplot_Plot_0039_camera_2_4_RGB_WB.png,512,512,0.572847306728363,0.13654127717018127,-0.011836254969239235,6.019902161576782,57.175445556640625,30.14678955078125,8.758544921875,3.919219970703125,8.0,11.692047119140625,0.8710801393728222,16.6394779771615,3.2658393207054215,3065,20,51
INRAE,Source train,/icislab/volume3/benderick/futurama/gwfss25/GWFSS/GWFSS_v1.0_labelled/images/INRAE/phenomobile_45_2022_FFAST_Mauguio_2022-06-17_uplot_Plot_0143_camera_2_1_RGB_WB.png,/icislab/volume3/benderick/futurama/gwfss25/GWFSS/GWFSS_v1.0_labelled/class_id/INRAE/phenomobile_45_2022_FFAST_Mauguio_2022-06-17_uplot_Plot_0143_camera_2_1_RGB_WB.png,512,512,0.5133337378501892,0.135157972574234,-0.022743798792362213,5.300166630036296,18.40667724609375,7.5714111328125,11.279296875,62.74261474609375,8.0,14.27459716796875,1.7248376623376624,30.732228754676644,76.90436563820253,3742,51,115
INRAE,Source train,/icislab/volume3/benderick/futurama/gwfss25/GWFSS/GWFSS_v1.0_labelled/images/INRAE/phenomobile_45_2022_FFAST_Mauguio_2022-06-17_uplot_Plot_0147_camera_2_3_RGB_WB.png,/icislab/volume3/benderick/futurama/gwfss25/GWFSS/GWFSS_v1.0_labelled/class_id/INRAE/phenomobile_45_2022_FFAST_Mauguio_2022-06-17_uplot_Plot_0147_camera_2_3_RGB_WB.png,512,512,0.5258795022964478,0.11045027524232864,-0.018164006993174553,4.68900200804585,31.72454833984375,17.915725708007812,23.70452880859375,26.655197143554688,8.0,26.912689208984375,0.7885420019311232,19.41885187810064,43.82151853184599,7055,49,137
INRAE,Source train,/icislab/volume3/benderick/futurama/gwfss25/GWFSS/GWFSS_v1.0_labelled/images/INRAE/phenomobile_45_2022_FFAST_Mauguio_2022-06-20_uplot_Plot_0134_camera_2_2_RGB_WB.png,/icislab/volume3/benderick/futurama/gwfss25/GWFSS/GWFSS_v1.0_labelled/class_id/INRAE/phenomobile_45_2022_FFAST_Mauguio_2022-06-20_uplot_Plot_0134_camera_2_2_RGB_WB.png,512,512,0.5708704590797424,0.14031502604484558,-0.011611251160502434,6.181369258636592,10.84442138671875,27.893447875976562,3.5251617431640625,57.736968994140625,8.0,4.4097900390625,1.623200952277892,32.00692041522491,76.06226335717291,1156,15,37
INRAE,Source train,/icislab/volume3/benderick/futurama/gwfss25/GWFSS/GWFSS_v1.0_labelled/images/INRAE/phenomobile_45_2022_FFAST_Mauguio_2022-06-20_uplot_Plot_0165_camera_2_5_RGB_WB.png,/icislab/volume3/benderick/futurama/gwfss25/GWFSS/GWFSS_v1.0_labelled/class_id/INRAE/phenomobile_45_2022_FFAST_Mauguio_2022-06-20_uplot_Plot_0165_camera_2_5_RGB_WB.png,512,512,0.5060195922851562,0.1427556723356247,-0.0229377131909132,5.141729240509161,17.1112060546875,12.968826293945312,13.817977905273438,56.10198974609375,8.0,17.28057861328125,1.4355519973497501,29.13907284768212,66.02928321678321,4530,52,132
INRAE,Source train,/icislab/volume3/benderick/futurama/gwfss25/GWFSS/GWFSS_v1.0_labelled/images/INRAE/phenomobile_45_2022_FFAST_Mauguio_2022-06-24_uplot_Plot_0151_camera_2_4_RGB_WB.png,/icislab/volume3/benderick/futurama/gwfss25/GWFSS/GWFSS_v1.0_labelled/class_id/INRAE/phenomobile_45_2022_FFAST_Mauguio_2022-06-24_uplot_Plot_0151_camera_2_4_RGB_WB.png,512,512,0.42990678548812866,0.10537910461425781,-0.022176260128617287,4.023586682612836,15.773391723632812,6.8004608154296875,15.95611572265625,61.47003173828125,8.0,18.093109130859375,1.1953715214688725,26.354627872654437,74.90403568834941,4743,50,125
INRAE,Source train,/icislab/volume3/benderick/futurama/gwfss25/GWFSS/GWFSS_v1.0_labelled/images/INRAE/phenomobile_45_2023_FFAST_Clermont_2023-04-07_uplot_P01_23_D2_B06_camera_2_1_RGB_WB.png,/icislab/volume3/benderick/futurama/gwfss25/GWFSS/GWFSS_v1.0_labelled/class_id/INRAE/phenomobile_45_2023_FFAST_Clermont_2023-04-07_uplot_P01_23_D2_B06_camera_2_1_RGB_WB.png,512,512,0.3957197368144989,0.08861199021339417,0.09380167722702026,6.02967404335244,22.623443603515625,0.0,1.4163970947265625,75.96015930175781,5.656854249492381,2.536773681640625,7.271747912739025,82.70676691729324,73.95348837209302,665,27,55
INRAE,Source train,/icislab/volume3/benderick/futurama/gwfss25/GWFSS/GWFSS_v1.0_labelled/images/INRAE/phenomobile_45_2023_FFAST_Clermont_2023-04-07_uplot_P01_23_D2_B09_camera_2_1_RGB_WB.png,/icislab/volume3/benderick/futurama/gwfss25/GWFSS/GWFSS_v1.0_labelled/class_id/INRAE/phenomobile_45_2023_FFAST_Clermont_2023-04-07_uplot_P01_23_D2_B09_camera_2_1_RGB_WB.png,512,512,0.41662514209747314,0.09314248710870743,0.09763656556606293,5.555966396334606,22.455978393554688,0.0,0.3803253173828125,77.1636962890625,4.23606797749979,0.70953369140625,11.033099297893681,118.27956989247312,90.78651685393258,186,11,22
INRAE,Source train,/icislab/volume3/benderick/futurama/gwfss25/GWFSS/GWFSS_v1.0_labelled/images/INRAE/phenomobile_45_2023_FFAST_Clermont_2023-04-07_uplot_P01_23_D2_B11_camera_2_1_RGB_WB.png,/icislab/volume3/benderick/futurama/gwfss25/GWFSS/GWFSS_v1.0_labelled/class_id/INRAE/phenomobile_45_2023_FFAST_Clermont_2023-04-07_uplot_P01_23_D2_B11_camera_2_1_RGB_WB.png,512,512,0.43895795941352844,0.09348917752504349,0.05918830633163452,6.188641718458667,47.40867614746094,0.0,1.092529296875,51.49879455566406,5.656854249492381,1.56402587890625,6.634078212290503,97.5609756097561,87.01030927835052,410,19,40
INRAE,Source train,/icislab/volume3/benderick/futurama/gwfss25/GWFSS/GWFSS_v1.0_labelled/images/INRAE/phenomobile_45_2023_FFAST_Clermont_2023-04-07_uplot_P01_23_D2_C06_camera_2_1_RGB_WB.png,/icislab/volume3/benderick/futurama/gwfss25/GWFSS/GWFSS_v1.0_labelled/class_id/INRAE/phenomobile_45_2023_FFAST_Clermont_2023-04-07_uplot_P01_23_D2_C06_camera_2_1_RGB_WB.png,512,512,0.2692275941371918,0.06059898063540459,0.07201697677373886,4.882854794129055,24.1790771484375,0.0,0.4474639892578125,75.37345886230469,6.0,0.72479248046875,5.115089514066496,68.42105263157895,100.0,190,6,13
INRAE,Source train,/icislab/volume3/benderick/futurama/gwfss25/GWFSS/GWFSS_v1.0_labelled/images/INRAE/phenomobile_45_2023_FFAST_Mauguio_2023-03-07_uplot_Plot_0001_camera_2_2_RGB_WB.png,/icislab/volume3/benderick/futurama/gwfss25/GWFSS/GWFSS_v1.0_labelled/class_id/INRAE/phenomobile_45_2023_FFAST_Mauguio_2023-03-07_uplot_Plot_0001_camera_2_2_RGB_WB.png,512,512,0.6720526814460754,0.0963594913482666,0.000743438140489161,4.742988998224426,88.83132934570312,0.0,0.0,11.168670654296875,,0.0,,,,0,0,0
INRAE,Source train,/icislab/volume3/benderick/futurama/gwfss25/GWFSS/GWFSS_v1.0_labelled/images/INRAE/phenomobile_45_2023_FFAST_Mauguio_2023-03-07_uplot_Plot_0017_camera_2_1_RGB_WB.png,/icislab/volume3/benderick/futurama/gwfss25/GWFSS/GWFSS_v1.0_labelled/class_id/INRAE/phenomobile_45_2023_FFAST_Mauguio_2023-03-07_uplot_Plot_0017_camera_2_1_RGB_WB.png,512,512,0.4005684554576874,0.12353110313415527,0.12270725518465042,5.634907507373258,15.369033813476562,0.0,0.18157958984375,84.44938659667969,4.47213595499958,0.3509521484375,6.302521008403361,86.95652173913044,100.0,92,3,8
INRAE,Source train,/icislab/volume3/benderick/futurama/gwfss25/GWFSS/GWFSS_v1.0_labelled/images/INRAE/phenomobile_45_2023_FFAST_Mauguio_2023-03-07_uplot_Plot_0153_camera_2_4_RGB_WB.png,/icislab/volume3/benderick/futurama/gwfss25/GWFSS/GWFSS_v1.0_labelled/class_id/INRAE/phenomobile_45_2023_FFAST_Mauguio_2023-03-07_uplot_Plot_0153_camera_2_4_RGB_WB.png,512,512,0.5099582672119141,0.14381365478038788,0.0977189689874649,7.039306392146466,30.355072021484375,0.0,0.0,69.64492797851562,,0.0,,,,0,0,0
INRAE,Source train,/icislab/volume3/benderick/futurama/gwfss25/GWFSS/GWFSS_v1.0_labelled/images/INRAE/phenomobile_45_2023_FFAST_Mauguio_2023-03-15_uplot_Plot_0030_camera_2_2_RGB_WB.png,/icislab/volume3/benderick/futurama/gwfss25/GWFSS/GWFSS_v1.0_labelled/class_id/INRAE/phenomobile_45_2023_FFAST_Mauguio_2023-03-15_uplot_Plot_0030_camera_2_2_RGB_WB.png,512,512,0.3391347825527191,0.1302337944507599,0.12059210985898972,4.084634103070249,35.820770263671875,0.0,0.0,64.17922973632812,,0.0,,,,0,0,0
INRAE,Source train,/icislab/volume3/benderick/futurama/gwfss25/GWFSS/GWFSS_v1.0_labelled/images/INRAE/phenomobile_45_2023_FFAST_Mauguio_2023-03-15_uplot_Plot_0079_camera_2_6_RGB_WB.png,/icislab/volume3/benderick/futurama/gwfss25/GWFSS/GWFSS_v1.0_labelled/class_id/INRAE/phenomobile_45_2023_FFAST_Mauguio_2023-03-15_uplot_Plot_0079_camera_2_6_RGB_WB.png,512,512,0.5921554565429688,0.12416350841522217,0.03897807374596596,6.242411712269409,65.30838012695312,0.0,0.0,34.691619873046875,,0.0,,,,0,0,0
INRAE,Source train,/icislab/volume3/benderick/futurama/gwfss25/GWFSS/GWFSS_v1.0_labelled/images/INRAE/phenomobile_45_2023_FFAST_Mauguio_2023-03-15_uplot_Plot_0142_camera_2_4_RGB_WB.png,/icislab/volume3/benderick/futurama/gwfss25/GWFSS/GWFSS_v1.0_labelled/class_id/INRAE/phenomobile_45_2023_FFAST_Mauguio_2023-03-15_uplot_Plot_0142_camera_2_4_RGB_WB.png,512,512,0.619345486164093,0.10020159929990768,0.009494759142398834,5.009736973945628,83.82301330566406,0.0,0.0,16.176986694335938,,0.0,,,,0,0,0
INRAE,Source train,/icislab/volume3/benderick/futurama/gwfss25/GWFSS/GWFSS_v1.0_labelled/images/INRAE/phenomobile_45_2023_FFAST_Mauguio_2023-04-12_uplot_Plot_0021_camera_2_1_RGB_WB.png,/icislab/volume3/benderick/futurama/gwfss25/GWFSS/GWFSS_v1.0_labelled/class_id/INRAE/phenomobile_45_2023_FFAST_Mauguio_2023-04-12_uplot_Plot_0021_camera_2_1_RGB_WB.png,512,512,0.40358707308769226,0.16080491244792938,0.143825963139534,4.297438294873241,0.5443572998046875,0.0,0.0,99.45564270019531,,0.0,,,,0,0,0
INRAE,Source train,/icislab/volume3/benderick/futurama/gwfss25/GWFSS/GWFSS_v1.0_labelled/images/INRAE/phenomobile_45_2023_FFAST_Mauguio_2023-04-24_uplot_Plot_0065_camera_2_5_RGB_WB.png,/icislab/volume3/benderick/futurama/gwfss25/GWFSS/GWFSS_v1.0_labelled/class_id/INRAE/phenomobile_45_2023_FFAST_Mauguio_2023-04-24_uplot_Plot_0065_camera_2_5_RGB_WB.png,512,512,0.28850463032722473,0.09032092988491058,0.10636395215988159,4.489424336797001,1.5590667724609375,0.8098602294921875,2.4417877197265625,95.18928527832031,10.0,2.62451171875,1.4060303077644118,30.523255813953487,96.31944444444444,688,9,21
INRAE,Source train,/icislab/volume3/benderick/futurama/gwfss25/GWFSS/GWFSS_v1.0_labelled/images/INRAE/phenomobile_45_2023_FFAST_Mauguio_2023-05-23_uplot_Plot_0086_camera_2_2_RGB_WB.png,/icislab/volume3/benderick/futurama/gwfss25/GWFSS/GWFSS_v1.0_labelled/class_id/INRAE/phenomobile_45_2023_FFAST_Mauguio_2023-05-23_uplot_Plot_0086_camera_2_2_RGB_WB.png,512,512,0.38376957178115845,0.15021292865276337,0.10131393373012543,4.528057647654001,2.9750823974609375,20.80078125,5.73883056640625,70.48530578613281,6.324555320336759,7.89642333984375,2.3929805902685457,39.130434782608695,88.91910265125765,2070,36,81
INRAE,Source train,/icislab/volume3/benderick/futurama/gwfss25/GWFSS/GWFSS_v1.0_labelled/images/INRAE/phenomobile_45_2023_FFAST_Mauguio_2023-05-23_uplot_Plot_0120_camera_2_5_RGB_WB.png,/icislab/volume3/benderick/futurama/gwfss25/GWFSS/GWFSS_v1.0_labelled/class_id/INRAE/phenomobile_45_2023_FFAST_Mauguio_2023-05-23_uplot_Plot_0120_camera_2_5_RGB_WB.png,512,512,0.33422166109085083,0.12348747253417969,0.09334085136651993,5.042319597857958,3.916168212890625,26.340484619140625,10.831069946289062,58.91227722167969,6.0,15.430450439453125,2.324516606205755,39.060568603213845,90.2427125259178,4045,66,158
INRAE,Source train,/icislab/volume3/benderick/futurama/gwfss25/GWFSS/GWFSS_v1.0_labelled/images/INRAE/phenomobile_45_2023_FFAST_Mauguio_2023-05-30_uplot_Plot_0148_camera_2_4_RGB_WB.png,/icislab/volume3/benderick/futurama/gwfss25/GWFSS/GWFSS_v1.0_labelled/class_id/INRAE/phenomobile_45_2023_FFAST_Mauguio_2023-05-30_uplot_Plot_0148_camera_2_4_RGB_WB.png,512,512,0.43720725178718567,0.12240544706583023,0.0189652219414711,5.293913946488751,8.498764038085938,22.714996337890625,12.241744995117188,56.54449462890625,6.0,19.989013671875,3.022654326758281,39.50381679389313,85.63398451898267,5240,97,207
INRAE,Source train,/icislab/volume3/benderick/futurama/gwfss25/GWFSS/GWFSS_v1.0_labelled/images/INRAE/phenomobile_45_2023_FFAST_Toulouse_2023-04-11_uplot_23ZM8_Y03X011_camera_2_5_RGB_WB.png,/icislab/volume3/benderick/futurama/gwfss25/GWFSS/GWFSS_v1.0_labelled/class_id/INRAE/phenomobile_45_2023_FFAST_Toulouse_2023-04-11_uplot_23ZM8_Y03X011_camera_2_5_RGB_WB.png,512,512,0.21039457619190216,0.10379418730735779,0.12031694501638412,6.443232359730475,11.812591552734375,0.0,0.0,88.18740844726562,,0.0,,,,0,0,0
INRAE,Source train,/icislab/volume3/benderick/futurama/gwfss25/GWFSS/GWFSS_v1.0_labelled/images/INRAE/phenomobile_45_2023_FFAST_Toulouse_2023-04-11_uplot_23ZM8_Y04X009_camera_2_4_RGB_WB.png,/icislab/volume3/benderick/futurama/gwfss25/GWFSS/GWFSS_v1.0_labelled/class_id/INRAE/phenomobile_45_2023_FFAST_Toulouse_2023-04-11_uplot_23ZM8_Y04X009_camera_2_4_RGB_WB.png,512,512,0.3153842091560364,0.17133885622024536,0.09373925626277924,5.382960255333495,1.676177978515625,0.0,0.0,98.32382202148438,,0.0,,,,0,0,0
INRAE,Source train,/icislab/volume3/benderick/futurama/gwfss25/GWFSS/GWFSS_v1.0_labelled/images/INRAE/phenomobile_45_2023_FFAST_Toulouse_2023-04-19_uplot_23ZM8_Y01X026_camera_2_1_RGB_WB.png,/icislab/volume3/benderick/futurama/gwfss25/GWFSS/GWFSS_v1.0_labelled/class_id/INRAE/phenomobile_45_2023_FFAST_Toulouse_2023-04-19_uplot_23ZM8_Y01X026_camera_2_1_RGB_WB.png,512,512,0.6013278365135193,0.19135861098766327,0.042769432067871094,6.029283394510283,98.89945983886719,0.0,0.0,1.1005401611328125,,0.0,,,,0,0,0
INRAE,Source train,/icislab/volume3/benderick/futurama/gwfss25/GWFSS/GWFSS_v1.0_labelled/images/INRAE/phenomobile_45_2023_FFAST_Toulouse_2023-05-22_uplot_23ZM8_Y01X032_camera_2_6_RGB_WB.png,/icislab/volume3/benderick/futurama/gwfss25/GWFSS/GWFSS_v1.0_labelled/class_id/INRAE/phenomobile_45_2023_FFAST_Toulouse_2023-05-22_uplot_23ZM8_Y01X032_camera_2_6_RGB_WB.png,512,512,0.2568264305591583,0.10166361927986145,0.09240271896123886,4.714120586452786,3.125762939453125,32.44972229003906,10.602188110351562,53.82232666015625,8.0,14.522552490234375,1.6910732918360738,29.944838455476752,87.46185484940958,3807,47,114
INRAE,Source train,/icislab/volume3/benderick/futurama/gwfss25/GWFSS/GWFSS_v1.0_labelled/images/INRAE/phenomobile_45_2023_FFAST_Toulouse_2023-05-22_uplot_23ZM8_Y02X033_camera_2_2_RGB_WB.png,/icislab/volume3/benderick/futurama/gwfss25/GWFSS/GWFSS_v1.0_labelled/class_id/INRAE/phenomobile_45_2023_FFAST_Toulouse_2023-05-22_uplot_23ZM8_Y02X033_camera_2_2_RGB_WB.png,512,512,0.25975120067596436,0.13828058540821075,0.10399448871612549,4.620300923143903,1.4163970947265625,20.697021484375,6.085205078125,71.80137634277344,8.0,7.801055908203125,1.5045135406218655,28.850855745721272,93.45705448489174,2045,24,59
INRAE,Source train,/icislab/volume3/benderick/futurama/gwfss25/GWFSS/GWFSS_v1.0_labelled/images/INRAE/phenomobile_45_2023_FFAST_Toulouse_2023-06-05_uplot_23ZM8_Y04X004_camera_2_4_RGB_WB.png,/icislab/volume3/benderick/futurama/gwfss25/GWFSS/GWFSS_v1.0_labelled/class_id/INRAE/phenomobile_45_2023_FFAST_Toulouse_2023-06-05_uplot_23ZM8_Y04X004_camera_2_4_RGB_WB.png,512,512,0.3609400987625122,0.14049775898456573,0.09493955224752426,5.441338245031385,0.485992431640625,28.575897216796875,1.4339447021484375,69.50416564941406,6.0,2.5482177734375,2.3942537909018355,28.44311377245509,96.14825581395348,668,9,19
INRAE,Source train,/icislab/volume3/benderick/futurama/gwfss25/GWFSS/GWFSS_v1.0_labelled/images/INRAE/phenomobile_45_2023_FFAST_Toulouse_2023-06-16_uplot_23ZM8_Y01X010_camera_2_2_RGB_WB.png,/icislab/volume3/benderick/futurama/gwfss25/GWFSS/GWFSS_v1.0_labelled/class_id/INRAE/phenomobile_45_2023_FFAST_Toulouse_2023-06-16_uplot_23ZM8_Y01X010_camera_2_2_RGB_WB.png,512,512,0.40176868438720703,0.11561746895313263,0.011216617189347744,4.715385160142612,52.332305908203125,29.737091064453125,11.124038696289062,6.8065643310546875,7.211102550927978,15.3045654296875,1.131648434552999,20.438683948155532,7.326732673267327,4012,33,82
INRAE,Source train,/icislab/volume3/benderick/futurama/gwfss25/GWFSS/GWFSS_v1.0_labelled/images/INRAE/phenomobile_45_2023_FFAST_Toulouse_2023-06-16_uplot_23ZM8_Y02X020_camera_2_5_RGB_WB.png,/icislab/volume3/benderick/futurama/gwfss25/GWFSS/GWFSS_v1.0_labelled/class_id/INRAE/phenomobile_45_2023_FFAST_Toulouse_2023-06-16_uplot_23ZM8_Y02X020_camera_2_5_RGB_WB.png,512,512,0.383971631526947,0.20556333661079407,0.0587606243789196,5.61783415567499,8.035659790039062,37.2650146484375,9.127426147460938,45.5718994140625,6.324555320336759,12.39776611328125,2.2568646299159947,40.30769230769231,72.24643125469572,3250,54,131
INRAE,Source train,/icislab/volume3/benderick/futurama/gwfss25/GWFSS/GWFSS_v1.0_labelled/images/INRAE/phenomobile_nadir_2021_FFAST_Mauguio_2021-05-25_uplot_Plot_0021_camera_1_4_RGB_WB.png,/icislab/volume3/benderick/futurama/gwfss25/GWFSS/GWFSS_v1.0_labelled/class_id/INRAE/phenomobile_nadir_2021_FFAST_Mauguio_2021-05-25_uplot_Plot_0021_camera_1_4_RGB_WB.png,512,512,0.36061879992485046,0.1457890421152115,0.09562334418296814,5.778458081112559,11.391448974609375,2.6569366455078125,0.765228271484375,85.18638610839844,8.0,0.797271728515625,5.483549351944167,129.1866028708134,98.0276134122288,209,11,27
INRAE,Source train,/icislab/volume3/benderick/futurama/gwfss25/GWFSS/GWFSS_v1.0_labelled/images/INRAE/phenomobile_nadir_2021_FFAST_Mauguio_2021-05-31_uplot_Plot_0067_camera_3_3_RGB_WB.png,/icislab/volume3/benderick/futurama/gwfss25/GWFSS/GWFSS_v1.0_labelled/class_id/INRAE/phenomobile_nadir_2021_FFAST_Mauguio_2021-05-31_uplot_Plot_0067_camera_3_3_RGB_WB.png,512,512,0.31351539492607117,0.14947159588336945,0.07154226303100586,6.7720461760207264,21.113967895507812,8.758544921875,1.432037353515625,68.69544982910156,8.0,1.636505126953125,2.3974427277570594,46.62004662004662,68.93704850361198,429,9,20
INRAE,Source train,/icislab/volume3/benderick/futurama/gwfss25/GWFSS/GWFSS_v1.0_labelled/images/INRAE/phenomobile_nadir_2021_FFAST_Mauguio_2021-06-22_uplot_Plot_0005_camera_1_5_RGB_WB.png,/icislab/volume3/benderick/futurama/gwfss25/GWFSS/GWFSS_v1.0_labelled/class_id/INRAE/phenomobile_nadir_2021_FFAST_Mauguio_2021-06-22_uplot_Plot_0005_camera_1_5_RGB_WB.png,512,512,0.5014066100120544,0.1396346539258957,-0.009469485841691494,5.121958654645412,43.288421630859375,9.476852416992188,2.405548095703125,44.82917785644531,8.0,2.658843994140625,2.6958452267681574,57.38880918220947,53.83022774327122,697,17,40
INRAE,Source train,/icislab/volume3/benderick/futurama/gwfss25/GWFSS/GWFSS_v1.0_labelled/images/INRAE/phenomobile_nadir_2022_FFAST_Clermont_2022-06-22_uplot_E1_C08_camera_1_1_RGB_WB.png,/icislab/volume3/benderick/futurama/gwfss25/GWFSS/GWFSS_v1.0_labelled/class_id/INRAE/phenomobile_nadir_2022_FFAST_Clermont_2022-06-22_uplot_E1_C08_camera_1_1_RGB_WB.png,512,512,0.447930246591568,0.1735340803861618,-0.006070542614907026,7.799854451718876,40.63262939453125,8.5540771484375,4.4589996337890625,46.35429382324219,8.0,4.795074462890625,1.1977072461288392,27.844073190135244,77.45061498322772,1257,14,35
INRAE,Source train,/icislab/volume3/benderick/futurama/gwfss25/GWFSS/GWFSS_v1.0_labelled/images/INRAE/phenomobile_nadir_2022_FFAST_Clermont_2022-06-22_uplot_E1_G06_camera_1_1_RGB_WB.png,/icislab/volume3/benderick/futurama/gwfss25/GWFSS/GWFSS_v1.0_labelled/class_id/INRAE/phenomobile_nadir_2022_FFAST_Clermont_2022-06-22_uplot_E1_G06_camera_1_1_RGB_WB.png,512,512,0.49622422456741333,0.18314281105995178,0.013902626000344753,7.893716999799813,20.889663696289062,28.246307373046875,2.8045654296875,48.05946350097656,7.211102550927978,3.437042236328125,3.264417845484222,58.8235294117647,83.73615307150051,901,24,53
INRAE,Source train,/icislab/volume3/benderick/futurama/gwfss25/GWFSS/GWFSS_v1.0_labelled/images/INRAE/phenomobile_nadir_2022_FFAST_Clermont_2022-06-22_uplot_E1_I12_camera_1_1_RGB_WB.png,/icislab/volume3/benderick/futurama/gwfss25/GWFSS/GWFSS_v1.0_labelled/class_id/INRAE/phenomobile_nadir_2022_FFAST_Clermont_2022-06-22_uplot_E1_I12_camera_1_1_RGB_WB.png,512,512,0.47958314418792725,0.1826966106891632,0.021336514502763748,8.510568385768059,41.176605224609375,6.9393157958984375,2.803802490234375,49.08027648925781,8.246211251235321,2.86102294921875,2.857142857142857,62.666666666666664,79.08073070123748,750,21,47
INRAE,Source train,/icislab/volume3/benderick/futurama/gwfss25/GWFSS/GWFSS_v1.0_labelled/images/INRAE/phenomobile_nadir_2022_FFAST_Mauguio_2022-03-08_uplot_Plot_0153_camera_1_4_RGB_WB.png,/icislab/volume3/benderick/futurama/gwfss25/GWFSS/GWFSS_v1.0_labelled/class_id/INRAE/phenomobile_nadir_2022_FFAST_Mauguio_2022-03-08_uplot_Plot_0153_camera_1_4_RGB_WB.png,512,512,0.6665109395980835,0.08681364357471466,0.013630799949169159,4.101292131227896,90.46173095703125,0.0,0.0,9.53826904296875,,0.0,,,,0,0,0
INRAE,Source train,/icislab/volume3/benderick/futurama/gwfss25/GWFSS/GWFSS_v1.0_labelled/images/INRAE/phenomobile_nadir_2022_FFAST_Mauguio_2022-03-28_uplot_Plot_0035_camera_3_3_RGB_WB.png,/icislab/volume3/benderick/futurama/gwfss25/GWFSS/GWFSS_v1.0_labelled/class_id/INRAE/phenomobile_nadir_2022_FFAST_Mauguio_2022-03-28_uplot_Plot_0035_camera_3_3_RGB_WB.png,512,512,0.6029704809188843,0.08548246324062347,0.05755145847797394,5.118036890445297,87.82730102539062,0.0,0.0,12.172698974609375,,0.0,,,,0,0,0
INRAE,Source train,/icislab/volume3/benderick/futurama/gwfss25/GWFSS/GWFSS_v1.0_labelled/images/INRAE/phenomobile_nadir_2022_FFAST_Mauguio_2022-03-28_uplot_Plot_0168_camera_3_5_RGB_WB.png,/icislab/volume3/benderick/futurama/gwfss25/GWFSS/GWFSS_v1.0_labelled/class_id/INRAE/phenomobile_nadir_2022_FFAST_Mauguio_2022-03-28_uplot_Plot_0168_camera_3_5_RGB_WB.png,512,512,0.5450317859649658,0.12728720903396606,0.06965072453022003,6.217875840072488,47.00965881347656,0.0,0.0,52.99034118652344,,0.0,,,,0,0,0
INRAE,Source train,/icislab/volume3/benderick/futurama/gwfss25/GWFSS/GWFSS_v1.0_labelled/images/INRAE/phenomobile_nadir_2022_FFAST_Mauguio_2022-04-07_uplot_Plot_0072_camera_1_4_RGB_WB.png,/icislab/volume3/benderick/futurama/gwfss25/GWFSS/GWFSS_v1.0_labelled/class_id/INRAE/phenomobile_nadir_2022_FFAST_Mauguio_2022-04-07_uplot_Plot_0072_camera_1_4_RGB_WB.png,512,512,0.41466614603996277,0.1389409452676773,0.0848730280995369,6.45054245280971,29.710006713867188,0.0,0.4364013671875,69.85359191894531,8.123105625617661,0.396728515625,4.370629370629371,96.15384615384616,99.32203389830508,104,5,10
INRAE,Source train,/icislab/volume3/benderick/futurama/gwfss25/GWFSS/GWFSS_v1.0_labelled/images/INRAE/phenomobile_nadir_2022_FFAST_Mauguio_2022-04-26_uplot_Plot_0157_camera_1_2_RGB_WB.png,/icislab/volume3/benderick/futurama/gwfss25/GWFSS/GWFSS_v1.0_labelled/class_id/INRAE/phenomobile_nadir_2022_FFAST_Mauguio_2022-04-26_uplot_Plot_0157_camera_1_2_RGB_WB.png,512,512,0.35905730724334717,0.10058896243572235,0.09652584791183472,5.1831859542539975,21.503067016601562,0.0,0.0,78.49693298339844,,0.0,,,,0,0,0
INRAE,Source train,/icislab/volume3/benderick/futurama/gwfss25/GWFSS/GWFSS_v1.0_labelled/images/INRAE/phenomobile_nadir_2022_FFAST_Mauguio_2022-05-02_uplot_Plot_0104_camera_3_5_RGB_WB.png,/icislab/volume3/benderick/futurama/gwfss25/GWFSS/GWFSS_v1.0_labelled/class_id/INRAE/phenomobile_nadir_2022_FFAST_Mauguio_2022-05-02_uplot_Plot_0104_camera_3_5_RGB_WB.png,512,512,0.2691320478916168,0.15452174842357635,0.10152769833803177,6.503224165802761,10.948562622070312,8.022689819335938,1.45721435546875,79.571533203125,8.246211251235321,1.483917236328125,2.8795811518324608,59.12596401028278,82.4696802646086,389,11,23
INRAE,Source train,/icislab/volume3/benderick/futurama/gwfss25/GWFSS/GWFSS_v1.0_labelled/images/INRAE/phenomobile_nadir_2022_FFAST_Mauguio_2022-05-23_uplot_Plot_0033_camera_3_4_RGB_WB.png,/icislab/volume3/benderick/futurama/gwfss25/GWFSS/GWFSS_v1.0_labelled/class_id/INRAE/phenomobile_nadir_2022_FFAST_Mauguio_2022-05-23_uplot_Plot_0033_camera_3_4_RGB_WB.png,512,512,0.3230848014354706,0.13115891814231873,0.07996036857366562,6.457973405252057,29.359054565429688,4.418182373046875,1.2592315673828125,64.96353149414062,8.714776642118863,1.33514404296875,2.1205695243865494,45.714285714285715,78.7433155080214,350,7,16
INRAE,Source train,/icislab/volume3/benderick/futurama/gwfss25/GWFSS/GWFSS_v1.0_labelled/images/INRAE/phenomobile_nadir_2022_FFAST_Mauguio_2022-05-23_uplot_Plot_0079_camera_3_3_RGB_WB.png,/icislab/volume3/benderick/futurama/gwfss25/GWFSS/GWFSS_v1.0_labelled/class_id/INRAE/phenomobile_nadir_2022_FFAST_Mauguio_2022-05-23_uplot_Plot_0079_camera_3_3_RGB_WB.png,512,512,0.3154374957084656,0.13757535815238953,0.08241529762744904,6.500533488443446,15.5059814453125,16.711044311523438,1.5087127685546875,66.27426147460938,7.211102550927978,2.03704833984375,5.056890012642225,86.14232209737828,87.19253604749788,534,20,46
INRAE,Source train,/icislab/volume3/benderick/futurama/gwfss25/GWFSS/GWFSS_v1.0_labelled/images/INRAE/phenomobile_nadir_2022_FFAST_Mauguio_2022-06-01_uplot_Plot_0011_camera_1_6_RGB_WB.png,/icislab/volume3/benderick/futurama/gwfss25/GWFSS/GWFSS_v1.0_labelled/class_id/INRAE/phenomobile_nadir_2022_FFAST_Mauguio_2022-06-01_uplot_Plot_0011_camera_1_6_RGB_WB.png,512,512,0.35849499702453613,0.1271369457244873,0.051501836627721786,5.349334718410584,18.623733520507812,9.612274169921875,1.979827880859375,69.78416442871094,8.246211251235321,1.861572265625,3.275529865125241,75.81967213114754,75.90987868284229,488,17,37
INRAE,Source train,/icislab/volume3/benderick/futurama/gwfss25/GWFSS/GWFSS_v1.0_labelled/images/INRAE/phenomobile_nadir_2022_FFAST_Mauguio_2022-06-01_uplot_Plot_0068_camera_3_4_RGB_WB.png,/icislab/volume3/benderick/futurama/gwfss25/GWFSS/GWFSS_v1.0_labelled/class_id/INRAE/phenomobile_nadir_2022_FFAST_Mauguio_2022-06-01_uplot_Plot_0068_camera_3_4_RGB_WB.png,512,512,0.42276594042778015,0.11864443123340607,0.011395425535738468,5.295058979136227,52.44483947753906,6.66656494140625,3.3176422119140625,37.570953369140625,8.0,3.39508056640625,2.9895366218236172,70.78651685393258,60.51829268292683,890,26,63
INRAE,Source train,/icislab/volume3/benderick/futurama/gwfss25/GWFSS/GWFSS_v1.0_labelled/images/INRAE/phenomobile_nadir_2022_FFAST_Mauguio_2022-06-01_uplot_Plot_0097_camera_3_5_RGB_WB.png,/icislab/volume3/benderick/futurama/gwfss25/GWFSS/GWFSS_v1.0_labelled/class_id/INRAE/phenomobile_nadir_2022_FFAST_Mauguio_2022-06-01_uplot_Plot_0097_camera_3_5_RGB_WB.png,512,512,0.42395201325416565,0.13039930164813995,-0.0034389568027108908,4.54943760591365,52.33345031738281,12.1002197265625,1.8733978271484375,33.69293212890625,7.211102550927978,2.300262451171875,2.6471187130930565,49.75124378109453,49.36990363232024,603,13,30
INRAE,Source train,/icislab/volume3/benderick/futurama/gwfss25/GWFSS/GWFSS_v1.0_labelled/images/INRAE/phenomobile_nadir_2022_FFAST_Mauguio_2022-06-07_uplot_Plot_0011_camera_1_1_RGB_WB.png,/icislab/volume3/benderick/futurama/gwfss25/GWFSS/GWFSS_v1.0_labelled/class_id/INRAE/phenomobile_nadir_2022_FFAST_Mauguio_2022-06-07_uplot_Plot_0011_camera_1_1_RGB_WB.png,512,512,0.5266963839530945,0.08150362223386765,0.02837025560438633,4.612838465857314,77.44293212890625,10.333251953125,0.0732421875,12.15057373046875,6.324555320336759,0.091552734375,5.208333333333333,83.33333333333333,48.38709677419355,24,1,2
INRAE,Source train,/icislab/volume3/benderick/futurama/gwfss25/GWFSS/GWFSS_v1.0_labelled/images/INRAE/phenomobile_nadir_2022_FFAST_Mauguio_2022-06-07_uplot_Plot_0044_camera_3_2_RGB_WB.png,/icislab/volume3/benderick/futurama/gwfss25/GWFSS/GWFSS_v1.0_labelled/class_id/INRAE/phenomobile_nadir_2022_FFAST_Mauguio_2022-06-07_uplot_Plot_0044_camera_3_2_RGB_WB.png,512,512,0.39712539315223694,0.11090517789125443,0.032359808683395386,5.708460873473717,38.494873046875,13.79241943359375,3.8516998291015625,43.86100769042969,7.211102550927978,4.810333251953125,2.475982965237199,46.78826328310864,64.45022288261515,1261,25,59
INRAE,Source train,/icislab/volume3/benderick/futurama/gwfss25/GWFSS/GWFSS_v1.0_labelled/images/INRAE/phenomobile_nadir_2022_FFAST_Mauguio_2022-06-13_uplot_Plot_0080_camera_1_3_RGB_WB.png,/icislab/volume3/benderick/futurama/gwfss25/GWFSS/GWFSS_v1.0_labelled/class_id/INRAE/phenomobile_nadir_2022_FFAST_Mauguio_2022-06-13_uplot_Plot_0080_camera_1_3_RGB_WB.png,512,512,0.4615219533443451,0.15199054777622223,-0.005565358325839043,5.153422383744299,59.96284484863281,11.19537353515625,1.8398284912109375,27.001953125,7.211102550927978,2.216339111328125,2.6954177897574123,49.91394148020654,25.700560448358686,581,13,29
INRAE,Source train,/icislab/volume3/benderick/futurama/gwfss25/GWFSS/GWFSS_v1.0_labelled/images/INRAE/phenomobile_nadir_2022_FFAST_Mauguio_2022-06-13_uplot_Plot_0151_camera_3_5_RGB_WB.png,/icislab/volume3/benderick/futurama/gwfss25/GWFSS/GWFSS_v1.0_labelled/class_id/INRAE/phenomobile_nadir_2022_FFAST_Mauguio_2022-06-13_uplot_Plot_0151_camera_3_5_RGB_WB.png,512,512,0.5350398421287537,0.11739342659711838,-0.02332662232220173,5.25655725857311,34.159088134765625,7.1063995361328125,1.4919281005859375,57.242584228515625,8.246211251235321,1.628875732421875,3.3239580669905395,65.57377049180327,69.85743380855398,427,13,28
INRAE,Source train,/icislab/volume3/benderick/futurama/gwfss25/GWFSS/GWFSS_v1.0_labelled/images/INRAE/phenomobile_nadir_2022_FFAST_Mauguio_2022-06-17_uplot_Plot_0136_camera_3_2_RGB_WB.png,/icislab/volume3/benderick/futurama/gwfss25/GWFSS/GWFSS_v1.0_labelled/class_id/INRAE/phenomobile_nadir_2022_FFAST_Mauguio_2022-06-17_uplot_Plot_0136_camera_3_2_RGB_WB.png,512,512,0.5226562023162842,0.15461575984954834,-0.012225357815623283,5.899591712765223,61.156463623046875,11.302947998046875,1.685333251953125,25.855255126953125,8.0,1.62506103515625,2.716161158895428,61.032863849765256,26.259378349410504,426,12,26
INRAE,Source train,/icislab/volume3/benderick/futurama/gwfss25/GWFSS/GWFSS_v1.0_labelled/images/INRAE/phenomobile_nadir_2022_FFAST_Mauguio_2022-06-17_uplot_Plot_0139_camera_1_6_RGB_WB.png,/icislab/volume3/benderick/futurama/gwfss25/GWFSS/GWFSS_v1.0_labelled/class_id/INRAE/phenomobile_nadir_2022_FFAST_Mauguio_2022-06-17_uplot_Plot_0139_camera_1_6_RGB_WB.png,512,512,0.5264094471931458,0.1336994171142578,-0.007976160384714603,5.04450586827739,40.232086181640625,10.586929321289062,1.7238616943359375,47.457122802734375,8.94427190999916,1.82342529296875,1.7703031644169065,39.7489539748954,56.181998021760634,478,8,19
INRAE,Source train,/icislab/volume3/benderick/futurama/gwfss25/GWFSS/GWFSS_v1.0_labelled/images/INRAE/phenomobile_nadir_2022_FFAST_Mauguio_2022-06-17_uplot_Plot_0159_camera_1_4_RGB_WB.png,/icislab/volume3/benderick/futurama/gwfss25/GWFSS/GWFSS_v1.0_labelled/class_id/INRAE/phenomobile_nadir_2022_FFAST_Mauguio_2022-06-17_uplot_Plot_0159_camera_1_4_RGB_WB.png,512,512,0.561077356338501,0.1086457148194313,-0.012805609032511711,4.753330629034407,41.87660217285156,7.0438385009765625,2.5531768798828125,48.52638244628906,8.0,2.74658203125,2.091737636336471,47.22222222222222,54.452274183215884,720,14,34
INRAE,Source train,/icislab/volume3/benderick/futurama/gwfss25/GWFSS/GWFSS_v1.0_labelled/images/INRAE/phenomobile_nadir_2022_FFAST_Mauguio_2022-06-20_uplot_Plot_0006_camera_1_2_RGB_WB.png,/icislab/volume3/benderick/futurama/gwfss25/GWFSS/GWFSS_v1.0_labelled/class_id/INRAE/phenomobile_nadir_2022_FFAST_Mauguio_2022-06-20_uplot_Plot_0006_camera_1_2_RGB_WB.png,512,512,0.5494614243507385,0.15212857723236084,0.003295763861387968,6.231308870480199,49.38392639160156,19.540786743164062,3.162384033203125,27.91290283203125,8.0,3.56292724609375,2.0506634499396865,37.47323340471092,31.813576494427558,934,17,35
INRAE,Source train,/icislab/volume3/benderick/futurama/gwfss25/GWFSS/GWFSS_v1.0_labelled/images/INRAE/phenomobile_nadir_2022_FFAST_Mauguio_2022-06-20_uplot_Plot_0149_camera_3_5_RGB_WB.png,/icislab/volume3/benderick/futurama/gwfss25/GWFSS/GWFSS_v1.0_labelled/class_id/INRAE/phenomobile_nadir_2022_FFAST_Mauguio_2022-06-20_uplot_Plot_0149_camera_3_5_RGB_WB.png,512,512,0.47608694434165955,0.10326869785785675,-0.02537045255303383,4.008725582758409,54.51850891113281,5.872344970703125,3.1414031982421875,36.467742919921875,10.0,2.8076171875,0.7285974499089253,21.73913043478261,43.72523117569353,736,6,16
INRAE,Source train,/icislab/volume3/benderick/futurama/gwfss25/GWFSS/GWFSS_v1.0_labelled/images/INRAE/phenomobile_nadir_2022_FFAST_Mauguio_2022-06-24_uplot_Plot_0029_camera_1_3_RGB_WB.png,/icislab/volume3/benderick/futurama/gwfss25/GWFSS/GWFSS_v1.0_labelled/class_id/INRAE/phenomobile_nadir_2022_FFAST_Mauguio_2022-06-24_uplot_Plot_0029_camera_1_3_RGB_WB.png,512,512,0.5193167924880981,0.17071650922298431,0.0035192896611988544,5.955526354092335,30.063247680664062,19.733428955078125,3.995513916015625,46.20780944824219,8.123105625617661,4.21142578125,2.0049646744319265,44.38405797101449,69.37051119560626,1104,21,49
INRAE,Source train,/icislab/volume3/benderick/futurama/gwfss25/GWFSS/GWFSS_v1.0_labelled/images/INRAE/phenomobile_nadir_2023_FFAST_Mauguio_2023-03-07_uplot_Plot_0012_camera_1_2_RGB_WB.png,/icislab/volume3/benderick/futurama/gwfss25/GWFSS/GWFSS_v1.0_labelled/class_id/INRAE/phenomobile_nadir_2023_FFAST_Mauguio_2023-03-07_uplot_Plot_0012_camera_1_2_RGB_WB.png,512,512,0.4464215636253357,0.08989299833774567,0.11135676503181458,5.781985994477195,17.259597778320312,0.0,0.0,82.74040222167969,,0.0,,,,0,0,0
INRAE,Source train,/icislab/volume3/benderick/futurama/gwfss25/GWFSS/GWFSS_v1.0_labelled/images/INRAE/phenomobile_nadir_2023_FFAST_Mauguio_2023-03-07_uplot_Plot_0087_camera_3_1_RGB_WB.png,/icislab/volume3/benderick/futurama/gwfss25/GWFSS/GWFSS_v1.0_labelled/class_id/INRAE/phenomobile_nadir_2023_FFAST_Mauguio_2023-03-07_uplot_Plot_0087_camera_3_1_RGB_WB.png,512,512,0.6824151873588562,0.08549805730581284,0.013667482882738113,4.387286674343329,89.38674926757812,0.0,0.0,10.613250732421875,,0.0,,,,0,0,0
INRAE,Source train,/icislab/volume3/benderick/futurama/gwfss25/GWFSS/GWFSS_v1.0_labelled/images/INRAE/phenomobile_nadir_2023_FFAST_Mauguio_2023-03-23_uplot_Plot_0079_camera_1_3_RGB_WB.png,/icislab/volume3/benderick/futurama/gwfss25/GWFSS/GWFSS_v1.0_labelled/class_id/INRAE/phenomobile_nadir_2023_FFAST_Mauguio_2023-03-23_uplot_Plot_0079_camera_1_3_RGB_WB.png,512,512,0.6166414618492126,0.10442520678043365,0.04930950701236725,6.422250723956588,68.45016479492188,0.0,0.0,31.549835205078125,,0.0,,,,0,0,0
INRAE,Source train,/icislab/volume3/benderick/futurama/gwfss25/GWFSS/GWFSS_v1.0_labelled/images/INRAE/phenomobile_nadir_2023_FFAST_Mauguio_2023-03-31_uplot_Plot_0100_camera_3_1_RGB_WB.png,/icislab/volume3/benderick/futurama/gwfss25/GWFSS/GWFSS_v1.0_labelled/class_id/INRAE/phenomobile_nadir_2023_FFAST_Mauguio_2023-03-31_uplot_Plot_0100_camera_3_1_RGB_WB.png,512,512,0.27196818590164185,0.10753107070922852,0.09743347018957138,6.3444984225652945,13.78326416015625,0.0,0.0,86.21673583984375,,0.0,,,,0,0,0
INRAE,Source train,/icislab/volume3/benderick/futurama/gwfss25/GWFSS/GWFSS_v1.0_labelled/images/INRAE/phenomobile_nadir_2023_FFAST_Mauguio_2023-04-17_uplot_Plot_0106_camera_3_1_RGB_WB.png,/icislab/volume3/benderick/futurama/gwfss25/GWFSS/GWFSS_v1.0_labelled/class_id/INRAE/phenomobile_nadir_2023_FFAST_Mauguio_2023-04-17_uplot_Plot_0106_camera_3_1_RGB_WB.png,512,512,0.31449654698371887,0.10492191463708878,0.09446654468774796,6.783951546983494,18.607330322265625,0.0,1.462554931640625,79.93011474609375,8.94427190999916,1.3885498046875,3.6515388628064684,96.15384615384616,94.36133486766398,364,14,35
INRAE,Source train,/icislab/volume3/benderick/futurama/gwfss25/GWFSS/GWFSS_v1.0_labelled/images/INRAE/phenomobile_nadir_2023_FFAST_Mauguio_2023-05-03_uplot_Plot_0105_camera_1_2_RGB_WB.png,/icislab/volume3/benderick/futurama/gwfss25/GWFSS/GWFSS_v1.0_labelled/class_id/INRAE/phenomobile_nadir_2023_FFAST_Mauguio_2023-05-03_uplot_Plot_0105_camera_1_2_RGB_WB.png,512,512,0.3264748156070709,0.17526854574680328,0.08457520604133606,5.102983007400309,13.007354736328125,4.0607452392578125,1.8527984619140625,81.0791015625,8.94427190999916,1.5411376953125,2.6765493102738316,64.35643564356435,90.83503054989816,404,13,26
INRAE,Source train,/icislab/volume3/benderick/futurama/gwfss25/GWFSS/GWFSS_v1.0_labelled/images/INRAE/phenomobile_nadir_2023_FFAST_Mauguio_2023-05-09_uplot_Plot_0064_camera_1_2_RGB_WB.png,/icislab/volume3/benderick/futurama/gwfss25/GWFSS/GWFSS_v1.0_labelled/class_id/INRAE/phenomobile_nadir_2023_FFAST_Mauguio_2023-05-09_uplot_Plot_0064_camera_1_2_RGB_WB.png,512,512,0.24725498259067535,0.12145789712667465,0.06930672377347946,4.874723529117581,11.65008544921875,8.217620849609375,2.0099639892578125,78.12232971191406,8.0,2.223968505859375,3.22641867527045,80.61749571183533,91.9047619047619,583,17,47
INRAE,Source train,/icislab/volume3/benderick/futurama/gwfss25/GWFSS/GWFSS_v1.0_labelled/images/INRAE/phenomobile_nadir_2023_FFAST_Mauguio_2023-05-15_uplot_Plot_0011_camera_3_2_RGB_WB.png,/icislab/volume3/benderick/futurama/gwfss25/GWFSS/GWFSS_v1.0_labelled/class_id/INRAE/phenomobile_nadir_2023_FFAST_Mauguio_2023-05-15_uplot_Plot_0011_camera_3_2_RGB_WB.png,512,512,0.3136594593524933,0.13549724221229553,0.07519437372684479,6.366824901692062,15.67840576171875,3.20587158203125,2.1381378173828125,78.97758483886719,8.246211251235321,2.033233642578125,3.568242640499554,80.67542213883678,84.51463790446842,533,20,43
INRAE,Source train,/icislab/volume3/benderick/futurama/gwfss25/GWFSS/GWFSS_v1.0_labelled/images/INRAE/phenomobile_nadir_2023_FFAST_Mauguio_2023-05-15_uplot_Plot_0081_camera_1_1_RGB_WB.png,/icislab/volume3/benderick/futurama/gwfss25/GWFSS/GWFSS_v1.0_labelled/class_id/INRAE/phenomobile_nadir_2023_FFAST_Mauguio_2023-05-15_uplot_Plot_0081_camera_1_1_RGB_WB.png,512,512,0.28078535199165344,0.12775452435016632,0.08316246420145035,4.7981234193035505,12.830352783203125,0.4039764404296875,0.302886962890625,86.46278381347656,5.656854249492381,0.423431396484375,12.594458438287154,180.18018018018017,99.34210526315789,111,10,20
INRAE,Source train,/icislab/volume3/benderick/futurama/gwfss25/GWFSS/GWFSS_v1.0_labelled/images/INRAE/phenomobile_nadir_2023_FFAST_Mauguio_2023-05-23_uplot_Plot_0087_camera_1_2_RGB_WB.png,/icislab/volume3/benderick/futurama/gwfss25/GWFSS/GWFSS_v1.0_labelled/class_id/INRAE/phenomobile_nadir_2023_FFAST_Mauguio_2023-05-23_uplot_Plot_0087_camera_1_2_RGB_WB.png,512,512,0.3139294683933258,0.1334567368030548,0.09602053463459015,5.363121884906563,11.918258666992188,6.2549591064453125,1.08184814453125,80.74493408203125,6.0,1.567840576171875,5.289139633286319,75.4257907542579,85.95213319458897,411,15,31
INRAE,Source train,/icislab/volume3/benderick/futurama/gwfss25/GWFSS/GWFSS_v1.0_labelled/images/INRAE/phenomobile_nadir_2023_FFAST_Mauguio_2023-05-23_uplot_Plot_0118_camera_1_5_RGB_WB.png,/icislab/volume3/benderick/futurama/gwfss25/GWFSS/GWFSS_v1.0_labelled/class_id/INRAE/phenomobile_nadir_2023_FFAST_Mauguio_2023-05-23_uplot_Plot_0118_camera_1_5_RGB_WB.png,512,512,0.332252562046051,0.16674907505512238,0.09122709929943085,6.130914102353693,5.3913116455078125,10.807037353515625,1.6632080078125,82.13844299316406,6.324555320336759,1.995086669921875,5.275229357798165,105.16252390057362,93.86602098466506,523,23,55
INRAE,Source train,/icislab/volume3/benderick/futurama/gwfss25/GWFSS/GWFSS_v1.0_labelled/images/INRAE/phenomobile_nadir_2023_FFAST_Mauguio_2023-05-23_uplot_Plot_0152_camera_1_4_RGB_WB.png,/icislab/volume3/benderick/futurama/gwfss25/GWFSS/GWFSS_v1.0_labelled/class_id/INRAE/phenomobile_nadir_2023_FFAST_Mauguio_2023-05-23_uplot_Plot_0152_camera_1_4_RGB_WB.png,512,512,0.38259828090667725,0.14212320744991302,0.07133462280035019,6.274530546490215,40.05393981933594,11.55548095703125,2.1373748779296875,46.253204345703125,7.211102550927978,2.57110595703125,3.747992147064073,77.1513353115727,78.52257181942545,674,21,52
INRAE,Source train,/icislab/volume3/benderick/futurama/gwfss25/GWFSS/GWFSS_v1.0_labelled/images/INRAE/phenomobile_nadir_2023_FFAST_Mauguio_2023-05-30_uplot_Plot_0052_camera_3_2_RGB_WB.png,/icislab/volume3/benderick/futurama/gwfss25/GWFSS/GWFSS_v1.0_labelled/class_id/INRAE/phenomobile_nadir_2023_FFAST_Mauguio_2023-05-30_uplot_Plot_0052_camera_3_2_RGB_WB.png,512,512,0.3412800431251526,0.1275140643119812,0.05222724378108978,5.562188995265502,34.6038818359375,6.4655303955078125,0.9387969970703125,57.991790771484375,8.0,0.89263916015625,5.688744412840308,119.65811965811966,84.65116279069767,234,14,28
INRAE,Source train,/icislab/volume3/benderick/futurama/gwfss25/GWFSS/GWFSS_v1.0_labelled/images/INRAE/phenomobile_nadir_2023_FFAST_Mauguio_2023-06-12_uplot_Plot_0154_camera_1_6_RGB_WB.png,/icislab/volume3/benderick/futurama/gwfss25/GWFSS/GWFSS_v1.0_labelled/class_id/INRAE/phenomobile_nadir_2023_FFAST_Mauguio_2023-06-12_uplot_Plot_0154_camera_1_6_RGB_WB.png,512,512,0.46355298161506653,0.15737202763557434,0.006067688576877117,5.9775080991502145,60.449981689453125,21.727371215820312,1.2176513671875,16.604995727539062,7.211102550927978,1.399993896484375,2.506265664160401,49.04632152588556,23.11495673671199,367,8,18
INRAE,Source train,/icislab/volume3/benderick/futurama/gwfss25/GWFSS/GWFSS_v1.0_labelled/images/INRAE/phenomobile_nadir_2023_FFAST_Toulouse_2023-04-11_uplot_23ZM8_Y01X027_camera_3_5_RGB_WB.png,/icislab/volume3/benderick/futurama/gwfss25/GWFSS/GWFSS_v1.0_labelled/class_id/INRAE/phenomobile_nadir_2023_FFAST_Toulouse_2023-04-11_uplot_23ZM8_Y01X027_camera_3_5_RGB_WB.png,512,512,0.4241046607494354,0.1012658104300499,0.05673324689269066,5.991554130781775,29.3609619140625,0.0,0.0,70.6390380859375,,0.0,,,,0,0,0
INRAE,Source train,/icislab/volume3/benderick/futurama/gwfss25/GWFSS/GWFSS_v1.0_labelled/images/INRAE/phenomobile_nadir_2023_FFAST_Toulouse_2023-04-19_uplot_23ZM8_Y01X015_camera_1_5_RGB_WB.png,/icislab/volume3/benderick/futurama/gwfss25/GWFSS/GWFSS_v1.0_labelled/class_id/INRAE/phenomobile_nadir_2023_FFAST_Toulouse_2023-04-19_uplot_23ZM8_Y01X015_camera_1_5_RGB_WB.png,512,512,0.28104081749916077,0.11805956810712814,0.10459642857313156,5.180518452104172,7.920074462890625,0.0,0.06866455078125,92.01126098632812,6.324555320336759,0.095367431640625,5.555555555555555,120.0,100.0,25,1,3
INRAE,Source train,/icislab/volume3/benderick/futurama/gwfss25/GWFSS/GWFSS_v1.0_labelled/images/INRAE/phenomobile_nadir_2023_FFAST_Toulouse_2023-04-19_uplot_23ZM8_Y02X016_camera_3_4_RGB_WB.png,/icislab/volume3/benderick/futurama/gwfss25/GWFSS/GWFSS_v1.0_labelled/class_id/INRAE/phenomobile_nadir_2023_FFAST_Toulouse_2023-04-19_uplot_23ZM8_Y02X016_camera_3_4_RGB_WB.png,512,512,0.3549559414386749,0.0901443213224411,0.07673527300357819,5.7828463252565365,38.370513916015625,0.0,1.045989990234375,60.58349609375,8.0,1.163482666015625,5.105762217359591,98.36065573770492,84.5646437994723,305,14,30
INRAE,Source train,/icislab/volume3/benderick/futurama/gwfss25/GWFSS/GWFSS_v1.0_labelled/images/INRAE/phenomobile_nadir_2023_FFAST_Toulouse_2023-04-28_uplot_23ZM8_Y03X003_camera_1_3_RGB_WB.png,/icislab/volume3/benderick/futurama/gwfss25/GWFSS/GWFSS_v1.0_labelled/class_id/INRAE/phenomobile_nadir_2023_FFAST_Toulouse_2023-04-28_uplot_23ZM8_Y03X003_camera_1_3_RGB_WB.png,512,512,0.27482402324676514,0.12739725410938263,0.09923909604549408,5.123214693207049,7.0102691650390625,4.1439056396484375,0.439453125,88.4063720703125,8.0,0.492095947265625,6.076388888888889,116.27906976744185,91.37931034482759,129,7,15
INRAE,Source train,/icislab/volume3/benderick/futurama/gwfss25/GWFSS/GWFSS_v1.0_labelled/images/INRAE/phenomobile_nadir_2023_FFAST_Toulouse_2023-05-09_uplot_23ZM8_Y02X011_camera_3_2_RGB_WB.png,/icislab/volume3/benderick/futurama/gwfss25/GWFSS/GWFSS_v1.0_labelled/class_id/INRAE/phenomobile_nadir_2023_FFAST_Toulouse_2023-05-09_uplot_23ZM8_Y02X011_camera_3_2_RGB_WB.png,512,512,0.25211015343666077,0.10604999959468842,0.07867677509784698,5.034839106061927,20.410919189453125,6.07147216796875,1.7520904541015625,71.76551818847656,8.0,1.949310302734375,4.57217504898759,95.89041095890411,82.24455611390285,511,21,49
INRAE,Source train,/icislab/volume3/benderick/futurama/gwfss25/GWFSS/GWFSS_v1.0_labelled/images/INRAE/phenomobile_nadir_2023_FFAST_Toulouse_2023-05-09_uplot_23ZM8_Y04X012_camera_1_2_RGB_WB.png,/icislab/volume3/benderick/futurama/gwfss25/GWFSS/GWFSS_v1.0_labelled/class_id/INRAE/phenomobile_nadir_2023_FFAST_Toulouse_2023-05-09_uplot_23ZM8_Y04X012_camera_1_2_RGB_WB.png,512,512,0.28861677646636963,0.16091367602348328,0.06360515207052231,4.967845465588991,9.690475463867188,6.827545166015625,1.1016845703125,82.38029479980469,8.0,1.068115234375,4.847645429362881,100.0,90.81920903954803,280,14,28
INRAE,Source train,/icislab/volume3/benderick/futurama/gwfss25/GWFSS/GWFSS_v1.0_labelled/images/INRAE/phenomobile_nadir_2023_FFAST_Toulouse_2023-05-30_uplot_23ZM8_Y03X008_camera_1_4_RGB_WB.png,/icislab/volume3/benderick/futurama/gwfss25/GWFSS/GWFSS_v1.0_labelled/class_id/INRAE/phenomobile_nadir_2023_FFAST_Toulouse_2023-05-30_uplot_23ZM8_Y03X008_camera_1_4_RGB_WB.png,512,512,0.2960807681083679,0.13202351331710815,0.0778355747461319,5.281944589810018,4.8831939697265625,15.753936767578125,1.641845703125,77.72102355957031,7.211102550927978,2.017974853515625,3.4851301115241635,64.27221172022685,92.5925925925926,529,15,34
INRAE,Source train,/icislab/volume3/benderick/futurama/gwfss25/GWFSS/GWFSS_v1.0_labelled/images/INRAE/phenomobile_nadir_2023_FFAST_Toulouse_2023-06-05_uplot_23ZM8_Y01X004_camera_1_4_RGB_WB.png,/icislab/volume3/benderick/futurama/gwfss25/GWFSS/GWFSS_v1.0_labelled/class_id/INRAE/phenomobile_nadir_2023_FFAST_Toulouse_2023-06-05_uplot_23ZM8_Y01X004_camera_1_4_RGB_WB.png,512,512,0.37826281785964966,0.1485225409269333,0.06563325971364975,6.16358984742417,38.364410400390625,9.544754028320312,1.12762451171875,50.96321105957031,8.0,1.2969970703125,2.706359945872801,52.94117647058823,89.34210526315789,340,8,18
INRAE,Source train,/icislab/volume3/benderick/futurama/gwfss25/GWFSS/GWFSS_v1.0_labelled/images/INRAE/phenomobile_nadir_2023_FFAST_Toulouse_2023-06-23_uplot_23ZM8_Y01X012_camera_1_2_RGB_WB.png,/icislab/volume3/benderick/futurama/gwfss25/GWFSS/GWFSS_v1.0_labelled/class_id/INRAE/phenomobile_nadir_2023_FFAST_Toulouse_2023-06-23_uplot_23ZM8_Y01X012_camera_1_2_RGB_WB.png,512,512,0.4998451769351959,0.17414379119873047,0.014735624194145203,6.4040683830587914,34.42535400390625,30.217361450195312,14.153289794921875,21.203994750976562,8.246211251235321,14.83917236328125,0.9972508220581101,24.42159383033419,31.38877939823939,3890,37,95
INRAE,Source train,/icislab/volume3/benderick/futurama/gwfss25/GWFSS/GWFSS_v1.0_labelled/images/INRAE/phenomobile_nadir_2023_FFAST_Toulouse_2023-06-23_uplot_23ZM8_Y02X033_camera_1_2_RGB_WB.png,/icislab/volume3/benderick/futurama/gwfss25/GWFSS/GWFSS_v1.0_labelled/class_id/INRAE/phenomobile_nadir_2023_FFAST_Toulouse_2023-06-23_uplot_23ZM8_Y02X033_camera_1_2_RGB_WB.png,512,512,0.4774005115032196,0.1525261551141739,0.0328202061355114,6.018210042127541,28.25775146484375,26.354217529296875,20.2728271484375,25.115203857421875,8.246211251235321,21.6522216796875,0.6585879873551106,20.789288231148696,39.78102189781022,5676,35,118
NJAU,Source train,/icislab/volume3/benderick/futurama/gwfss25/GWFSS/GWFSS_v1.0_labelled/images/NJAU/2022-0226-188-0.png,/icislab/volume3/benderick/futurama/gwfss25/GWFSS/GWFSS_v1.0_labelled/class_id/NJAU/2022-0226-188-0.png,512,512,0.3398863673210144,0.25804945826530457,0.1529548466205597,12.170744583925426,20.467758178710938,0.0,0.0,79.53224182128906,,0.0,,,,0,0,0
NJAU,Source train,/icislab/volume3/benderick/futurama/gwfss25/GWFSS/GWFSS_v1.0_labelled/images/NJAU/2022-0226-188-45.png,/icislab/volume3/benderick/futurama/gwfss25/GWFSS/GWFSS_v1.0_labelled/class_id/NJAU/2022-0226-188-45.png,512,512,0.4353257119655609,0.26131266355514526,0.1334899663925171,13.98190008943842,38.66996765136719,0.0,0.0,61.33003234863281,,0.0,,,,0,0,0
NJAU,Source train,/icislab/volume3/benderick/futurama/gwfss25/GWFSS/GWFSS_v1.0_labelled/images/NJAU/2022-0226-195-0.png,/icislab/volume3/benderick/futurama/gwfss25/GWFSS/GWFSS_v1.0_labelled/class_id/NJAU/2022-0226-195-0.png,512,512,0.4617367386817932,0.2867988348007202,0.15806858241558075,10.990718221150246,22.623062133789062,0.0,0.0,77.37693786621094,,0.0,,,,0,0,0
NJAU,Source train,/icislab/volume3/benderick/futurama/gwfss25/GWFSS/GWFSS_v1.0_labelled/images/NJAU/2022-0226-21-0.png,/icislab/volume3/benderick/futurama/gwfss25/GWFSS/GWFSS_v1.0_labelled/class_id/NJAU/2022-0226-21-0.png,512,512,0.3414691984653473,0.25843071937561035,0.13305296003818512,13.002835377605342,27.494430541992188,0.0,0.0,72.50556945800781,,0.0,,,,0,0,0
NJAU,Source train,/icislab/volume3/benderick/futurama/gwfss25/GWFSS/GWFSS_v1.0_labelled/images/NJAU/2022-0226-21-45.png,/icislab/volume3/benderick/futurama/gwfss25/GWFSS/GWFSS_v1.0_labelled/class_id/NJAU/2022-0226-21-45.png,512,512,0.45562541484832764,0.24680916965007782,0.09374219924211502,12.999398526423652,53.9764404296875,0.0,0.0,46.0235595703125,,0.0,,,,0,0,0
NJAU,Source train,/icislab/volume3/benderick/futurama/gwfss25/GWFSS/GWFSS_v1.0_labelled/images/NJAU/2022-0226-273-45.png,/icislab/volume3/benderick/futurama/gwfss25/GWFSS/GWFSS_v1.0_labelled/class_id/NJAU/2022-0226-273-45.png,512,512,0.4249385893344879,0.25249484181404114,0.18288253247737885,14.718907890652368,21.280670166015625,0.0,0.0,78.71932983398438,,0.0,,,,0,0,0
NJAU,Source train,/icislab/volume3/benderick/futurama/gwfss25/GWFSS/GWFSS_v1.0_labelled/images/NJAU/2022-0226-38-0.png,/icislab/volume3/benderick/futurama/gwfss25/GWFSS/GWFSS_v1.0_labelled/class_id/NJAU/2022-0226-38-0.png,512,512,0.3175522983074188,0.24902893602848053,0.1397198885679245,11.493861644994475,24.505996704101562,0.0,0.0,75.49400329589844,,0.0,,,,0,0,0
NJAU,Source train,/icislab/volume3/benderick/futurama/gwfss25/GWFSS/GWFSS_v1.0_labelled/images/NJAU/2022-0226-38-45 .png,/icislab/volume3/benderick/futurama/gwfss25/GWFSS/GWFSS_v1.0_labelled/class_id/NJAU/2022-0226-38-45 .png,512,512,0.4459398686885834,0.2567928433418274,0.213067889213562,16.868392332011503,21.7620849609375,0.0,0.0,78.2379150390625,,0.0,,,,0,0,0
NJAU,Source train,/icislab/volume3/benderick/futurama/gwfss25/GWFSS/GWFSS_v1.0_labelled/images/NJAU/2022-0226-5-45.png,/icislab/volume3/benderick/futurama/gwfss25/GWFSS/GWFSS_v1.0_labelled/class_id/NJAU/2022-0226-5-45.png,512,512,0.44935277104377747,0.24657274782657623,0.21869829297065735,14.853166859739405,20.798873901367188,0.0,0.0,79.20112609863281,,0.0,,,,0,0,0
NJAU,Source train,/icislab/volume3/benderick/futurama/gwfss25/GWFSS/GWFSS_v1.0_labelled/images/NJAU/2022-0226-54-0.png,/icislab/volume3/benderick/futurama/gwfss25/GWFSS/GWFSS_v1.0_labelled/class_id/NJAU/2022-0226-54-0.png,512,512,0.3555987775325775,0.2606888711452484,0.10674646496772766,11.06927381393703,38.90571594238281,0.0,0.0,61.09428405761719,,0.0,,,,0,0,0
NJAU,Source train,/icislab/volume3/benderick/futurama/gwfss25/GWFSS/GWFSS_v1.0_labelled/images/NJAU/2022-0226-54-45.png,/icislab/volume3/benderick/futurama/gwfss25/GWFSS/GWFSS_v1.0_labelled/class_id/NJAU/2022-0226-54-45.png,512,512,0.47006866335868835,0.2509608864784241,0.14638324081897736,15.793297601362038,43.17512512207031,0.0,0.0,56.82487487792969,,0.0,,,,0,0,0
NJAU,Source train,/icislab/volume3/benderick/futurama/gwfss25/GWFSS/GWFSS_v1.0_labelled/images/NJAU/2022-0401-388-0.png,/icislab/volume3/benderick/futurama/gwfss25/GWFSS/GWFSS_v1.0_labelled/class_id/NJAU/2022-0401-388-0.png,512,512,0.3876321315765381,0.2520098388195038,0.1987205445766449,8.901421681002343,4.278564453125,0.0,0.0,95.721435546875,,0.0,,,,0,0,0
NJAU,Source train,/icislab/volume3/benderick/futurama/gwfss25/GWFSS/GWFSS_v1.0_labelled/images/NJAU/2022-0401-5-0.png,/icislab/volume3/benderick/futurama/gwfss25/GWFSS/GWFSS_v1.0_labelled/class_id/NJAU/2022-0401-5-0.png,512,512,0.39335405826568604,0.24592019617557526,0.1778719574213028,8.013274018341008,12.990570068359375,0.0,0.0,87.00942993164062,,0.0,,,,0,0,0
NJAU,Source train,/icislab/volume3/benderick/futurama/gwfss25/GWFSS/GWFSS_v1.0_labelled/images/NJAU/2022-0401-5-45.png,/icislab/volume3/benderick/futurama/gwfss25/GWFSS/GWFSS_v1.0_labelled/class_id/NJAU/2022-0401-5-45.png,512,512,0.4286905825138092,0.20360732078552246,0.25338512659072876,10.718649418461883,1.360321044921875,0.0,0.0,98.63967895507812,,0.0,,,,0,0,0
NJAU,Source train,/icislab/volume3/benderick/futurama/gwfss25/GWFSS/GWFSS_v1.0_labelled/images/NJAU/2022-0401-74-0.png,/icislab/volume3/benderick/futurama/gwfss25/GWFSS/GWFSS_v1.0_labelled/class_id/NJAU/2022-0401-74-0.png,512,512,0.40240561962127686,0.26580268144607544,0.22195422649383545,9.362790300057641,1.8604278564453125,0.0,0.4367828369140625,97.70278930664062,8.48528137423857,0.43487548828125,5.240174672489083,114.03508771929825,100.0,114,6,13
NJAU,Source train,/icislab/volume3/benderick/futurama/gwfss25/GWFSS/GWFSS_v1.0_labelled/images/NJAU/2022-0410-100-0.png,/icislab/volume3/benderick/futurama/gwfss25/GWFSS/GWFSS_v1.0_labelled/class_id/NJAU/2022-0410-100-0.png,512,512,0.37254172563552856,0.30946996808052063,0.21333611011505127,10.751859371464972,9.154129028320312,0.0,0.0,90.84587097167969,,0.0,,,,0,0,0
NJAU,Source train,/icislab/volume3/benderick/futurama/gwfss25/GWFSS/GWFSS_v1.0_labelled/images/NJAU/2022-0410-100-45.png,/icislab/volume3/benderick/futurama/gwfss25/GWFSS/GWFSS_v1.0_labelled/class_id/NJAU/2022-0410-100-45.png,512,512,0.46426475048065186,0.23262262344360352,0.4021175801753998,16.123963581997213,0.0385284423828125,0.0,0.0,99.96147155761719,,0.0,,,,0,0,0
NJAU,Source train,/icislab/volume3/benderick/futurama/gwfss25/GWFSS/GWFSS_v1.0_labelled/images/NJAU/2022-0410-189-0.png,/icislab/volume3/benderick/futurama/gwfss25/GWFSS/GWFSS_v1.0_labelled/class_id/NJAU/2022-0410-189-0.png,512,512,0.37191563844680786,0.32402923703193665,0.21039627492427826,12.662330886699452,2.252197265625,0.0,0.0,97.747802734375,,0.0,,,,0,0,0
NJAU,Source train,/icislab/volume3/benderick/futurama/gwfss25/GWFSS/GWFSS_v1.0_labelled/images/NJAU/2022-0410-189-45.png,/icislab/volume3/benderick/futurama/gwfss25/GWFSS/GWFSS_v1.0_labelled/class_id/NJAU/2022-0410-189-45.png,512,512,0.47645390033721924,0.23088568449020386,0.4280994236469269,17.655687474135423,1.6193389892578125,0.0,0.0,98.38066101074219,,0.0,,,,0,0,0
NJAU,Source train,/icislab/volume3/benderick/futurama/gwfss25/GWFSS/GWFSS_v1.0_labelled/images/NJAU/2022-0410-245-0.png,/icislab/volume3/benderick/futurama/gwfss25/GWFSS/GWFSS_v1.0_labelled/class_id/NJAU/2022-0410-245-0.png,512,512,0.38718098402023315,0.32097193598747253,0.22328424453735352,12.291706484220905,9.163665771484375,0.0,0.4547119140625,90.38162231445312,15.231546211727817,0.255584716796875,1.6778523489932886,59.701492537313435,51.74418604651163,67,2,4
NJAU,Source train,/icislab/volume3/benderick/futurama/gwfss25/GWFSS/GWFSS_v1.0_labelled/images/NJAU/2022-0410-245-45.png,/icislab/volume3/benderick/futurama/gwfss25/GWFSS/GWFSS_v1.0_labelled/class_id/NJAU/2022-0410-245-45.png,512,512,0.49910402297973633,0.22621332108974457,0.49600937962532043,17.79951114140507,0.32501220703125,0.0,0.0,99.67498779296875,,0.0,,,,0,0,0
NJAU,Source train,/icislab/volume3/benderick/futurama/gwfss25/GWFSS/GWFSS_v1.0_labelled/images/NJAU/2022-0410-265-0.png,/icislab/volume3/benderick/futurama/gwfss25/GWFSS/GWFSS_v1.0_labelled/class_id/NJAU/2022-0410-265-0.png,512,512,0.379560649394989,0.28942570090293884,0.23497994244098663,13.579367305281705,8.59375,0.0,0.475311279296875,90.93093872070312,10.0,0.4425048828125,2.407704654895666,60.3448275862069,100.0,116,3,7
NJAU,Source train,/icislab/volume3/benderick/futurama/gwfss25/GWFSS/GWFSS_v1.0_labelled/images/NJAU/2022-0410-265-45.png,/icislab/volume3/benderick/futurama/gwfss25/GWFSS/GWFSS_v1.0_labelled/class_id/NJAU/2022-0410-265-45.png,512,512,0.4309201240539551,0.18533137440681458,0.4033166766166687,14.945303580453015,1.1241912841796875,0.0,0.0,98.87580871582031,,0.0,,,,0,0,0
NJAU,Source train,/icislab/volume3/benderick/futurama/gwfss25/GWFSS/GWFSS_v1.0_labelled/images/NJAU/2022-0410-286-0.png,/icislab/volume3/benderick/futurama/gwfss25/GWFSS/GWFSS_v1.0_labelled/class_id/NJAU/2022-0410-286-0.png,512,512,0.30939221382141113,0.2886657118797302,0.17694257199764252,11.187917981101162,7.58819580078125,0.0,0.0,92.41180419921875,,0.0,,,,0,0,0
NJAU,Source train,/icislab/volume3/benderick/futurama/gwfss25/GWFSS/GWFSS_v1.0_labelled/images/NJAU/2022-0410-286-45.png,/icislab/volume3/benderick/futurama/gwfss25/GWFSS/GWFSS_v1.0_labelled/class_id/NJAU/2022-0410-286-45.png,512,512,0.39615964889526367,0.19495847821235657,0.3958149254322052,16.22373299903608,0.0,0.0,0.0,100.0,,0.0,,,,0,0,0
NJAU,Source train,/icislab/volume3/benderick/futurama/gwfss25/GWFSS/GWFSS_v1.0_labelled/images/NJAU/2022-0410-41-45.png,/icislab/volume3/benderick/futurama/gwfss25/GWFSS/GWFSS_v1.0_labelled/class_id/NJAU/2022-0410-41-45.png,512,512,0.43621787428855896,0.2586342990398407,0.3717489540576935,18.311871611150693,0.0,1.1676788330078125,1.42364501953125,97.40867614746094,12.0,1.316070556640625,1.339764201500536,31.884057971014492,100.0,345,5,11
NJAU,Source train,/icislab/volume3/benderick/futurama/gwfss25/GWFSS/GWFSS_v1.0_labelled/images/NJAU/2022-0410-7-0.png,/icislab/volume3/benderick/futurama/gwfss25/GWFSS/GWFSS_v1.0_labelled/class_id/NJAU/2022-0410-7-0.png,512,512,0.3131025731563568,0.3141535520553589,0.20236605405807495,15.35379857725172,6.512451171875,0.0,0.128936767578125,93.35861206054688,8.123105625617661,0.1373291015625,2.9585798816568047,83.33333333333333,100.0,36,1,3
NJAU,Source train,/icislab/volume3/benderick/futurama/gwfss25/GWFSS/GWFSS_v1.0_labelled/images/NJAU/2022-0410-77-0.png,/icislab/volume3/benderick/futurama/gwfss25/GWFSS/GWFSS_v1.0_labelled/class_id/NJAU/2022-0410-77-0.png,512,512,0.32077717781066895,0.3062972128391266,0.19849124550819397,13.856643490083277,8.029937744140625,0.0,1.0562896728515625,90.91377258300781,14.0,0.690460205078125,2.1668472372697725,82.87292817679558,91.51138716356108,181,6,15
NJAU,Source train,/icislab/volume3/benderick/futurama/gwfss25/GWFSS/GWFSS_v1.0_labelled/images/NJAU/2022-0410-77-45.png,/icislab/volume3/benderick/futurama/gwfss25/GWFSS/GWFSS_v1.0_labelled/class_id/NJAU/2022-0410-77-45.png,512,512,0.5215497016906738,0.24797749519348145,0.4345262348651886,18.77632423455857,2.0214080810546875,0.0,0.0,97.97859191894531,,0.0,,,,0,0,0
NJAU,Source train,/icislab/volume3/benderick/futurama/gwfss25/GWFSS/GWFSS_v1.0_labelled/images/NJAU/2022-0418-10-0.png,/icislab/volume3/benderick/futurama/gwfss25/GWFSS/GWFSS_v1.0_labelled/class_id/NJAU/2022-0418-10-0.png,512,512,0.46709051728248596,0.30362406373023987,0.2235649675130844,10.325953966891229,3.560638427734375,2.72674560546875,3.0345916748046875,90.67802429199219,15.231546211727817,1.819610595703125,0.6285355122564424,31.446540880503143,92.20917822838847,477,5,15
NJAU,Source train,/icislab/volume3/benderick/futurama/gwfss25/GWFSS/GWFSS_v1.0_labelled/images/NJAU/2022-0418-62-0.png,/icislab/volume3/benderick/futurama/gwfss25/GWFSS/GWFSS_v1.0_labelled/class_id/NJAU/2022-0418-62-0.png,512,512,0.3376496434211731,0.25276437401771545,0.2400217205286026,9.98256270283303,3.9897918701171875,0.0,0.0,96.01020812988281,,0.0,,,,0,0,0
NJAU,Source train,/icislab/volume3/benderick/futurama/gwfss25/GWFSS/GWFSS_v1.0_labelled/images/NJAU/2022-0425-176-0.png,/icislab/volume3/benderick/futurama/gwfss25/GWFSS/GWFSS_v1.0_labelled/class_id/NJAU/2022-0425-176-0.png,512,512,0.3567240536212921,0.2804645597934723,0.21835285425186157,14.881848013438356,3.7769317626953125,7.8258514404296875,4.697418212890625,83.69979858398438,12.0,3.6773681640625,1.3805424719831088,48.7551867219917,88.15984213122842,964,17,47
NJAU,Source train,/icislab/volume3/benderick/futurama/gwfss25/GWFSS/GWFSS_v1.0_labelled/images/NJAU/2022-0425-221-0.png,/icislab/volume3/benderick/futurama/gwfss25/GWFSS/GWFSS_v1.0_labelled/class_id/NJAU/2022-0425-221-0.png,512,512,0.3098686933517456,0.27267470955848694,0.10797484964132309,8.613662295687831,14.248275756835938,9.937286376953125,2.616119384765625,73.19831848144531,10.0,2.269744873046875,1.3123359580052494,38.65546218487395,88.06818181818181,595,9,23
NJAU,Source train,/icislab/volume3/benderick/futurama/gwfss25/GWFSS/GWFSS_v1.0_labelled/images/NJAU/2022-0425-221-45.png,/icislab/volume3/benderick/futurama/gwfss25/GWFSS/GWFSS_v1.0_labelled/class_id/NJAU/2022-0425-221-45.png,512,512,0.447738915681839,0.24351945519447327,0.2279765009880066,11.205661130787652,7.7083587646484375,31.22406005859375,3.6022186279296875,57.465362548828125,16.0,2.15911865234375,0.5294927459493805,21.20141342756184,42.17970049916806,566,5,12
NJAU,Source train,/icislab/volume3/benderick/futurama/gwfss25/GWFSS/GWFSS_v1.0_labelled/images/NJAU/2022-0425-239-0.png,/icislab/volume3/benderick/futurama/gwfss25/GWFSS/GWFSS_v1.0_labelled/class_id/NJAU/2022-0425-239-0.png,512,512,0.37792646884918213,0.2916752099990845,0.1656956970691681,9.867963586511713,5.6529998779296875,12.285232543945312,3.086090087890625,78.97567749023438,10.0,2.8076171875,1.9777503090234858,58.42391304347826,90.17412935323384,736,16,43
NJAU,Source train,/icislab/volume3/benderick/futurama/gwfss25/GWFSS/GWFSS_v1.0_labelled/images/NJAU/2022-0425-239-45.png,/icislab/volume3/benderick/futurama/gwfss25/GWFSS/GWFSS_v1.0_labelled/class_id/NJAU/2022-0425-239-45.png,512,512,0.45483922958374023,0.24262259900569916,0.2730952501296997,12.8383704014089,1.1810302734375,30.297088623046875,5.00640869140625,63.515472412109375,15.231546211727817,3.536224365234375,0.609570252971655,28.047464940668824,89.10359634997316,927,8,26
NJAU,Source train,/icislab/volume3/benderick/futurama/gwfss25/GWFSS/GWFSS_v1.0_labelled/images/NJAU/2022-0425-266-0.png,/icislab/volume3/benderick/futurama/gwfss25/GWFSS/GWFSS_v1.0_labelled/class_id/NJAU/2022-0425-266-0.png,512,512,0.39643552899360657,0.28356707096099854,0.2076241374015808,9.965243902486938,3.9676666259765625,11.416244506835938,3.8105010986328125,80.80558776855469,8.48528137423857,3.91387939453125,2.2024226649314245,52.63157894736842,86.6481223922114,1026,22,54
NJAU,Source train,/icislab/volume3/benderick/futurama/gwfss25/GWFSS/GWFSS_v1.0_labelled/images/NJAU/2022-0425-266-45.png,/icislab/volume3/benderick/futurama/gwfss25/GWFSS/GWFSS_v1.0_labelled/class_id/NJAU/2022-0425-266-45.png,512,512,0.46119216084480286,0.21469752490520477,0.30995917320251465,10.88627315297994,5.2509307861328125,33.74595642089844,6.27288818359375,54.730224609375,14.0,4.84466552734375,0.8513743614692288,27.559055118110237,74.44569710635099,1270,14,35
NJAU,Source train,/icislab/volume3/benderick/futurama/gwfss25/GWFSS/GWFSS_v1.0_labelled/images/NJAU/2022-0425-274-0.png,/icislab/volume3/benderick/futurama/gwfss25/GWFSS/GWFSS_v1.0_labelled/class_id/NJAU/2022-0425-274-0.png,512,512,0.4570883810520172,0.26872992515563965,0.25326839089393616,9.425223248761576,5.8155059814453125,3.70941162109375,0.079345703125,90.39573669433594,8.94427190999916,0.072479248046875,4.8076923076923075,157.89473684210526,56.25,19,1,3
NJAU,Source train,/icislab/volume3/benderick/futurama/gwfss25/GWFSS/GWFSS_v1.0_labelled/images/NJAU/2022-0425-274-45.png,/icislab/volume3/benderick/futurama/gwfss25/GWFSS/GWFSS_v1.0_labelled/class_id/NJAU/2022-0425-274-45.png,512,512,0.5033451318740845,0.20467884838581085,0.33533212542533875,13.179079651788461,2.947998046875,7.07855224609375,2.663421630859375,87.31002807617188,16.0,1.461029052734375,0.7161271841879118,28.720626631853786,89.17345750873108,383,5,11
NJAU,Source train,/icislab/volume3/benderick/futurama/gwfss25/GWFSS/GWFSS_v1.0_labelled/images/NJAU/2022-0425-289-0.png,/icislab/volume3/benderick/futurama/gwfss25/GWFSS/GWFSS_v1.0_labelled/class_id/NJAU/2022-0425-289-0.png,512,512,0.38582590222358704,0.2698306143283844,0.1936006098985672,9.168837077098384,5.022430419921875,10.383987426757812,6.024169921875,78.56941223144531,14.0,3.910064697265625,0.6965552178318136,29.26829268292683,89.05283198476916,1025,11,30
NJAU,Source train,/icislab/volume3/benderick/futurama/gwfss25/GWFSS/GWFSS_v1.0_labelled/images/NJAU/2022-0425-289-45.png,/icislab/volume3/benderick/futurama/gwfss25/GWFSS/GWFSS_v1.0_labelled/class_id/NJAU/2022-0425-289-45.png,512,512,0.5681666135787964,0.12630371749401093,0.30193376541137695,9.088213935542141,0.0,45.55244445800781,9.8052978515625,44.64225769042969,20.0,4.833221435546875,0.1556178026766262,7.892659826361484,97.68153980752406,1267,4,10
NJAU,Source train,/icislab/volume3/benderick/futurama/gwfss25/GWFSS/GWFSS_v1.0_labelled/images/NJAU/2022-0425-29-0.png,/icislab/volume3/benderick/futurama/gwfss25/GWFSS/GWFSS_v1.0_labelled/class_id/NJAU/2022-0425-29-0.png,512,512,0.42669805884361267,0.2738095223903656,0.19873595237731934,9.824312347637175,7.4748992919921875,13.110733032226562,2.858734130859375,76.55563354492188,12.0,1.995086669921875,1.4678409394182013,49.7131931166348,82.25806451612904,523,11,26
NJAU,Source train,/icislab/volume3/benderick/futurama/gwfss25/GWFSS/GWFSS_v1.0_labelled/images/NJAU/2022-0425-29-45.png,/icislab/volume3/benderick/futurama/gwfss25/GWFSS/GWFSS_v1.0_labelled/class_id/NJAU/2022-0425-29-45.png,512,512,0.5544500350952148,0.1630624383687973,0.30476826429367065,9.75688994979817,0.0,35.71739196777344,3.6907196044921875,60.591888427734375,14.142135623730951,2.414703369140625,0.8268733850129198,26.856240126382307,97.39884393063583,633,8,17
NJAU,Source train,/icislab/volume3/benderick/futurama/gwfss25/GWFSS/GWFSS_v1.0_labelled/images/NJAU/2022-0425-5-0.png,/icislab/volume3/benderick/futurama/gwfss25/GWFSS/GWFSS_v1.0_labelled/class_id/NJAU/2022-0425-5-0.png,512,512,0.3736722767353058,0.2633958160877228,0.23209066689014435,13.006875728556071,10.66131591796875,8.344650268554688,3.2093048095703125,77.78472900390625,10.198039027185569,2.70843505859375,1.901818614049685,57.74647887323944,83.91332895600787,710,16,41
NJAU,Source train,/icislab/volume3/benderick/futurama/gwfss25/GWFSS/GWFSS_v1.0_labelled/images/NJAU/2022-0425-5-45.png,/icislab/volume3/benderick/futurama/gwfss25/GWFSS/GWFSS_v1.0_labelled/class_id/NJAU/2022-0425-5-45.png,512,512,0.4337485432624817,0.1922571361064911,0.33608052134513855,11.391017121598114,0.9456634521484375,19.375991821289062,1.0162353515625,78.662109375,16.0,0.576019287109375,1.1261261261261262,46.35761589403973,92.93193717277487,151,3,7
NJAU,Source train,/icislab/volume3/benderick/futurama/gwfss25/GWFSS/GWFSS_v1.0_labelled/images/NJAU/2022-0425-52-45.png,/icislab/volume3/benderick/futurama/gwfss25/GWFSS/GWFSS_v1.0_labelled/class_id/NJAU/2022-0425-52-45.png,512,512,0.5011692047119141,0.21517831087112427,0.31378257274627686,11.345583034469525,0.1285552978515625,18.115234375,4.5452117919921875,77.21099853515625,15.231546211727817,2.6702880859375,0.419639110365086,15.714285714285714,93.8885157824043,700,5,11
NJAU,Source train,/icislab/volume3/benderick/futurama/gwfss25/GWFSS/GWFSS_v1.0_labelled/images/NJAU/2022-0510-15-45.png,/icislab/volume3/benderick/futurama/gwfss25/GWFSS/GWFSS_v1.0_labelled/class_id/NJAU/2022-0510-15-45.png,512,512,0.43106767535209656,0.18292006850242615,0.28006482124328613,10.536938784645217,2.034759521484375,24.352264404296875,2.4028778076171875,71.21009826660156,14.0,1.708984375,0.635021431973329,24.553571428571427,93.91025641025641,448,4,11
NJAU,Source train,/icislab/volume3/benderick/futurama/gwfss25/GWFSS/GWFSS_v1.0_labelled/images/NJAU/2022-0510-3-45.png,/icislab/volume3/benderick/futurama/gwfss25/GWFSS/GWFSS_v1.0_labelled/class_id/NJAU/2022-0510-3-45.png,512,512,0.48274385929107666,0.20973584055900574,0.27270618081092834,11.3391479164328,3.6060333251953125,38.39454650878906,2.8995513916015625,55.09986877441406,10.0,2.872467041015625,1.1840547296408368,30.54448871181939,86.45038167938931,753,9,23
NJAU,Source train,/icislab/volume3/benderick/futurama/gwfss25/GWFSS/GWFSS_v1.0_labelled/images/NJAU/2022-0510-39-45.png,/icislab/volume3/benderick/futurama/gwfss25/GWFSS/GWFSS_v1.0_labelled/class_id/NJAU/2022-0510-39-45.png,512,512,0.49637866020202637,0.18966859579086304,0.23185954988002777,9.777879460737806,1.126861572265625,58.927154541015625,7.62786865234375,32.318115234375,12.649110640673518,6.09588623046875,0.30006001200240046,11.264080100125156,88.92166502785972,1598,6,18
NJAU,Source train,/icislab/volume3/benderick/futurama/gwfss25/GWFSS/GWFSS_v1.0_labelled/images/NJAU/2022-0510-4-0.png,/icislab/volume3/benderick/futurama/gwfss25/GWFSS/GWFSS_v1.0_labelled/class_id/NJAU/2022-0510-4-0.png,512,512,0.4009726643562317,0.24355556070804596,0.20615991950035095,10.736820180509238,2.7225494384765625,9.316635131835938,2.342987060546875,85.61782836914062,8.48528137423857,2.41851806640625,2.44220123738196,55.20504731861199,89.55672426746807,634,15,35
NJAU,Source train,/icislab/volume3/benderick/futurama/gwfss25/GWFSS/GWFSS_v1.0_labelled/images/NJAU/2022-0510-41-45.png,/icislab/volume3/benderick/futurama/gwfss25/GWFSS/GWFSS_v1.0_labelled/class_id/NJAU/2022-0510-41-45.png,512,512,0.5085703134536743,0.192735955119133,0.2469492405653,9.173232074772683,1.1516571044921875,41.36505126953125,7.806396484375,49.67689514160156,10.0,7.4462890625,0.6352619233776388,15.881147540983607,87.85678517776665,1952,13,31
NJAU,Source train,/icislab/volume3/benderick/futurama/gwfss25/GWFSS/GWFSS_v1.0_labelled/images/NJAU/2022-0510-56-45.png,/icislab/volume3/benderick/futurama/gwfss25/GWFSS/GWFSS_v1.0_labelled/class_id/NJAU/2022-0510-56-45.png,512,512,0.5265871286392212,0.17928196489810944,0.2602183520793915,10.040199072227422,2.552032470703125,50.77552795410156,4.8015594482421875,41.870880126953125,14.0,3.215789794921875,0.6355763883371732,21.352313167259787,74.02885682574917,843,8,18
NJAU,Source train,/icislab/volume3/benderick/futurama/gwfss25/GWFSS/GWFSS_v1.0_labelled/images/NJAU/2022-0519-11-0.png,/icislab/volume3/benderick/futurama/gwfss25/GWFSS/GWFSS_v1.0_labelled/class_id/NJAU/2022-0519-11-0.png,512,512,0.43940895795822144,0.2835722863674164,0.16554118692874908,13.64287983685918,14.595794677734375,12.964630126953125,1.5422821044921875,70.89729309082031,10.0,1.31988525390625,2.968093000247341,75.14450867052022,96.10983981693364,346,12,26
NJAU,Source train,/icislab/volume3/benderick/futurama/gwfss25/GWFSS/GWFSS_v1.0_labelled/images/NJAU/2022-0519-11-45.png,/icislab/volume3/benderick/futurama/gwfss25/GWFSS/GWFSS_v1.0_labelled/class_id/NJAU/2022-0519-11-45.png,512,512,0.4730757772922516,0.21537530422210693,0.26685965061187744,11.535513775411838,1.885986328125,29.586029052734375,4.1095733642578125,64.41841125488281,14.0,2.727508544921875,0.371298616912652,16.783216783216783,92.8973277074543,715,4,12
NJAU,Source train,/icislab/volume3/benderick/futurama/gwfss25/GWFSS/GWFSS_v1.0_labelled/images/NJAU/2022-0519-14-0.png,/icislab/volume3/benderick/futurama/gwfss25/GWFSS/GWFSS_v1.0_labelled/class_id/NJAU/2022-0519-14-0.png,512,512,0.44069504737854004,0.24864177405834198,0.13749907910823822,15.273320443667432,29.349136352539062,15.052032470703125,0.5924224853515625,55.00640869140625,8.94427190999916,0.5645751953125,3.219575016097875,74.32432432432432,84.39306358381504,148,5,11
NJAU,Source train,/icislab/volume3/benderick/futurama/gwfss25/GWFSS/GWFSS_v1.0_labelled/images/NJAU/2022-0519-14-45.png,/icislab/volume3/benderick/futurama/gwfss25/GWFSS/GWFSS_v1.0_labelled/class_id/NJAU/2022-0519-14-45.png,512,512,0.45914819836616516,0.2014496922492981,0.26221853494644165,12.521776049637483,2.31781005859375,36.54747009277344,5.9673309326171875,55.167388916015625,12.165525060596439,4.428863525390625,0.5753372115323148,20.671834625322997,87.5369666244191,1161,9,24
NJAU,Source train,/icislab/volume3/benderick/futurama/gwfss25/GWFSS/GWFSS_v1.0_labelled/images/NJAU/2022-0519-2-0.png,/icislab/volume3/benderick/futurama/gwfss25/GWFSS/GWFSS_v1.0_labelled/class_id/NJAU/2022-0519-2-0.png,512,512,0.4118199646472931,0.27399909496307373,0.10411392897367477,13.723427790808366,31.322097778320312,7.6854705810546875,0.7617950439453125,60.23063659667969,8.0,0.743865966796875,4.006009013520281,92.3076923076923,76.2993762993763,195,8,18
NJAU,Source train,/icislab/volume3/benderick/futurama/gwfss25/GWFSS/GWFSS_v1.0_labelled/images/NJAU/2022-0519-2-45.png,/icislab/volume3/benderick/futurama/gwfss25/GWFSS/GWFSS_v1.0_labelled/class_id/NJAU/2022-0519-2-45.png,512,512,0.5126292705535889,0.19948576390743256,0.2798948884010315,10.978780009696072,3.01361083984375,47.0123291015625,0.0,49.97406005859375,,0.0,,,,0,0,0
NJAU,Source train,/icislab/volume3/benderick/futurama/gwfss25/GWFSS/GWFSS_v1.0_labelled/images/NJAU/2022-0519-634-0.png,/icislab/volume3/benderick/futurama/gwfss25/GWFSS/GWFSS_v1.0_labelled/class_id/NJAU/2022-0519-634-0.png,512,512,0.36380019783973694,0.2596287429332733,0.10889323800802231,16.199209601003485,34.34867858886719,11.722564697265625,3.3573150634765625,50.571441650390625,8.246211251235321,3.643035888671875,1.4771048744460857,32.460732984293195,78.54526425954997,955,13,31
NJAU,Source train,/icislab/volume3/benderick/futurama/gwfss25/GWFSS/GWFSS_v1.0_labelled/images/NJAU/2022-0519-634-45.png,/icislab/volume3/benderick/futurama/gwfss25/GWFSS/GWFSS_v1.0_labelled/class_id/NJAU/2022-0519-634-45.png,512,512,0.5369762778282166,0.1842593103647232,0.27782413363456726,9.90619037068787,3.23944091796875,49.52392578125,4.1614532470703125,43.07518005371094,11.661903789690601,3.34930419921875,1.0083417361811349,29.612756264236904,76.3157894736842,878,11,26
NJAU,Source train,/icislab/volume3/benderick/futurama/gwfss25/GWFSS/GWFSS_v1.0_labelled/images/NJAU/2022-0519-9-0.png,/icislab/volume3/benderick/futurama/gwfss25/GWFSS/GWFSS_v1.0_labelled/class_id/NJAU/2022-0519-9-0.png,512,512,0.4515168368816376,0.2783326804637909,0.13036206364631653,16.26263368037659,29.193878173828125,14.154052734375,2.4505615234375,54.201507568359375,10.770329614269007,1.953125,1.4009962640099627,41.015625,85.18843120070115,512,9,21
NJAU,Source train,/icislab/volume3/benderick/futurama/gwfss25/GWFSS/GWFSS_v1.0_labelled/images/NJAU/2022-0519-9-45.png,/icislab/volume3/benderick/futurama/gwfss25/GWFSS/GWFSS_v1.0_labelled/class_id/NJAU/2022-0519-9-45.png,512,512,0.43650901317596436,0.220770925283432,0.24676349759101868,13.345627315460538,1.1165618896484375,18.355178833007812,9.427642822265625,71.10061645507812,15.231546211727817,6.748199462890625,0.48555474629764506,18.654607122668175,94.0061332589908,1769,12,33
NJAU,Source train,/icislab/volume3/benderick/futurama/gwfss25/GWFSS/GWFSS_v1.0_labelled/images/NJAU/2022-0524-35-45.png,/icislab/volume3/benderick/futurama/gwfss25/GWFSS/GWFSS_v1.0_labelled/class_id/NJAU/2022-0524-35-45.png,512,512,0.5363285541534424,0.18919572234153748,0.25293800234794617,11.554921030778855,0.849151611328125,32.24334716796875,7.628631591796875,59.27886962890625,12.165525060596439,5.893707275390625,0.5000500050005,15.533980582524272,92.1494143716366,1545,10,24
NJAU,Source train,/icislab/volume3/benderick/futurama/gwfss25/GWFSS/GWFSS_v1.0_labelled/images/NJAU/2022-0524-398-45.png,/icislab/volume3/benderick/futurama/gwfss25/GWFSS/GWFSS_v1.0_labelled/class_id/NJAU/2022-0524-398-45.png,512,512,0.5639999508857727,0.18281427025794983,0.28286394476890564,8.423391006694139,2.809906005859375,25.805282592773438,7.3230743408203125,64.06173706054688,18.0,3.8299560546875,0.3125488357555868,12.94820717131474,70.93457943925233,1004,6,13
NJAU,Source train,/icislab/volume3/benderick/futurama/gwfss25/GWFSS/GWFSS_v1.0_labelled/images/NJAU/2022-0524-434-45.png,/icislab/volume3/benderick/futurama/gwfss25/GWFSS/GWFSS_v1.0_labelled/class_id/NJAU/2022-0524-434-45.png,512,512,0.3627997636795044,0.2320147007703781,0.20342187583446503,14.186423572913045,1.9878387451171875,16.0491943359375,6.7279815673828125,75.2349853515625,12.0,5.2337646484375,0.6803878210580031,19.67930029154519,99.1000346140533,1372,12,27
NJAU,Source train,/icislab/volume3/benderick/futurama/gwfss25/GWFSS/GWFSS_v1.0_labelled/images/NJAU/2022-0530-16-0.png,/icislab/volume3/benderick/futurama/gwfss25/GWFSS/GWFSS_v1.0_labelled/class_id/NJAU/2022-0530-16-0.png,512,512,0.31998011469841003,0.2634708285331726,0.018738199025392532,12.818794644360079,34.23042297363281,11.924362182617188,4.45098876953125,49.39422607421875,11.313708498984761,3.6468505859375,1.4569763455605074,44.97907949790795,65.11976047904191,956,17,43
NJAU,Source train,/icislab/volume3/benderick/futurama/gwfss25/GWFSS/GWFSS_v1.0_labelled/images/NJAU/2022-0530-16-45.png,/icislab/volume3/benderick/futurama/gwfss25/GWFSS/GWFSS_v1.0_labelled/class_id/NJAU/2022-0530-16-45.png,512,512,0.5037110447883606,0.18286877870559692,0.0954151377081871,8.873516097767185,2.4768829345703125,55.33943176269531,2.5997161865234375,39.58396911621094,18.973665961010276,1.338958740234375,0.586940572267058,28.49002849002849,83.16831683168317,351,4,10
NJAU,Source train,/icislab/volume3/benderick/futurama/gwfss25/GWFSS/GWFSS_v1.0_labelled/images/NJAU/2022-0530-19-0.png,/icislab/volume3/benderick/futurama/gwfss25/GWFSS/GWFSS_v1.0_labelled/class_id/NJAU/2022-0530-19-0.png,512,512,0.4525471329689026,0.24633975327014923,0.1213749423623085,14.678485617570194,11.800384521484375,15.119552612304688,1.44805908203125,71.63200378417969,7.211102550927978,1.560211181640625,3.4246575342465753,68.45965770171149,90.70270270270271,409,13,28
NJAU,Source train,/icislab/volume3/benderick/futurama/gwfss25/GWFSS/GWFSS_v1.0_labelled/images/NJAU/2022-0530-19-45.png,/icislab/volume3/benderick/futurama/gwfss25/GWFSS/GWFSS_v1.0_labelled/class_id/NJAU/2022-0530-19-45.png,512,512,0.5258732438087463,0.18247072398662567,0.14144262671470642,11.64150452843659,2.4539947509765625,31.740951538085938,8.098983764648438,57.70606994628906,12.165525060596439,5.115509033203125,0.4710093730865244,18.642803877703205,92.05816554809843,1341,10,25
NJAU,Source train,/icislab/volume3/benderick/futurama/gwfss25/GWFSS/GWFSS_v1.0_labelled/images/NJAU/2022-0530-26-0.png,/icislab/volume3/benderick/futurama/gwfss25/GWFSS/GWFSS_v1.0_labelled/class_id/NJAU/2022-0530-26-0.png,512,512,0.414543092250824,0.25833582878112793,0.04499569162726402,14.232975478754614,19.753646850585938,24.658203125,2.59246826171875,52.99568176269531,8.0,2.9449462890625,2.5014714537963507,56.994818652849744,75.98306110102844,772,17,44
NJAU,Source train,/icislab/volume3/benderick/futurama/gwfss25/GWFSS/GWFSS_v1.0_labelled/images/NJAU/2022-0530-26-45.png,/icislab/volume3/benderick/futurama/gwfss25/GWFSS/GWFSS_v1.0_labelled/class_id/NJAU/2022-0530-26-45.png,512,512,0.5623214244842529,0.20236138999462128,0.08793223649263382,9.641491386971996,2.3746490478515625,48.114013671875,8.869171142578125,40.64216613769531,14.0,5.57708740234375,0.5161290322580645,21.887824897400822,86.5252854812398,1462,12,32
NJAU,Source train,/icislab/volume3/benderick/futurama/gwfss25/GWFSS/GWFSS_v1.0_labelled/images/NJAU/2022-0530-28-0.png,/icislab/volume3/benderick/futurama/gwfss25/GWFSS/GWFSS_v1.0_labelled/class_id/NJAU/2022-0530-28-0.png,512,512,0.38398611545562744,0.26751354336738586,0.08797787874937057,13.504878539097346,18.3563232421875,26.671600341796875,7.5740814208984375,47.39799499511719,10.0,7.51495361328125,0.8562075044069504,24.873096446700508,71.84819339745256,1970,17,49
NJAU,Source train,/icislab/volume3/benderick/futurama/gwfss25/GWFSS/GWFSS_v1.0_labelled/images/NJAU/2022-0530-43-0.png,/icislab/volume3/benderick/futurama/gwfss25/GWFSS/GWFSS_v1.0_labelled/class_id/NJAU/2022-0530-43-0.png,512,512,0.344963401556015,0.255748450756073,0.11727353185415268,14.539117895332762,15.642929077148438,21.685791015625,1.4621734619140625,61.2091064453125,8.48528137423857,1.46484375,2.6089225150013045,52.083333333333336,70.27972027972028,384,10,20
NJAU,Source train,/icislab/volume3/benderick/futurama/gwfss25/GWFSS/GWFSS_v1.0_labelled/images/NJAU/2022-0530-43-45.png,/icislab/volume3/benderick/futurama/gwfss25/GWFSS/GWFSS_v1.0_labelled/class_id/NJAU/2022-0530-43-45.png,512,512,0.5473886728286743,0.2179163247346878,0.18729767203330994,12.966282856036573,2.69775390625,39.458465576171875,11.512374877929688,46.33140563964844,16.1245154965971,6.649017333984375,0.39762748931376124,18.359150889271373,83.39371980676329,1743,12,32
NJAU,Source train,/icislab/volume3/benderick/futurama/gwfss25/GWFSS/GWFSS_v1.0_labelled/images/NJAU/2022-0530-48-45.png,/icislab/volume3/benderick/futurama/gwfss25/GWFSS/GWFSS_v1.0_labelled/class_id/NJAU/2022-0530-48-45.png,512,512,0.40348294377326965,0.20014603435993195,0.13272278010845184,10.813656037885996,4.0554046630859375,22.6348876953125,13.533401489257812,59.77630615234375,16.0,8.953094482421875,0.36643459142543056,17.469109501491264,84.59188127455259,2347,13,41
NJAU,Source train,/icislab/volume3/benderick/futurama/gwfss25/GWFSS/GWFSS_v1.0_labelled/images/NJAU/2022-0530-7-0.png,/icislab/volume3/benderick/futurama/gwfss25/GWFSS/GWFSS_v1.0_labelled/class_id/NJAU/2022-0530-7-0.png,512,512,0.40309610962867737,0.2321701943874359,0.0816042423248291,13.864939869922544,12.4847412109375,19.6807861328125,3.9813995361328125,63.85307312011719,10.0,3.604888916015625,1.1497556769186548,35.97883597883598,69.52583910495471,945,12,34
NJAU,Source train,/icislab/volume3/benderick/futurama/gwfss25/GWFSS/GWFSS_v1.0_labelled/images/NJAU/2022-0530-7-45.png,/icislab/volume3/benderick/futurama/gwfss25/GWFSS/GWFSS_v1.0_labelled/class_id/NJAU/2022-0530-7-45.png,512,512,0.40399083495140076,0.15456648170948029,0.11405276507139206,11.27023447311843,1.5636444091796875,17.571258544921875,7.7548980712890625,73.11019897460938,14.422205101855956,5.05828857421875,0.4919081115647597,19.607843137254903,87.42647058823529,1326,10,26
NJAU,Source train,/icislab/volume3/benderick/futurama/gwfss25/GWFSS/GWFSS_v1.0_labelled/images/NJAU/2022-1102-124-0.png,/icislab/volume3/benderick/futurama/gwfss25/GWFSS/GWFSS_v1.0_labelled/class_id/NJAU/2022-1102-124-0.png,512,512,0.5094595551490784,0.13663367927074432,-0.015252760611474514,5.560103776173022,93.63975524902344,0.0,0.0,6.3602447509765625,,0.0,,,,0,0,0
NJAU,Source train,/icislab/volume3/benderick/futurama/gwfss25/GWFSS/GWFSS_v1.0_labelled/images/NJAU/2022-1102-124-45.png,/icislab/volume3/benderick/futurama/gwfss25/GWFSS/GWFSS_v1.0_labelled/class_id/NJAU/2022-1102-124-45.png,512,512,0.5171636343002319,0.14272768795490265,0.0643463283777237,12.332067414770455,79.10575866699219,0.0,0.0,20.894241333007812,,0.0,,,,0,0,0
NJAU,Source train,/icislab/volume3/benderick/futurama/gwfss25/GWFSS/GWFSS_v1.0_labelled/images/NJAU/2022-1102-198-0.png,/icislab/volume3/benderick/futurama/gwfss25/GWFSS/GWFSS_v1.0_labelled/class_id/NJAU/2022-1102-198-0.png,512,512,0.5107082724571228,0.12773588299751282,0.02612799033522606,9.043147562808665,84.67559814453125,0.0,0.0,15.32440185546875,,0.0,,,,0,0,0
NJAU,Source train,/icislab/volume3/benderick/futurama/gwfss25/GWFSS/GWFSS_v1.0_labelled/images/NJAU/2022-1102-198-45.png,/icislab/volume3/benderick/futurama/gwfss25/GWFSS/GWFSS_v1.0_labelled/class_id/NJAU/2022-1102-198-45.png,512,512,0.5294333696365356,0.13831289112567902,0.02531188353896141,9.355128055263156,87.42866516113281,0.0,0.0,12.571334838867188,,0.0,,,,0,0,0
NJAU,Source train,/icislab/volume3/benderick/futurama/gwfss25/GWFSS/GWFSS_v1.0_labelled/images/NJAU/2022-1102-20-0.png,/icislab/volume3/benderick/futurama/gwfss25/GWFSS/GWFSS_v1.0_labelled/class_id/NJAU/2022-1102-20-0.png,512,512,0.5367752313613892,0.13971106708049774,-0.030933083966374397,4.95303899461776,95.75424194335938,0.0,0.0,4.245758056640625,,0.0,,,,0,0,0
NJAU,Source train,/icislab/volume3/benderick/futurama/gwfss25/GWFSS/GWFSS_v1.0_labelled/images/NJAU/2022-1102-20-45.png,/icislab/volume3/benderick/futurama/gwfss25/GWFSS/GWFSS_v1.0_labelled/class_id/NJAU/2022-1102-20-45.png,512,512,0.5297068953514099,0.16127251088619232,-0.005844369530677795,5.388865213197045,96.37870788574219,0.0,0.0,3.6212921142578125,,0.0,,,,0,0,0
NJAU,Source train,/icislab/volume3/benderick/futurama/gwfss25/GWFSS/GWFSS_v1.0_labelled/images/NJAU/2022-1110-20-0.png,/icislab/volume3/benderick/futurama/gwfss25/GWFSS/GWFSS_v1.0_labelled/class_id/NJAU/2022-1110-20-0.png,512,512,0.21739239990711212,0.1088886559009552,0.08529143035411835,9.280194498502782,66.94869995117188,0.0,0.0,33.051300048828125,,0.0,,,,0,0,0
NJAU,Source train,/icislab/volume3/benderick/futurama/gwfss25/GWFSS/GWFSS_v1.0_labelled/images/NJAU/2022-1110-20-45.png,/icislab/volume3/benderick/futurama/gwfss25/GWFSS/GWFSS_v1.0_labelled/class_id/NJAU/2022-1110-20-45.png,512,512,0.16608461737632751,0.0812968984246254,0.01798201911151409,7.24277648125938,84.02481079101562,0.0,0.0,15.975189208984375,,0.0,,,,0,0,0
NJAU,Source train,/icislab/volume3/benderick/futurama/gwfss25/GWFSS/GWFSS_v1.0_labelled/images/NJAU/2022-1110-4-0.png,/icislab/volume3/benderick/futurama/gwfss25/GWFSS/GWFSS_v1.0_labelled/class_id/NJAU/2022-1110-4-0.png,512,512,0.1690288782119751,0.08707422018051147,0.028262736275792122,5.926894378501895,77.5634765625,0.0,0.0,22.4365234375,,0.0,,,,0,0,0
NJAU,Source train,/icislab/volume3/benderick/futurama/gwfss25/GWFSS/GWFSS_v1.0_labelled/images/NJAU/2022-1123-122-0.png,/icislab/volume3/benderick/futurama/gwfss25/GWFSS/GWFSS_v1.0_labelled/class_id/NJAU/2022-1123-122-0.png,512,512,0.5261974930763245,0.13801652193069458,0.010874280706048012,8.397896111739795,81.59866333007812,0.0,0.0,18.401336669921875,,0.0,,,,0,0,0
NJAU,Source train,/icislab/volume3/benderick/futurama/gwfss25/GWFSS/GWFSS_v1.0_labelled/images/NJAU/2022-1123-166-0.png,/icislab/volume3/benderick/futurama/gwfss25/GWFSS/GWFSS_v1.0_labelled/class_id/NJAU/2022-1123-166-0.png,512,512,0.49120640754699707,0.17409734427928925,0.15583746135234833,12.81904823477695,42.43354797363281,0.0,0.0,57.56645202636719,,0.0,,,,0,0,0
NJAU,Source train,/icislab/volume3/benderick/futurama/gwfss25/GWFSS/GWFSS_v1.0_labelled/images/NJAU/2022-1123-5-0.png,/icislab/volume3/benderick/futurama/gwfss25/GWFSS/GWFSS_v1.0_labelled/class_id/NJAU/2022-1123-5-0.png,512,512,0.5238592624664307,0.17250913381576538,0.11325711011886597,9.472421627168307,42.1630859375,0.0,0.0,57.8369140625,,0.0,,,,0,0,0
NJAU,Source train,/icislab/volume3/benderick/futurama/gwfss25/GWFSS/GWFSS_v1.0_labelled/images/NJAU/2022-1123-5-45.png,/icislab/volume3/benderick/futurama/gwfss25/GWFSS/GWFSS_v1.0_labelled/class_id/NJAU/2022-1123-5-45.png,512,512,0.5196303725242615,0.16624145209789276,0.17308500409126282,11.316117565113625,27.4078369140625,0.0,0.0,72.5921630859375,,0.0,,,,0,0,0
NJAU,Source train,/icislab/volume3/benderick/futurama/gwfss25/GWFSS/GWFSS_v1.0_labelled/images/NJAU/2022-1123-87-0.png,/icislab/volume3/benderick/futurama/gwfss25/GWFSS/GWFSS_v1.0_labelled/class_id/NJAU/2022-1123-87-0.png,512,512,0.5058354139328003,0.15317007899284363,0.04612879827618599,9.577524128044507,72.94349670410156,0.0,0.0,27.056503295898438,,0.0,,,,0,0,0
NJAU,Source train,/icislab/volume3/benderick/futurama/gwfss25/GWFSS/GWFSS_v1.0_labelled/images/NJAU/2022-1123-87-45.png,/icislab/volume3/benderick/futurama/gwfss25/GWFSS/GWFSS_v1.0_labelled/class_id/NJAU/2022-1123-87-45.png,512,512,0.5238369703292847,0.16531841456890106,0.05856340378522873,10.009679389731753,75.91018676757812,0.0,0.0,24.089813232421875,,0.0,,,,0,0,0
NJAU,Source train,/icislab/volume3/benderick/futurama/gwfss25/GWFSS/GWFSS_v1.0_labelled/images/NJAU/2022-1129-195-45.png,/icislab/volume3/benderick/futurama/gwfss25/GWFSS/GWFSS_v1.0_labelled/class_id/NJAU/2022-1129-195-45.png,512,512,0.4998537302017212,0.16467663645744324,0.23467855155467987,12.958670491419102,22.295761108398438,0.0,0.0,77.70423889160156,,0.0,,,,0,0,0
NJAU,Source train,/icislab/volume3/benderick/futurama/gwfss25/GWFSS/GWFSS_v1.0_labelled/images/NJAU/2022-1129-5-45.png,/icislab/volume3/benderick/futurama/gwfss25/GWFSS/GWFSS_v1.0_labelled/class_id/NJAU/2022-1129-5-45.png,512,512,0.28006511926651,0.11016713082790375,0.19663551449775696,8.803503440049647,13.161849975585938,0.0,0.0,86.83815002441406,,0.0,,,,0,0,0
NJAU,Source train,/icislab/volume3/benderick/futurama/gwfss25/GWFSS/GWFSS_v1.0_labelled/images/NJAU/2023-0221-30-0.png,/icislab/volume3/benderick/futurama/gwfss25/GWFSS/GWFSS_v1.0_labelled/class_id/NJAU/2023-0221-30-0.png,512,512,0.26730042695999146,0.12230215966701508,0.0861968845129013,6.695017257435693,22.112655639648438,0.0,0.0,77.88734436035156,,0.0,,,,0,0,0
NJAU,Source train,/icislab/volume3/benderick/futurama/gwfss25/GWFSS/GWFSS_v1.0_labelled/images/NJAU/2023-0221-30-45.png,/icislab/volume3/benderick/futurama/gwfss25/GWFSS/GWFSS_v1.0_labelled/class_id/NJAU/2023-0221-30-45.png,512,512,0.261102557182312,0.1185382753610611,0.08905448019504547,6.638754010375861,24.768447875976562,0.0,0.0,75.23155212402344,,0.0,,,,0,0,0
NJAU,Source train,/icislab/volume3/benderick/futurama/gwfss25/GWFSS/GWFSS_v1.0_labelled/images/NJAU/2023-0310-124-0.png,/icislab/volume3/benderick/futurama/gwfss25/GWFSS/GWFSS_v1.0_labelled/class_id/NJAU/2023-0310-124-0.png,512,512,0.34940722584724426,0.21245171129703522,0.13802261650562286,7.358681979752559,17.281723022460938,0.0,0.0,82.71827697753906,,0.0,,,,0,0,0
NJAU,Source train,/icislab/volume3/benderick/futurama/gwfss25/GWFSS/GWFSS_v1.0_labelled/images/NJAU/2023-0310-5-0.png,/icislab/volume3/benderick/futurama/gwfss25/GWFSS/GWFSS_v1.0_labelled/class_id/NJAU/2023-0310-5-0.png,512,512,0.3355274498462677,0.18090391159057617,0.14567841589450836,6.0893115404884925,8.957672119140625,0.0,0.0,91.04232788085938,,0.0,,,,0,0,0
NJAU,Source train,/icislab/volume3/benderick/futurama/gwfss25/GWFSS/GWFSS_v1.0_labelled/images/NJAU/2023-0310-83-0.png,/icislab/volume3/benderick/futurama/gwfss25/GWFSS/GWFSS_v1.0_labelled/class_id/NJAU/2023-0310-83-0.png,512,512,0.3952524662017822,0.23607926070690155,0.17142803966999054,8.945314401123579,13.452911376953125,0.0,0.0,86.54708862304688,,0.0,,,,0,0,0
NJAU,Source train,/icislab/volume3/benderick/futurama/gwfss25/GWFSS/GWFSS_v1.0_labelled/images/NJAU/2023-0321-154-0.png,/icislab/volume3/benderick/futurama/gwfss25/GWFSS/GWFSS_v1.0_labelled/class_id/NJAU/2023-0321-154-0.png,512,512,0.4490276277065277,0.18587327003479004,0.17037606239318848,6.031071407599493,1.9062042236328125,0.0,0.0,98.09379577636719,,0.0,,,,0,0,0
NJAU,Source train,/icislab/volume3/benderick/futurama/gwfss25/GWFSS/GWFSS_v1.0_labelled/images/NJAU/2023-0321-186-0.png,/icislab/volume3/benderick/futurama/gwfss25/GWFSS/GWFSS_v1.0_labelled/class_id/NJAU/2023-0321-186-0.png,512,512,0.48744210600852966,0.19809994101524353,0.22220151126384735,5.297388618513674,1.776123046875,0.0,0.31890869140625,97.90496826171875,6.0,0.4730224609375,5.980861244019139,88.70967741935483,93.25842696629213,124,5,11
NJAU,Source train,/icislab/volume3/benderick/futurama/gwfss25/GWFSS/GWFSS_v1.0_labelled/images/NJAU/2023-0321-35-0.png,/icislab/volume3/benderick/futurama/gwfss25/GWFSS/GWFSS_v1.0_labelled/class_id/NJAU/2023-0321-35-0.png,512,512,0.436484158039093,0.15932971239089966,0.11927501857280731,8.650489113871362,21.289825439453125,0.0,0.0,78.71017456054688,,0.0,,,,0,0,0
NJAU,Source train,/icislab/volume3/benderick/futurama/gwfss25/GWFSS/GWFSS_v1.0_labelled/images/NJAU/2023-0327-5-0.png,/icislab/volume3/benderick/futurama/gwfss25/GWFSS/GWFSS_v1.0_labelled/class_id/NJAU/2023-0327-5-0.png,512,512,0.31973204016685486,0.2442503571510315,0.1425299495458603,7.558633553574976,0.0,0.0,0.0,100.0,,0.0,,,,0,0,0
NJAU,Source train,/icislab/volume3/benderick/futurama/gwfss25/GWFSS/GWFSS_v1.0_labelled/images/NJAU/2023-0419-24-0.png,/icislab/volume3/benderick/futurama/gwfss25/GWFSS/GWFSS_v1.0_labelled/class_id/NJAU/2023-0419-24-0.png,512,512,0.3388872742652893,0.2423022836446762,0.16183319687843323,8.940970046247298,12.91046142578125,9.80072021484375,3.557586669921875,73.73123168945312,11.661903789690601,2.735137939453125,1.9300879262277504,55.78800557880056,81.1495673671199,717,18,40
NJAU,Source train,/icislab/volume3/benderick/futurama/gwfss25/GWFSS/GWFSS_v1.0_labelled/images/NJAU/2023-0428-5-0.png,/icislab/volume3/benderick/futurama/gwfss25/GWFSS/GWFSS_v1.0_labelled/class_id/NJAU/2023-0428-5-0.png,512,512,0.4168938994407654,0.2454986721277237,0.16937722265720367,9.781068568942546,9.85565185546875,11.391448974609375,1.3011932373046875,77.45170593261719,7.211102550927978,1.560211181640625,5.277044854881266,110.02444987775061,86.51685393258427,409,18,45
NJAU,Source train,/icislab/volume3/benderick/futurama/gwfss25/GWFSS/GWFSS_v1.0_labelled/images/NJAU/2023-0428-5-45.png,/icislab/volume3/benderick/futurama/gwfss25/GWFSS/GWFSS_v1.0_labelled/class_id/NJAU/2023-0428-5-45.png,512,512,0.4848012924194336,0.19970151782035828,0.25432077050209045,11.54312415114711,2.94342041015625,24.996566772460938,1.847076416015625,70.21293640136719,10.0,1.800537109375,1.4456836018174308,36.016949152542374,90.89005235602095,472,7,17
NJAU,Source train,/icislab/volume3/benderick/futurama/gwfss25/GWFSS/GWFSS_v1.0_labelled/images/NJAU/2023-0502-33-0.png,/icislab/volume3/benderick/futurama/gwfss25/GWFSS/GWFSS_v1.0_labelled/class_id/NJAU/2023-0502-33-0.png,512,512,0.3821384310722351,0.26920610666275024,0.1662444770336151,8.330049314741437,8.726882934570312,11.780548095703125,0.972747802734375,78.51982116699219,8.94427190999916,0.926971435546875,2.3529411764705883,69.95884773662551,90.0749063670412,243,6,17
NJAU,Source train,/icislab/volume3/benderick/futurama/gwfss25/GWFSS/GWFSS_v1.0_labelled/images/NJAU/2023-0502-5-45.png,/icislab/volume3/benderick/futurama/gwfss25/GWFSS/GWFSS_v1.0_labelled/class_id/NJAU/2023-0502-5-45.png,512,512,0.42466533184051514,0.27476340532302856,0.21257515251636505,12.68749291719315,6.17218017578125,20.144271850585938,3.0582427978515625,70.62530517578125,10.0,3.07464599609375,1.746289135586878,44.66501240694789,72.11538461538461,806,14,36
NJAU,Source train,/icislab/volume3/benderick/futurama/gwfss25/GWFSS/GWFSS_v1.0_labelled/images/NJAU/2023-0518-20-45.png,/icislab/volume3/benderick/futurama/gwfss25/GWFSS/GWFSS_v1.0_labelled/class_id/NJAU/2023-0518-20-45.png,512,512,0.40059298276901245,0.26824751496315,0.18395856022834778,12.492176715527222,9.124374389648438,29.436492919921875,6.0115814208984375,55.42755126953125,10.0,6.420135498046875,1.649850878862872,39.809863339275104,86.79191574153145,1683,26,67
RRES,Source train,/icislab/volume3/benderick/futurama/gwfss25/GWFSS/GWFSS_v1.0_labelled/images/RRES/0_15-1-NIT-N3-MW_08-04-2021_10-32-33_maturity_top.png,/icislab/volume3/benderick/futurama/gwfss25/GWFSS/GWFSS_v1.0_labelled/class_id/RRES/0_15-1-NIT-N3-MW_08-04-2021_10-32-33_maturity_top.png,512,512,0.14380989968776703,0.20528115332126617,-0.0020989361219108105,5.691448017291662,75.02059936523438,17.393875122070312,5.841827392578125,1.7436981201171875,11.661903789690601,4.901885986328125,0.5223978059292151,26.459143968871594,0.0,1285,8,34
RRES,Source train,/icislab/volume3/benderick/futurama/gwfss25/GWFSS/GWFSS_v1.0_labelled/images/RRES/0_24-1-NIT-N2-Her_08-04-2021_10-36-56_maturity_top.png,/icislab/volume3/benderick/futurama/gwfss25/GWFSS/GWFSS_v1.0_labelled/class_id/RRES/0_24-1-NIT-N2-Her_08-04-2021_10-36-56_maturity_top.png,512,512,0.1834302693605423,0.18045370280742645,0.0019958196207880974,5.208662006269257,85.12191772460938,13.578414916992188,0.685882568359375,0.6137847900390625,8.0,0.732421875,1.668520578420467,41.666666666666664,9.693877551020408,192,3,8
RRES,Source train,/icislab/volume3/benderick/futurama/gwfss25/GWFSS/GWFSS_v1.0_labelled/images/RRES/10_15-1-NIT-N3-MW_11-11-2020_09-42-07_tillering_top.png,/icislab/volume3/benderick/futurama/gwfss25/GWFSS/GWFSS_v1.0_labelled/class_id/RRES/10_15-1-NIT-N3-MW_11-11-2020_09-42-07_tillering_top.png,512,512,0.1446099877357483,0.07666554301977158,-5.084768054075539e-05,5.8977400321493825,93.45016479492188,0.0,0.0,6.549835205078125,,0.0,,,,0,0,0
RRES,Source train,/icislab/volume3/benderick/futurama/gwfss25/GWFSS/GWFSS_v1.0_labelled/images/RRES/11_15-1-NIT-N3-MW_07-05-2021_15-02-20_earlyscen_top.png,/icislab/volume3/benderick/futurama/gwfss25/GWFSS/GWFSS_v1.0_labelled/class_id/RRES/11_15-1-NIT-N3-MW_07-05-2021_15-02-20_earlyscen_top.png,512,512,0.14746995270252228,0.15248872339725494,0.0584765300154686,6.724328068577473,5.24749755859375,14.46685791015625,4.9304962158203125,75.35514831542969,10.770329614269007,4.329681396484375,1.4700193423597678,44.93392070484582,88.21966341895482,1135,19,51
RRES,Source train,/icislab/volume3/benderick/futurama/gwfss25/GWFSS/GWFSS_v1.0_labelled/images/RRES/11_33-1-NIT-N3-Ist_07-05-2021_15-11-11_earlyscen_top.png,/icislab/volume3/benderick/futurama/gwfss25/GWFSS/GWFSS_v1.0_labelled/class_id/RRES/11_33-1-NIT-N3-Ist_07-05-2021_15-11-11_earlyscen_top.png,512,512,0.14337798953056335,0.1682610809803009,0.05132884904742241,7.466050027741594,37.23869323730469,12.762451171875,2.3288726806640625,47.66998291015625,10.198039027185569,1.796722412109375,1.638001638001638,50.955414012738856,74.09867172675521,471,10,24
RRES,Source train,/icislab/volume3/benderick/futurama/gwfss25/GWFSS/GWFSS_v1.0_labelled/images/RRES/13-1-NIT-N2-Ist_05-25-2021_10-06-13_jointing_top.png,/icislab/volume3/benderick/futurama/gwfss25/GWFSS/GWFSS_v1.0_labelled/class_id/RRES/13-1-NIT-N2-Ist_05-25-2021_10-06-13_jointing_top.png,512,512,0.2171686291694641,0.12327561527490616,0.061364613473415375,9.928849466499658,60.79292297363281,0.0,1.448822021484375,37.75825500488281,10.0,1.13677978515625,3.1595576619273302,107.38255033557047,79.7724399494311,298,12,32
RRES,Source train,/icislab/volume3/benderick/futurama/gwfss25/GWFSS/GWFSS_v1.0_labelled/images/RRES/13-1-NIT-N2-Ist_06-10-2021_08-51-50_heading_top.png,/icislab/volume3/benderick/futurama/gwfss25/GWFSS/GWFSS_v1.0_labelled/class_id/RRES/13-1-NIT-N2-Ist_06-10-2021_08-51-50_heading_top.png,512,512,0.19065023958683014,0.07339602708816528,0.034611187875270844,5.432339884671432,69.04296875,2.2647857666015625,0.1377105712890625,28.554534912109375,6.0,0.1373291015625,5.54016620498615,138.88888888888889,60.91954022988506,36,2,5
RRES,Source train,/icislab/volume3/benderick/futurama/gwfss25/GWFSS/GWFSS_v1.0_labelled/images/RRES/13-1-NIT-N2-Ist_06-17-2021_16-12-12_flowering_top.png,/icislab/volume3/benderick/futurama/gwfss25/GWFSS/GWFSS_v1.0_labelled/class_id/RRES/13-1-NIT-N2-Ist_06-17-2021_16-12-12_flowering_top.png,512,512,0.20073933899402618,0.12633100152015686,0.0428086593747139,7.318029942655584,58.329010009765625,4.4605255126953125,0.45623779296875,36.75422668457031,8.0,0.4730224609375,8.361204013377927,193.5483870967742,82.48587570621469,124,10,24
RRES,Source train,/icislab/volume3/benderick/futurama/gwfss25/GWFSS/GWFSS_v1.0_labelled/images/RRES/13-1-NIT-N2-Ist_07-05-2021_15-01-17_earlyscen_top.png,/icislab/volume3/benderick/futurama/gwfss25/GWFSS/GWFSS_v1.0_labelled/class_id/RRES/13-1-NIT-N2-Ist_07-05-2021_15-01-17_earlyscen_top.png,512,512,0.21655146777629852,0.1631496101617813,0.053952425718307495,8.11907456520521,52.18849182128906,10.03265380859375,1.739501953125,36.03935241699219,7.211102550927978,1.796722412109375,2.412280701754386,50.955414012738856,66.82242990654206,471,11,24
RRES,Source train,/icislab/volume3/benderick/futurama/gwfss25/GWFSS/GWFSS_v1.0_labelled/images/RRES/13-1-NIT-N2-Ist_08-04-2021_10-31-30_maturity_top.png,/icislab/volume3/benderick/futurama/gwfss25/GWFSS/GWFSS_v1.0_labelled/class_id/RRES/13-1-NIT-N2-Ist_08-04-2021_10-31-30_maturity_top.png,512,512,0.18428254127502441,0.1893720030784607,-0.0003531213151291013,5.925698496264528,56.85462951660156,11.700820922851562,12.211227416992188,19.233322143554688,11.661903789690601,9.433746337890625,0.34363187654243854,16.174686615446827,17.09122577835837,2473,11,40
RRES,Source train,/icislab/volume3/benderick/futurama/gwfss25/GWFSS/GWFSS_v1.0_labelled/images/RRES/13-1-NIT-N2-Ist_11-11-2020_09-41-06_tillering_top.png,/icislab/volume3/benderick/futurama/gwfss25/GWFSS/GWFSS_v1.0_labelled/class_id/RRES/13-1-NIT-N2-Ist_11-11-2020_09-41-06_tillering_top.png,512,512,0.17716586589813232,0.09490658342838287,0.003434514394029975,8.022511374730824,93.76754760742188,0.0,0.0,6.232452392578125,,0.0,,,,0,0,0
RRES,Source train,/icislab/volume3/benderick/futurama/gwfss25/GWFSS/GWFSS_v1.0_labelled/images/RRES/15-1-NIT-N3-MW_05-25-2021_10-07-15_jointing_top.png,/icislab/volume3/benderick/futurama/gwfss25/GWFSS/GWFSS_v1.0_labelled/class_id/RRES/15-1-NIT-N3-MW_05-25-2021_10-07-15_jointing_top.png,512,512,0.24929285049438477,0.181967630982399,0.1266554594039917,9.706029166088742,28.8177490234375,0.0,0.4245758056640625,70.75767517089844,13.416407864998739,0.22125244140625,1.7969451931716083,68.96551724137932,69.94818652849742,58,2,4
RRES,Source train,/icislab/volume3/benderick/futurama/gwfss25/GWFSS/GWFSS_v1.0_labelled/images/RRES/15-1-NIT-N3-MW_06-04-2021_17-01-14_booting_top.png,/icislab/volume3/benderick/futurama/gwfss25/GWFSS/GWFSS_v1.0_labelled/class_id/RRES/15-1-NIT-N3-MW_06-04-2021_17-01-14_booting_top.png,512,512,0.1843109428882599,0.18703214824199677,0.09036316722631454,8.39398759910118,34.49974060058594,0.0,0.848388671875,64.65187072753906,15.231546211727817,0.438690185546875,1.3489208633093526,60.869565217391305,100.0,115,3,7
RRES,Source train,/icislab/volume3/benderick/futurama/gwfss25/GWFSS/GWFSS_v1.0_labelled/images/RRES/15-1-NIT-N3-MW_06-10-2021_08-52-52_heading_top.png,/icislab/volume3/benderick/futurama/gwfss25/GWFSS/GWFSS_v1.0_labelled/class_id/RRES/15-1-NIT-N3-MW_06-10-2021_08-52-52_heading_top.png,512,512,0.1695283204317093,0.1304297298192978,0.08076820522546768,6.102821016336051,18.9788818359375,2.2136688232421875,1.6513824462890625,77.15606689453125,10.770329614269007,1.163482666015625,2.772002772002772,98.36065573770492,85.6763925729443,305,12,30
RRES,Source train,/icislab/volume3/benderick/futurama/gwfss25/GWFSS/GWFSS_v1.0_labelled/images/RRES/15-1-NIT-N3-MW_06-17-2021_16-13-13_flowering_top.png,/icislab/volume3/benderick/futurama/gwfss25/GWFSS/GWFSS_v1.0_labelled/class_id/RRES/15-1-NIT-N3-MW_06-17-2021_16-13-13_flowering_top.png,512,512,0.13262800872325897,0.11816135793924332,0.0594063401222229,5.183700008533644,15.63873291015625,2.3075103759765625,2.3944854736328125,79.65927124023438,13.416407864998739,1.636505126953125,1.4338059582603155,48.95104895104895,78.62356621480708,429,9,21
RRES,Source train,/icislab/volume3/benderick/futurama/gwfss25/GWFSS/GWFSS_v1.0_labelled/images/RRES/15-1-NIT-N3-MW_07-05-2021_15-02-20_earlyscen_top.png,/icislab/volume3/benderick/futurama/gwfss25/GWFSS/GWFSS_v1.0_labelled/class_id/RRES/15-1-NIT-N3-MW_07-05-2021_15-02-20_earlyscen_top.png,512,512,0.14746995270252228,0.15248872339725494,0.0584765300154686,6.724328068577473,13.97247314453125,14.5355224609375,5.3295135498046875,66.16249084472656,12.165525060596439,3.795623779296875,1.2168062415002505,44.221105527638194,80.29823768639855,995,17,44
RRES,Source train,/icislab/volume3/benderick/futurama/gwfss25/GWFSS/GWFSS_v1.0_labelled/images/RRES/15-1-NIT-N3-MW_08-04-2021_10-32-33_maturity_top.png,/icislab/volume3/benderick/futurama/gwfss25/GWFSS/GWFSS_v1.0_labelled/class_id/RRES/15-1-NIT-N3-MW_08-04-2021_10-32-33_maturity_top.png,512,512,0.14380989968776703,0.20528115332126617,-0.0020989361219108105,5.691448017291662,49.37591552734375,16.528701782226562,7.070159912109375,27.025222778320312,12.649110640673518,5.115509033203125,0.37768425596201577,16.405667412378822,46.055597295266715,1341,7,22
RRES,Source train,/icislab/volume3/benderick/futurama/gwfss25/GWFSS/GWFSS_v1.0_labelled/images/RRES/15-1-NIT-N6-Cru-B2_04-23-2019_12-03-51_earlyJointing_top.png,/icislab/volume3/benderick/futurama/gwfss25/GWFSS/GWFSS_v1.0_labelled/class_id/RRES/15-1-NIT-N6-Cru-B2_04-23-2019_12-03-51_earlyJointing_top.png,512,512,0.13347190618515015,0.12569785118103027,0.05861297994852066,6.797954868501443,30.877304077148438,0.0,0.0,69.12269592285156,,0.0,,,,0,0,0
RRES,Source train,/icislab/volume3/benderick/futurama/gwfss25/GWFSS/GWFSS_v1.0_labelled/images/RRES/15-1-NIT-N6-Cru-B2_05-28-2019_11-02-50_booting_top.png,/icislab/volume3/benderick/futurama/gwfss25/GWFSS/GWFSS_v1.0_labelled/class_id/RRES/15-1-NIT-N6-Cru-B2_05-28-2019_11-02-50_booting_top.png,512,512,0.1304299682378769,0.1274869740009308,0.057443343102931976,6.894960477486971,10.059738159179688,0.0,0.057220458984375,89.88304138183594,4.47213595499958,0.110626220703125,6.666666666666667,103.44827586206897,79.62962962962963,29,1,3
RRES,Source train,/icislab/volume3/benderick/futurama/gwfss25/GWFSS/GWFSS_v1.0_labelled/images/RRES/15-1-NIT-N6-Cru-B2_06-05-2019_08-32-49_heading_top.png,/icislab/volume3/benderick/futurama/gwfss25/GWFSS/GWFSS_v1.0_labelled/class_id/RRES/15-1-NIT-N6-Cru-B2_06-05-2019_08-32-49_heading_top.png,512,512,0.1613878607749939,0.24812845885753632,0.0771905854344368,12.309102830796009,19.140625,5.87158203125,0.394439697265625,74.59335327148438,11.661903789690601,0.316619873046875,1.9342359767891684,72.28915662650603,100.0,83,2,6
RRES,Source train,/icislab/volume3/benderick/futurama/gwfss25/GWFSS/GWFSS_v1.0_labelled/images/RRES/15-1-NIT-N6-Cru-B2_06-10-2019_08-08-49_flowering_top.png,/icislab/volume3/benderick/futurama/gwfss25/GWFSS/GWFSS_v1.0_labelled/class_id/RRES/15-1-NIT-N6-Cru-B2_06-10-2019_08-08-49_flowering_top.png,512,512,0.18940526247024536,0.1890549212694168,0.09859559684991837,12.427379674057935,8.551025390625,8.275222778320312,0.629425048828125,82.54432678222656,8.94427190999916,0.55694580078125,4.848484848484849,109.58904109589041,91.14832535885168,146,8,16
RRES,Source train,/icislab/volume3/benderick/futurama/gwfss25/GWFSS/GWFSS_v1.0_labelled/images/RRES/15-1-NIT-N6-Cru-B2_07-01-2019_14-48-36_earlyscen_top.png,/icislab/volume3/benderick/futurama/gwfss25/GWFSS/GWFSS_v1.0_labelled/class_id/RRES/15-1-NIT-N6-Cru-B2_07-01-2019_14-48-36_earlyscen_top.png,512,512,0.12217869609594345,0.17985151708126068,0.06065373495221138,10.378790321634229,15.649795532226562,15.481185913085938,0.6732940673828125,68.19572448730469,8.0,0.7171630859375,4.53257790368272,101.06382978723404,74.42348008385744,188,8,19
RRES,Source train,/icislab/volume3/benderick/futurama/gwfss25/GWFSS/GWFSS_v1.0_labelled/images/RRES/15-1-NIT-N6-Cru-B2_07-17-2019_13-12-10_lateScen_top.png,/icislab/volume3/benderick/futurama/gwfss25/GWFSS/GWFSS_v1.0_labelled/class_id/RRES/15-1-NIT-N6-Cru-B2_07-17-2019_13-12-10_lateScen_top.png,512,512,0.11457744985818863,0.1500411480665207,0.015998931601643562,6.906675149316788,44.13642883300781,22.186660766601562,1.26953125,32.407379150390625,6.324555320336759,1.617431640625,4.8076923076923075,91.98113207547169,31.869254341164453,424,16,39
RRES,Source train,/icislab/volume3/benderick/futurama/gwfss25/GWFSS/GWFSS_v1.0_labelled/images/RRES/15-1-NIT-N6-Cru-B2_07-29-2019_10-41-18_maturity_top.png,/icislab/volume3/benderick/futurama/gwfss25/GWFSS/GWFSS_v1.0_labelled/class_id/RRES/15-1-NIT-N6-Cru-B2_07-29-2019_10-41-18_maturity_top.png,512,512,0.2354935258626938,0.29204341769218445,0.009968162514269352,10.286525869194255,36.954498291015625,38.80271911621094,1.6345977783203125,22.608184814453125,10.0,1.590728759765625,1.4002333722287048,50.35971223021583,9.518072289156626,417,6,21
RRES,Source train,/icislab/volume3/benderick/futurama/gwfss25/GWFSS/GWFSS_v1.0_labelled/images/RRES/1_13-1-NIT-N2-Ist_05-25-2021_10-06-13_jointing_top.png,/icislab/volume3/benderick/futurama/gwfss25/GWFSS/GWFSS_v1.0_labelled/class_id/RRES/1_13-1-NIT-N2-Ist_05-25-2021_10-06-13_jointing_top.png,512,512,0.2171686291694641,0.12327561527490616,0.061364613473415375,9.928849466499658,61.8743896484375,0.0,1.4507293701171875,36.67488098144531,10.770329614269007,1.064300537109375,2.1036024191427822,82.43727598566308,71.93229901269393,279,8,23
RRES,Source train,/icislab/volume3/benderick/futurama/gwfss25/GWFSS/GWFSS_v1.0_labelled/images/RRES/22-1-NIT-N3-Her_05-25-2021_10-10-42_jointing_top.png,/icislab/volume3/benderick/futurama/gwfss25/GWFSS/GWFSS_v1.0_labelled/class_id/RRES/22-1-NIT-N3-Her_05-25-2021_10-10-42_jointing_top.png,512,512,0.20254042744636536,0.1195269227027893,0.06258633732795715,8.216225864804715,66.70684814453125,0.0,1.6819000244140625,31.611251831054688,14.0,1.10626220703125,0.6804264005443411,31.03448275862069,57.86713286713287,290,3,9
RRES,Source train,/icislab/volume3/benderick/futurama/gwfss25/GWFSS/GWFSS_v1.0_labelled/images/RRES/22-1-NIT-N3-Her_06-10-2021_08-56-21_heading_top.png,/icislab/volume3/benderick/futurama/gwfss25/GWFSS/GWFSS_v1.0_labelled/class_id/RRES/22-1-NIT-N3-Her_06-10-2021_08-56-21_heading_top.png,512,512,0.0975075289607048,0.060753900557756424,0.0324711948633194,4.045541844216618,65.39382934570312,2.2045135498046875,0.4901885986328125,31.911468505859375,8.94427190999916,0.3509521484375,3.11284046692607,97.82608695652173,82.3529411764706,92,4,9
RRES,Source train,/icislab/volume3/benderick/futurama/gwfss25/GWFSS/GWFSS_v1.0_labelled/images/RRES/22-1-NIT-N3-Her_06-17-2021_16-16-41_flowering_top.png,/icislab/volume3/benderick/futurama/gwfss25/GWFSS/GWFSS_v1.0_labelled/class_id/RRES/22-1-NIT-N3-Her_06-17-2021_16-16-41_flowering_top.png,512,512,0.1076774001121521,0.1164369210600853,0.04170593246817589,6.00129301031107,49.33052062988281,3.7105560302734375,0.2979278564453125,46.66099548339844,8.94427190999916,0.308990478515625,5.121638924455826,111.11111111111111,89.0625,81,4,9
RRES,Source train,/icislab/volume3/benderick/futurama/gwfss25/GWFSS/GWFSS_v1.0_labelled/images/RRES/22-1-NIT-N3-Her_07-05-2021_15-05-44_earlyscen_top.png,/icislab/volume3/benderick/futurama/gwfss25/GWFSS/GWFSS_v1.0_labelled/class_id/RRES/22-1-NIT-N3-Her_07-05-2021_15-05-44_earlyscen_top.png,512,512,0.09220951050519943,0.11535891890525818,0.03671355918049812,5.758033593214311,51.78260803222656,6.261444091796875,3.1017303466796875,38.854217529296875,12.649110640673518,2.3651123046875,0.8609027179928668,25.806451612903224,48.08306709265176,620,7,16
RRES,Source train,/icislab/volume3/benderick/futurama/gwfss25/GWFSS/GWFSS_v1.0_labelled/images/RRES/22-1-NIT-N3-Her_08-04-2021_10-35-54_maturity_top.png,/icislab/volume3/benderick/futurama/gwfss25/GWFSS/GWFSS_v1.0_labelled/class_id/RRES/22-1-NIT-N3-Her_08-04-2021_10-35-54_maturity_top.png,512,512,0.12605111300945282,0.20071697235107422,0.002568682422861457,5.627837542256351,62.1978759765625,16.576385498046875,7.643890380859375,13.58184814453125,12.0,5.97381591796875,0.6487673420501048,20.434227330779056,18.22488945041061,1566,13,32
RRES,Source train,/icislab/volume3/benderick/futurama/gwfss25/GWFSS/GWFSS_v1.0_labelled/images/RRES/22-1-NIT-N6-Her-B2_05-28-2019_11-09-17_booting_top.png,/icislab/volume3/benderick/futurama/gwfss25/GWFSS/GWFSS_v1.0_labelled/class_id/RRES/22-1-NIT-N6-Her-B2_05-28-2019_11-09-17_booting_top.png,512,512,0.17243072390556335,0.16985751688480377,0.07692576199769974,7.9757925559251275,24.785232543945312,0.0,1.10321044921875,74.11155700683594,10.0,0.766754150390625,2.074688796680498,69.65174129353234,81.67641325536063,201,6,14
RRES,Source train,/icislab/volume3/benderick/futurama/gwfss25/GWFSS/GWFSS_v1.0_labelled/images/RRES/22-1-NIT-N6-Her-B2_06-05-2019_08-39-26_heading_top.png,/icislab/volume3/benderick/futurama/gwfss25/GWFSS/GWFSS_v1.0_labelled/class_id/RRES/22-1-NIT-N6-Her-B2_06-05-2019_08-39-26_heading_top.png,512,512,0.11810753494501114,0.20973362028598785,0.05152606591582298,9.01002980482248,33.84361267089844,4.20379638671875,0.3833770751953125,61.5692138671875,12.0,0.263214111328125,3.9800995024875623,130.43478260869566,87.0,69,4,9
RRES,Source train,/icislab/volume3/benderick/futurama/gwfss25/GWFSS/GWFSS_v1.0_labelled/images/RRES/22-1-NIT-N6-Her-B2_06-10-2019_08-12-28_flowering_top.png,/icislab/volume3/benderick/futurama/gwfss25/GWFSS/GWFSS_v1.0_labelled/class_id/RRES/22-1-NIT-N6-Her-B2_06-10-2019_08-12-28_flowering_top.png,512,512,0.13959546387195587,0.16586799919605255,0.05515068396925926,6.545648535928052,17.515182495117188,6.1267852783203125,0.312042236328125,76.04598999023438,7.211102550927978,0.286102294921875,6.112469437652812,146.66666666666666,87.37864077669903,75,5,11
RRES,Source train,/icislab/volume3/benderick/futurama/gwfss25/GWFSS/GWFSS_v1.0_labelled/images/RRES/22-1-NIT-N6-Her-B2_07-17-2019_13-19-05_lateScen_top.png,/icislab/volume3/benderick/futurama/gwfss25/GWFSS/GWFSS_v1.0_labelled/class_id/RRES/22-1-NIT-N6-Her-B2_07-17-2019_13-19-05_lateScen_top.png,512,512,0.10427580028772354,0.11873331665992737,0.018380168825387955,5.569570145917914,29.591751098632812,20.432281494140625,2.1701812744140625,47.8057861328125,8.94427190999916,2.11334228515625,2.109333802074178,50.541516245487365,50.162074554294975,554,12,28
RRES,Source train,/icislab/volume3/benderick/futurama/gwfss25/GWFSS/GWFSS_v1.0_labelled/images/RRES/22-1-NIT-N6-Her-B2_07-29-2019_10-47-50_maturity_top.png,/icislab/volume3/benderick/futurama/gwfss25/GWFSS/GWFSS_v1.0_labelled/class_id/RRES/22-1-NIT-N6-Her-B2_07-29-2019_10-47-50_maturity_top.png,512,512,0.12371138483285904,0.19132909178733826,-2.113774826284498e-05,7.366319337498029,38.702392578125,21.223068237304688,8.410263061523438,31.664276123046875,10.0,8.1787109375,0.7257223204971198,25.652985074626866,41.389943074003796,2144,16,55
RRES,Source train,/icislab/volume3/benderick/futurama/gwfss25/GWFSS/GWFSS_v1.0_labelled/images/RRES/24-1-NIT-N2-Her_06-17-2021_16-17-44_flowering_top.png,/icislab/volume3/benderick/futurama/gwfss25/GWFSS/GWFSS_v1.0_labelled/class_id/RRES/24-1-NIT-N2-Her_06-17-2021_16-17-44_flowering_top.png,512,512,0.15842357277870178,0.1091272383928299,0.0251225046813488,6.0874180207141055,87.13569641113281,1.4476776123046875,0.1056671142578125,11.310958862304688,8.0,0.118255615234375,3.6101083032490973,64.51612903225806,24.675324675324674,31,1,2
RRES,Source train,/icislab/volume3/benderick/futurama/gwfss25/GWFSS/GWFSS_v1.0_labelled/images/RRES/24-1-NIT-N2-Her_07-05-2021_15-06-46_earlyscen_top.png,/icislab/volume3/benderick/futurama/gwfss25/GWFSS/GWFSS_v1.0_labelled/class_id/RRES/24-1-NIT-N2-Her_07-05-2021_15-06-46_earlyscen_top.png,512,512,0.15463168919086456,0.13033992052078247,0.033081620931625366,6.6507529640788485,89.33639526367188,3.8784027099609375,0.26092529296875,6.5242767333984375,8.0,0.194549560546875,5.847953216374269,156.86274509803923,48.35164835164835,51,4,8
RRES,Source train,/icislab/volume3/benderick/futurama/gwfss25/GWFSS/GWFSS_v1.0_labelled/images/RRES/2_15-1-NIT-N6-Cru-B2_05-28-2019_11-02-50_booting_top.png,/icislab/volume3/benderick/futurama/gwfss25/GWFSS/GWFSS_v1.0_labelled/class_id/RRES/2_15-1-NIT-N6-Cru-B2_05-28-2019_11-02-50_booting_top.png,512,512,0.1304299682378769,0.1274869740009308,0.057443343102931976,6.894960477486971,10.515975952148438,0.0,0.0,89.48402404785156,,0.0,,,,0,0,0
RRES,Source train,/icislab/volume3/benderick/futurama/gwfss25/GWFSS/GWFSS_v1.0_labelled/images/RRES/2_4-1-NIT-N3-Cru_07-05-2021_14-56-55_earlyscen_top.png,/icislab/volume3/benderick/futurama/gwfss25/GWFSS/GWFSS_v1.0_labelled/class_id/RRES/2_4-1-NIT-N3-Cru_07-05-2021_14-56-55_earlyscen_top.png,512,512,0.11485882848501205,0.10428881645202637,0.04770911857485771,6.6033143247061155,27.95867919921875,8.97674560546875,0.8235931396484375,62.24098205566406,6.0,1.15966796875,1.8527095877721167,29.605263157894736,53.12024353120243,304,4,9
RRES,Source train,/icislab/volume3/benderick/futurama/gwfss25/GWFSS/GWFSS_v1.0_labelled/images/RRES/31-1-NIT-N2-Cru_08-04-2021_10-40-22_maturity_top.png,/icislab/volume3/benderick/futurama/gwfss25/GWFSS/GWFSS_v1.0_labelled/class_id/RRES/31-1-NIT-N2-Cru_08-04-2021_10-40-22_maturity_top.png,512,512,0.19842363893985748,0.13511860370635986,0.005576129537075758,3.716218243802402,65.43617248535156,9.061431884765625,1.97296142578125,23.529434204101562,10.0,1.842498779296875,1.160092807424594,37.267080745341616,37.885010266940455,483,6,18
RRES,Source train,/icislab/volume3/benderick/futurama/gwfss25/GWFSS/GWFSS_v1.0_labelled/images/RRES/33-1-NIT-N3-Ist_05-25-2021_10-16-08_jointing_top.png,/icislab/volume3/benderick/futurama/gwfss25/GWFSS/GWFSS_v1.0_labelled/class_id/RRES/33-1-NIT-N3-Ist_05-25-2021_10-16-08_jointing_top.png,512,512,0.15862703323364258,0.0783807784318924,0.05406579375267029,5.616574709481635,57.05757141113281,0.0,1.657867431640625,41.28456115722656,10.0,1.338958740234375,2.0708697653014267,54.13105413105413,83.52201257861635,351,9,19
RRES,Source train,/icislab/volume3/benderick/futurama/gwfss25/GWFSS/GWFSS_v1.0_labelled/images/RRES/33-1-NIT-N3-Ist_06-17-2021_16-22-12_flowering_top.png,/icislab/volume3/benderick/futurama/gwfss25/GWFSS/GWFSS_v1.0_labelled/class_id/RRES/33-1-NIT-N3-Ist_06-17-2021_16-22-12_flowering_top.png,512,512,0.19165079295635223,0.21281708776950836,0.06669975072145462,7.928094710847387,40.228271484375,9.901046752929688,1.4095306396484375,48.461151123046875,9.47213595499958,1.15966796875,3.7889039242219216,101.97368421052632,81.18811881188118,304,14,31
RRES,Source train,/icislab/volume3/benderick/futurama/gwfss25/GWFSS/GWFSS_v1.0_labelled/images/RRES/33-1-NIT-N3-Ist_07-05-2021_15-11-11_earlyscen_top.png,/icislab/volume3/benderick/futurama/gwfss25/GWFSS/GWFSS_v1.0_labelled/class_id/RRES/33-1-NIT-N3-Ist_07-05-2021_15-11-11_earlyscen_top.png,512,512,0.14337798953056335,0.1682610809803009,0.05132884904742241,7.466050027741594,41.09077453613281,13.017654418945312,1.4705657958984375,44.42100524902344,10.0,1.216888427734375,3.11284046692607,78.36990595611286,81.14558472553699,319,12,25
RRES,Source train,/icislab/volume3/benderick/futurama/gwfss25/GWFSS/GWFSS_v1.0_labelled/images/RRES/33-1-NIT-N3-Ist_08-04-2021_10-41-25_maturity_top.png,/icislab/volume3/benderick/futurama/gwfss25/GWFSS/GWFSS_v1.0_labelled/class_id/RRES/33-1-NIT-N3-Ist_08-04-2021_10-41-25_maturity_top.png,512,512,0.2231815606355667,0.2581064999103546,0.0018555433489382267,7.764981216325318,41.52183532714844,44.58045959472656,3.4160614013671875,10.481643676757812,8.246211251235321,3.658294677734375,1.8983807928531546,40.667361835245046,27.926177756192327,959,17,39
RRES,Source train,/icislab/volume3/benderick/futurama/gwfss25/GWFSS/GWFSS_v1.0_labelled/images/RRES/33-1-NIT-N6-MW-B2_04-23-2019_12-13-07_earlyJointing_top.png,/icislab/volume3/benderick/futurama/gwfss25/GWFSS/GWFSS_v1.0_labelled/class_id/RRES/33-1-NIT-N6-MW-B2_04-23-2019_12-13-07_earlyJointing_top.png,512,512,0.10096234828233719,0.09739096462726593,0.04741460084915161,6.104470363653521,36.23924255371094,0.0,0.531768798828125,63.22898864746094,10.0,0.469207763671875,2.8694404591104736,73.17073170731707,60.714285714285715,123,4,9
RRES,Source train,/icislab/volume3/benderick/futurama/gwfss25/GWFSS/GWFSS_v1.0_labelled/images/RRES/33-1-NIT-N6-MW-B2_05-28-2019_11-20-09_booting_top.png,/icislab/volume3/benderick/futurama/gwfss25/GWFSS/GWFSS_v1.0_labelled/class_id/RRES/33-1-NIT-N6-MW-B2_05-28-2019_11-20-09_booting_top.png,512,512,0.2036590725183487,0.17965824902057648,0.08648940920829773,6.576544691459837,13.515853881835938,0.0,0.0,86.48414611816406,,0.0,,,,0,0,0
RRES,Source train,/icislab/volume3/benderick/futurama/gwfss25/GWFSS/GWFSS_v1.0_labelled/images/RRES/33-1-NIT-N6-MW-B2_06-05-2019_08-50-11_heading_top.png,/icislab/volume3/benderick/futurama/gwfss25/GWFSS/GWFSS_v1.0_labelled/class_id/RRES/33-1-NIT-N6-MW-B2_06-05-2019_08-50-11_heading_top.png,512,512,0.1616140604019165,0.22658546268939972,0.06818331032991409,8.12067370664636,17.150115966796875,4.781341552734375,0.7480621337890625,77.32048034667969,10.0,0.659942626953125,3.569607343192249,86.70520231213872,63.356973995271865,173,7,15
RRES,Source train,/icislab/volume3/benderick/futurama/gwfss25/GWFSS/GWFSS_v1.0_labelled/images/RRES/33-1-NIT-N6-MW-B2_06-10-2019_08-18-00_flowering_top.png,/icislab/volume3/benderick/futurama/gwfss25/GWFSS/GWFSS_v1.0_labelled/class_id/RRES/33-1-NIT-N6-MW-B2_06-10-2019_08-18-00_flowering_top.png,512,512,0.14526492357254028,0.15730656683444977,0.06471452116966248,5.932718059861524,6.8515777587890625,5.0457000732421875,1.3271331787109375,86.77558898925781,10.0,1.186370849609375,2.0120724346076457,61.09324758842444,86.88760806916426,311,7,19
RRES,Source train,/icislab/volume3/benderick/futurama/gwfss25/GWFSS/GWFSS_v1.0_labelled/images/RRES/33-1-NIT-N6-MW-B2_07-01-2019_15-06-27_earlyscen_top.png,/icislab/volume3/benderick/futurama/gwfss25/GWFSS/GWFSS_v1.0_labelled/class_id/RRES/33-1-NIT-N6-MW-B2_07-01-2019_15-06-27_earlyscen_top.png,512,512,0.13525833189487457,0.16061291098594666,0.05007345229387283,6.5474966824239775,10.000228881835938,15.0390625,2.56805419921875,72.39265441894531,10.0,2.41851806640625,1.9310754604872251,45.74132492113565,77.45376955903272,634,13,29
RRES,Source train,/icislab/volume3/benderick/futurama/gwfss25/GWFSS/GWFSS_v1.0_labelled/images/RRES/33-1-NIT-N6-MW-B2_07-17-2019_13-30-22_lateScen_top.png,/icislab/volume3/benderick/futurama/gwfss25/GWFSS/GWFSS_v1.0_labelled/class_id/RRES/33-1-NIT-N6-MW-B2_07-17-2019_13-30-22_lateScen_top.png,512,512,0.18000927567481995,0.13684161007404327,0.037739548832178116,6.015016761694634,10.4949951171875,47.07756042480469,4.06494140625,38.36250305175781,8.48528137423857,4.12750244140625,1.783033033033033,44.36229205175601,74.12339103417665,1082,19,48
RRES,Source train,/icislab/volume3/benderick/futurama/gwfss25/GWFSS/GWFSS_v1.0_labelled/images/RRES/33-1-NIT-N6-MW-B2_07-29-2019_10-58-55_maturity_top.png,/icislab/volume3/benderick/futurama/gwfss25/GWFSS/GWFSS_v1.0_labelled/class_id/RRES/33-1-NIT-N6-MW-B2_07-29-2019_10-58-55_maturity_top.png,512,512,0.12543174624443054,0.20546722412109375,-0.0025713001377880573,6.3006911695376875,47.34153747558594,15.018081665039062,11.606216430664062,26.034164428710938,11.661903789690601,8.7738037109375,0.4930156121610518,20.0,27.688531905399376,2300,15,46
RRES,Source train,/icislab/volume3/benderick/futurama/gwfss25/GWFSS/GWFSS_v1.0_labelled/images/RRES/3_22-1-NIT-N6-Her-B2_07-01-2019_14-55-21_earlyscen_top.png,/icislab/volume3/benderick/futurama/gwfss25/GWFSS/GWFSS_v1.0_labelled/class_id/RRES/3_22-1-NIT-N6-Her-B2_07-01-2019_14-55-21_earlyscen_top.png,512,512,0.1722799390554428,0.21484240889549255,0.05648091435432434,7.403707740177358,19.957351684570312,13.083267211914062,0.9128570556640625,66.04652404785156,8.48528137423857,1.01470947265625,3.760969494358546,82.70676691729324,89.54468802698145,266,9,22
RRES,Source train,/icislab/volume3/benderick/futurama/gwfss25/GWFSS/GWFSS_v1.0_labelled/images/RRES/3_42-1-NIT-N4-Ista-B2_06-05-2019_19-22-59_heading_vis-south.png,/icislab/volume3/benderick/futurama/gwfss25/GWFSS/GWFSS_v1.0_labelled/class_id/RRES/3_42-1-NIT-N4-Ista-B2_06-05-2019_19-22-59_heading_vis-south.png,512,512,0.2823425233364105,0.22471778094768524,0.09952392429113388,7.7108362100191625,3.89251708984375,10.403060913085938,11.377334594726562,74.32708740234375,13.416407864998739,8.075714111328125,0.7711651299245599,27.869626830420405,93.12977099236642,2117,23,59
RRES,Source train,/icislab/volume3/benderick/futurama/gwfss25/GWFSS/GWFSS_v1.0_labelled/images/RRES/3_51-1-NIT-N1-Ista-B2_06-04-2019_14-39-27_heading_vis-south.png,/icislab/volume3/benderick/futurama/gwfss25/GWFSS/GWFSS_v1.0_labelled/class_id/RRES/3_51-1-NIT-N1-Ista-B2_06-04-2019_14-39-27_heading_vis-south.png,512,512,0.27794361114501953,0.18393146991729736,0.12438448518514633,7.594258485234398,1.091766357421875,12.615966796875,7.126617431640625,79.1656494140625,16.492422502470642,4.47845458984375,0.5352745958676801,20.442930153321978,91.40850888062783,1174,10,24
RRES,Source train,/icislab/volume3/benderick/futurama/gwfss25/GWFSS/GWFSS_v1.0_labelled/images/RRES/4-1-NIT-N3-Cru_07-05-2021_14-56-55_earlyscen_top.png,/icislab/volume3/benderick/futurama/gwfss25/GWFSS/GWFSS_v1.0_labelled/class_id/RRES/4-1-NIT-N3-Cru_07-05-2021_14-56-55_earlyscen_top.png,512,512,0.11485882848501205,0.10428881645202637,0.04770911857485771,6.6033143247061155,28.98101806640625,9.209060668945312,0.92620849609375,60.88371276855469,10.0,0.812530517578125,2.059308072487644,46.948356807511736,83.29938900203666,213,5,10
RRES,Source train,/icislab/volume3/benderick/futurama/gwfss25/GWFSS/GWFSS_v1.0_labelled/images/RRES/4-1-NIT-N3-Cru_08-04-2021_10-27-06_maturity_top.png,/icislab/volume3/benderick/futurama/gwfss25/GWFSS/GWFSS_v1.0_labelled/class_id/RRES/4-1-NIT-N3-Cru_08-04-2021_10-27-06_maturity_top.png,512,512,0.13951386511325836,0.18910059332847595,0.001091197831556201,7.378916438851654,54.78477478027344,20.191192626953125,3.3580780029296875,21.66595458984375,10.0,3.124237060546875,1.4767692831989094,39.072039072039075,20.388349514563107,819,13,32
RRES,Source train,/icislab/volume3/benderick/futurama/gwfss25/GWFSS/GWFSS_v1.0_labelled/images/RRES/4-1-NIT-N3-Cru_11-11-2020_09-36-44_tillering_top.png,/icislab/volume3/benderick/futurama/gwfss25/GWFSS/GWFSS_v1.0_labelled/class_id/RRES/4-1-NIT-N3-Cru_11-11-2020_09-36-44_tillering_top.png,512,512,0.2044326364994049,0.07685258984565735,0.003565230406820774,6.198395934703667,98.32115173339844,0.0,0.0,1.6788482666015625,,0.0,,,,0,0,0
RRES,Source train,/icislab/volume3/benderick/futurama/gwfss25/GWFSS/GWFSS_v1.0_labelled/images/RRES/4-1-NIT-N6-Ista-B2_01-03-2019_11-14-12_tillering_top.png,/icislab/volume3/benderick/futurama/gwfss25/GWFSS/GWFSS_v1.0_labelled/class_id/RRES/4-1-NIT-N6-Ista-B2_01-03-2019_11-14-12_tillering_top.png,512,512,0.2484608143568039,0.09689172357320786,0.005267557222396135,3.98455590141213,97.12486267089844,0.0,0.0,2.8751373291015625,,0.0,,,,0,0,0
RRES,Source train,/icislab/volume3/benderick/futurama/gwfss25/GWFSS/GWFSS_v1.0_labelled/images/RRES/4-1-NIT-N6-Ista-B2_04-23-2019_11-58-18_earlyJointing_top.png,/icislab/volume3/benderick/futurama/gwfss25/GWFSS/GWFSS_v1.0_labelled/class_id/RRES/4-1-NIT-N6-Ista-B2_04-23-2019_11-58-18_earlyJointing_top.png,512,512,0.18238338828086853,0.126372292637825,0.065620556473732,6.580796375331898,38.88816833496094,0.0,0.0,61.11183166503906,,0.0,,,,0,0,0
RRES,Source train,/icislab/volume3/benderick/futurama/gwfss25/GWFSS/GWFSS_v1.0_labelled/images/RRES/4-1-NIT-N6-Ista-B2_05-28-2019_10-51-46_booting_top.png,/icislab/volume3/benderick/futurama/gwfss25/GWFSS/GWFSS_v1.0_labelled/class_id/RRES/4-1-NIT-N6-Ista-B2_05-28-2019_10-51-46_booting_top.png,512,512,0.15884312987327576,0.19813646376132965,0.06066269055008888,6.913520938731563,22.260665893554688,0.2460479736328125,2.066802978515625,75.42648315429688,12.0,1.708984375,1.6611295681063123,53.57142857142857,84.7513812154696,448,9,24
RRES,Source train,/icislab/volume3/benderick/futurama/gwfss25/GWFSS/GWFSS_v1.0_labelled/images/RRES/4-1-NIT-N6-Ista-B2_06-10-2019_08-03-21_flowering_top.png,/icislab/volume3/benderick/futurama/gwfss25/GWFSS/GWFSS_v1.0_labelled/class_id/RRES/4-1-NIT-N6-Ista-B2_06-10-2019_08-03-21_flowering_top.png,512,512,0.09000179171562195,0.12768076360225677,0.03377494215965271,4.712980785044842,13.916397094726562,6.488800048828125,0.47760009765625,79.11720275878906,8.0,0.4730224609375,4.792332268370607,120.96774193548387,79.42857142857143,124,6,15
RRES,Source train,/icislab/volume3/benderick/futurama/gwfss25/GWFSS/GWFSS_v1.0_labelled/images/RRES/4-1-NIT-N6-Ista-B2_07-01-2019_14-37-24_earlyscen_top.png,/icislab/volume3/benderick/futurama/gwfss25/GWFSS/GWFSS_v1.0_labelled/class_id/RRES/4-1-NIT-N6-Ista-B2_07-01-2019_14-37-24_earlyscen_top.png,512,512,0.12781856954097748,0.2070920765399933,0.04516437277197838,8.228813786770997,30.626296997070312,13.097381591796875,1.5048980712890625,54.77142333984375,7.211102550927978,1.895904541015625,3.5487959442332064,68.41046277665995,65.7918552036199,497,14,34
RRES,Source train,/icislab/volume3/benderick/futurama/gwfss25/GWFSS/GWFSS_v1.0_labelled/images/RRES/4-1-NIT-N6-Ista-B2_07-17-2019_13-00-56_lateScen_top.png,/icislab/volume3/benderick/futurama/gwfss25/GWFSS/GWFSS_v1.0_labelled/class_id/RRES/4-1-NIT-N6-Ista-B2_07-17-2019_13-00-56_lateScen_top.png,512,512,0.12493295967578888,0.1477140635251999,0.01806699112057686,5.573680861730347,33.78562927246094,35.103607177734375,3.203582763671875,27.907180786132812,8.94427190999916,3.0059814453125,1.3098356751607525,38.07106598984772,41.99766355140187,788,11,30
RRES,Source train,/icislab/volume3/benderick/futurama/gwfss25/GWFSS/GWFSS_v1.0_labelled/images/RRES/40-1-NIT-N1-Cru-B2_04-23-2019_12-16-39_earlyJointing_top.png,/icislab/volume3/benderick/futurama/gwfss25/GWFSS/GWFSS_v1.0_labelled/class_id/RRES/40-1-NIT-N1-Cru-B2_04-23-2019_12-16-39_earlyJointing_top.png,512,512,0.10391106456518173,0.08857656270265579,0.05162986367940903,5.9612596347083615,42.313385009765625,0.0,0.0,57.686614990234375,,0.0,,,,0,0,0
RRES,Source train,/icislab/volume3/benderick/futurama/gwfss25/GWFSS/GWFSS_v1.0_labelled/images/RRES/40-1-NIT-N1-Cru-B2_05-28-2019_11-26-56_booting_top.png,/icislab/volume3/benderick/futurama/gwfss25/GWFSS/GWFSS_v1.0_labelled/class_id/RRES/40-1-NIT-N1-Cru-B2_05-28-2019_11-26-56_booting_top.png,512,512,0.1756991744041443,0.11737922579050064,0.08456118404865265,7.858363458045921,25.50811767578125,0.0,0.8892059326171875,73.60267639160156,8.246211251235321,0.858306884765625,2.574002574002574,57.77777777777778,85.1063829787234,225,6,13
RRES,Source train,/icislab/volume3/benderick/futurama/gwfss25/GWFSS/GWFSS_v1.0_labelled/images/RRES/40-1-NIT-N1-Cru-B2_07-01-2019_15-13-14_earlyscen_top.png,/icislab/volume3/benderick/futurama/gwfss25/GWFSS/GWFSS_v1.0_labelled/class_id/RRES/40-1-NIT-N1-Cru-B2_07-01-2019_15-13-14_earlyscen_top.png,512,512,0.1267203688621521,0.13978169858455658,0.060261864215135574,8.99196324957609,34.55924987792969,14.756011962890625,0.28228759765625,50.40245056152344,6.16227766016838,0.34332275390625,5.405405405405405,88.88888888888889,91.11111111111111,90,4,8
RRES,Source train,/icislab/volume3/benderick/futurama/gwfss25/GWFSS/GWFSS_v1.0_labelled/images/RRES/40-1-NIT-N1-Cru-B2_07-29-2019_11-05-48_maturity_top.png,/icislab/volume3/benderick/futurama/gwfss25/GWFSS/GWFSS_v1.0_labelled/class_id/RRES/40-1-NIT-N1-Cru-B2_07-29-2019_11-05-48_maturity_top.png,512,512,0.18359486758708954,0.2488999217748642,0.004289454780519009,7.905575253184192,31.665420532226562,28.7078857421875,2.074432373046875,37.55226135253906,8.246211251235321,2.193450927734375,1.1033468186833395,31.304347826086957,60.16597510373444,575,6,18
RRES,Source train,/icislab/volume3/benderick/futurama/gwfss25/GWFSS/GWFSS_v1.0_labelled/images/RRES/42-1-NIT-N1-Ist_08-04-2021_10-46-02_maturity_top.png,/icislab/volume3/benderick/futurama/gwfss25/GWFSS/GWFSS_v1.0_labelled/class_id/RRES/42-1-NIT-N1-Ist_08-04-2021_10-46-02_maturity_top.png,512,512,0.1644565612077713,0.1512487530708313,0.0016518387710675597,5.292833665246014,75.44326782226562,8.124542236328125,0.5706787109375,15.86151123046875,7.211102550927978,0.652313232421875,4.679144385026738,81.87134502923976,37.701149425287355,171,7,14
RRES,Source train,/icislab/volume3/benderick/futurama/gwfss25/GWFSS/GWFSS_v1.0_labelled/images/RRES/42-1-NIT-N4-Ista-B2_05-28-2019_11-28-49_booting_top.png,/icislab/volume3/benderick/futurama/gwfss25/GWFSS/GWFSS_v1.0_labelled/class_id/RRES/42-1-NIT-N4-Ista-B2_05-28-2019_11-28-49_booting_top.png,512,512,0.07783956825733185,0.08652971684932709,0.03354164585471153,4.464012634691897,34.27162170410156,0.0,1.2783050537109375,64.4500732421875,10.0,1.0528564453125,2.6857654431512983,83.33333333333333,78.29457364341086,276,9,23
RRES,Source train,/icislab/volume3/benderick/futurama/gwfss25/GWFSS/GWFSS_v1.0_labelled/images/RRES/42-1-NIT-N4-Ista-B2_05-30-2019_18-48-09_booting_vis-south.png,/icislab/volume3/benderick/futurama/gwfss25/GWFSS/GWFSS_v1.0_labelled/class_id/RRES/42-1-NIT-N4-Ista-B2_05-30-2019_18-48-09_booting_vis-south.png,512,512,0.09744744747877121,0.10329321771860123,0.0362241268157959,5.116130000397005,20.658493041992188,0.9227752685546875,5.417633056640625,73.0010986328125,14.0,4.116058349609375,0.9857766511758908,29.657089898053755,64.2665474060823,1079,14,32
RRES,Source train,/icislab/volume3/benderick/futurama/gwfss25/GWFSS/GWFSS_v1.0_labelled/images/RRES/42-1-NIT-N4-Ista-B2_06-05-2019_08-58-49_heading_top.png,/icislab/volume3/benderick/futurama/gwfss25/GWFSS/GWFSS_v1.0_labelled/class_id/RRES/42-1-NIT-N4-Ista-B2_06-05-2019_08-58-49_heading_top.png,512,512,0.08559627830982208,0.14783009886741638,0.03522780165076256,5.920646984559516,31.264495849609375,2.9827117919921875,1.049041748046875,64.70375061035156,12.0,0.804901123046875,2.1818181818181817,61.611374407582936,82.28105906313645,211,6,13
RRES,Source train,/icislab/volume3/benderick/futurama/gwfss25/GWFSS/GWFSS_v1.0_labelled/images/RRES/42-1-NIT-N4-Ista-B2_06-05-2019_19-22-59_heading_vis-south.png,/icislab/volume3/benderick/futurama/gwfss25/GWFSS/GWFSS_v1.0_labelled/class_id/RRES/42-1-NIT-N4-Ista-B2_06-05-2019_19-22-59_heading_vis-south.png,512,512,0.2823425233364105,0.22471778094768524,0.09952392429113388,7.7108362100191625,3.4427642822265625,10.163116455078125,8.489608764648438,77.90451049804688,16.0,5.550384521484375,0.7638732869018198,26.804123711340207,95.77691811734366,1455,17,39
RRES,Source train,/icislab/volume3/benderick/futurama/gwfss25/GWFSS/GWFSS_v1.0_labelled/images/RRES/42-1-NIT-N4-Ista-B2_06-10-2019_08-22-35_flowering_top.png,/icislab/volume3/benderick/futurama/gwfss25/GWFSS/GWFSS_v1.0_labelled/class_id/RRES/42-1-NIT-N4-Ista-B2_06-10-2019_08-22-35_flowering_top.png,512,512,0.08588846772909164,0.11944052577018738,0.036680735647678375,5.330863192967692,23.897171020507812,2.61383056640625,1.238250732421875,72.25074768066406,10.0,1.15966796875,2.4645717806531113,69.07894736842105,91.93825042881646,304,8,21
RRES,Source train,/icislab/volume3/benderick/futurama/gwfss25/GWFSS/GWFSS_v1.0_labelled/images/RRES/42-1-NIT-N4-Ista-B2_06-10-2019_10-47-02_flowering_vis-north.png,/icislab/volume3/benderick/futurama/gwfss25/GWFSS/GWFSS_v1.0_labelled/class_id/RRES/42-1-NIT-N4-Ista-B2_06-10-2019_10-47-02_flowering_vis-north.png,512,512,0.1639472246170044,0.17929129302501678,0.058322980999946594,6.74399044808712,7.398223876953125,18.314361572265625,16.190719604492188,58.09669494628906,12.165525060596439,12.75634765625,0.9660014607826968,28.40909090909091,82.50527797325827,3344,41,95
RRES,Source train,/icislab/volume3/benderick/futurama/gwfss25/GWFSS/GWFSS_v1.0_labelled/images/RRES/42-1-NIT-N4-Ista-B2_06-10-2019_11-57-00_flowering_vis-south.png,/icislab/volume3/benderick/futurama/gwfss25/GWFSS/GWFSS_v1.0_labelled/class_id/RRES/42-1-NIT-N4-Ista-B2_06-10-2019_11-57-00_flowering_vis-south.png,512,512,0.1233157142996788,0.132783904671669,0.044523101300001144,5.295644438143442,16.389846801757812,17.965316772460938,13.198089599609375,52.446746826171875,14.0,9.55963134765625,0.8092953349904619,26.73583399840383,84.11409142425387,2506,28,67
RRES,Source train,/icislab/volume3/benderick/futurama/gwfss25/GWFSS/GWFSS_v1.0_labelled/images/RRES/42-1-NIT-N4-Ista-B2_07-17-2019_13-39-16_lateScen_top.png,/icislab/volume3/benderick/futurama/gwfss25/GWFSS/GWFSS_v1.0_labelled/class_id/RRES/42-1-NIT-N4-Ista-B2_07-17-2019_13-39-16_lateScen_top.png,512,512,0.11780579388141632,0.15718403458595276,0.015217962674796581,6.252383044333044,33.34693908691406,23.55804443359375,2.0145416259765625,41.080474853515625,8.48528137423857,1.926422119140625,1.5148646089755728,39.603960396039604,60.77140169332079,505,8,20
RRES,Source train,/icislab/volume3/benderick/futurama/gwfss25/GWFSS/GWFSS_v1.0_labelled/images/RRES/42-1-NIT-N4-Ista-B2_07-29-2019_11-07-44_maturity_top.png,/icislab/volume3/benderick/futurama/gwfss25/GWFSS/GWFSS_v1.0_labelled/class_id/RRES/42-1-NIT-N4-Ista-B2_07-29-2019_11-07-44_maturity_top.png,512,512,0.13472573459148407,0.22115926444530487,0.0016293543158099055,7.066130587185361,37.56217956542969,25.80413818359375,6.182098388671875,30.451583862304688,10.0,6.053924560546875,1.295816364309515,31.5059861373661,66.32430750077809,1587,21,50
RRES,Source train,/icislab/volume3/benderick/futurama/gwfss25/GWFSS/GWFSS_v1.0_labelled/images/RRES/49-1-NIT-N4-Cru-B2_04-23-2019_12-21-15_earlyJointing_top.png,/icislab/volume3/benderick/futurama/gwfss25/GWFSS/GWFSS_v1.0_labelled/class_id/RRES/49-1-NIT-N4-Cru-B2_04-23-2019_12-21-15_earlyJointing_top.png,512,512,0.1374305784702301,0.13751885294914246,0.062138818204402924,7.001677907727375,35.784149169921875,0.0,0.0,64.21585083007812,,0.0,,,,0,0,0
RRES,Source train,/icislab/volume3/benderick/futurama/gwfss25/GWFSS/GWFSS_v1.0_labelled/images/RRES/49-1-NIT-N4-Cru-B2_05-28-2019_11-35-34_booting_top.png,/icislab/volume3/benderick/futurama/gwfss25/GWFSS/GWFSS_v1.0_labelled/class_id/RRES/49-1-NIT-N4-Cru-B2_05-28-2019_11-35-34_booting_top.png,512,512,0.12994322180747986,0.13405948877334595,0.06837532669305801,8.458229919042967,10.678482055664062,0.0,0.6927490234375,88.62876892089844,8.94427190999916,0.568389892578125,2.202643171806167,53.691275167785236,100.0,149,4,8
RRES,Source train,/icislab/volume3/benderick/futurama/gwfss25/GWFSS/GWFSS_v1.0_labelled/images/RRES/49-1-NIT-N4-Cru-B2_07-17-2019_13-46-10_lateScen_top.png,/icislab/volume3/benderick/futurama/gwfss25/GWFSS/GWFSS_v1.0_labelled/class_id/RRES/49-1-NIT-N4-Cru-B2_07-17-2019_13-46-10_lateScen_top.png,512,512,0.1284167617559433,0.1611516773700714,0.02193642221391201,7.478703208403176,14.763259887695312,25.689697265625,0.4734039306640625,59.073638916015625,10.770329614269007,0.308990478515625,2.4174053182917,74.07407407407408,66.10878661087867,81,3,6
RRES,Source train,/icislab/volume3/benderick/futurama/gwfss25/GWFSS/GWFSS_v1.0_labelled/images/RRES/4_33-1-NIT-N6-MW-B2_07-17-2019_13-30-22_lateScen_top.png,/icislab/volume3/benderick/futurama/gwfss25/GWFSS/GWFSS_v1.0_labelled/class_id/RRES/4_33-1-NIT-N6-MW-B2_07-17-2019_13-30-22_lateScen_top.png,512,512,0.18000927567481995,0.13684161007404327,0.037739548832178116,6.015016761694634,9.84954833984375,46.759796142578125,2.6096343994140625,40.78102111816406,7.211102550927978,3.002166748046875,1.607952053793305,39.39008894536214,80.38338658146965,787,11,31
RRES,Source train,/icislab/volume3/benderick/futurama/gwfss25/GWFSS/GWFSS_v1.0_labelled/images/RRES/4_40-1-NIT-N1-Cru-B2_07-17-2019_13-37-16_lateScen_top.png,/icislab/volume3/benderick/futurama/gwfss25/GWFSS/GWFSS_v1.0_labelled/class_id/RRES/4_40-1-NIT-N1-Cru-B2_07-17-2019_13-37-16_lateScen_top.png,512,512,0.17693862318992615,0.17642445862293243,0.00925361830741167,8.183806366836373,40.08636474609375,23.155975341796875,0.2841949462890625,36.47346496582031,8.246211251235321,0.308990478515625,4.026845637583893,98.76543209876543,78.8659793814433,81,3,8
RRES,Source train,/icislab/volume3/benderick/futurama/gwfss25/GWFSS/GWFSS_v1.0_labelled/images/RRES/51-1-NIT-N1-Ista-B2_06-04-2019_14-39-27_heading_vis-south.png,/icislab/volume3/benderick/futurama/gwfss25/GWFSS/GWFSS_v1.0_labelled/class_id/RRES/51-1-NIT-N1-Ista-B2_06-04-2019_14-39-27_heading_vis-south.png,512,512,0.27794361114501953,0.18393146991729736,0.12438448518514633,7.594258485234398,4.2804718017578125,13.2598876953125,7.623291015625,74.83634948730469,16.0,4.673004150390625,0.5504403522818254,18.775510204081634,85.90604026845638,1225,11,23
RRES,Source train,/icislab/volume3/benderick/futurama/gwfss25/GWFSS/GWFSS_v1.0_labelled/images/RRES/51-1-NIT-N1-Ista-B2_07-17-2019_13-48-28_lateScen_top.png,/icislab/volume3/benderick/futurama/gwfss25/GWFSS/GWFSS_v1.0_labelled/class_id/RRES/51-1-NIT-N1-Ista-B2_07-17-2019_13-48-28_lateScen_top.png,512,512,0.12388190627098083,0.1359715461730957,0.01026020385324955,6.400441225727171,31.407546997070312,16.371536254882812,3.43780517578125,48.783111572265625,8.246211251235321,3.4332275390625,1.4425210830004438,35.55555555555556,60.825833774483854,900,13,32
RRES,Source train,/icislab/volume3/benderick/futurama/gwfss25/GWFSS/GWFSS_v1.0_labelled/images/RRES/58-1-NIT-N1-MW-B2_05-30-2019_17-52-58_booting_vis-north.png,/icislab/volume3/benderick/futurama/gwfss25/GWFSS/GWFSS_v1.0_labelled/class_id/RRES/58-1-NIT-N1-MW-B2_05-30-2019_17-52-58_booting_vis-north.png,512,512,0.17536993324756622,0.216567263007164,0.08933521062135696,9.3733324863904,12.641143798828125,0.0,6.92596435546875,80.43289184570312,12.0,5.5694580078125,0.8261731658955717,27.397260273972602,72.24832214765101,1460,15,40
RRES,Source train,/icislab/volume3/benderick/futurama/gwfss25/GWFSS/GWFSS_v1.0_labelled/images/RRES/58-1-NIT-N1-MW-B2_07-17-2019_13-55-07_lateScen_top.png,/icislab/volume3/benderick/futurama/gwfss25/GWFSS/GWFSS_v1.0_labelled/class_id/RRES/58-1-NIT-N1-MW-B2_07-17-2019_13-55-07_lateScen_top.png,512,512,0.15640516579151154,0.1320652812719345,0.00015158546739257872,6.650012019902714,41.709136962890625,10.437774658203125,2.445220947265625,45.407867431640625,8.48528137423857,2.300262451171875,0.9360374414976599,24.875621890547265,66.66666666666667,603,6,15
RRES,Source train,/icislab/volume3/benderick/futurama/gwfss25/GWFSS/GWFSS_v1.0_labelled/images/RRES/5_4-1-NIT-N6-Ista-B2_07-29-2019_10-29-49_maturity_top.png,/icislab/volume3/benderick/futurama/gwfss25/GWFSS/GWFSS_v1.0_labelled/class_id/RRES/5_4-1-NIT-N6-Ista-B2_07-29-2019_10-29-49_maturity_top.png,512,512,0.24914179742336273,0.2796475291252136,0.008082835003733635,9.693125755491097,18.891143798828125,47.63069152832031,4.364776611328125,29.113388061523438,7.211102550927978,5.31768798828125,1.5731515469323545,34.43328550932568,63.890857547838415,1394,18,48
RRES,Source train,/icislab/volume3/benderick/futurama/gwfss25/GWFSS/GWFSS_v1.0_labelled/images/RRES/6-1-NIT-N2-MW_05-25-2021_10-02-53_jointing_top.png,/icislab/volume3/benderick/futurama/gwfss25/GWFSS/GWFSS_v1.0_labelled/class_id/RRES/6-1-NIT-N2-MW_05-25-2021_10-02-53_jointing_top.png,512,512,0.21290220320224762,0.12145057320594788,0.0316179059445858,7.660385673914064,82.13577270507812,0.0,0.0,17.864227294921875,,0.0,,,,0,0,0
RRES,Source train,/icislab/volume3/benderick/futurama/gwfss25/GWFSS/GWFSS_v1.0_labelled/images/RRES/6-1-NIT-N2-MW_06-10-2021_08-48-26_heading_top.png,/icislab/volume3/benderick/futurama/gwfss25/GWFSS/GWFSS_v1.0_labelled/class_id/RRES/6-1-NIT-N2-MW_06-10-2021_08-48-26_heading_top.png,512,512,0.19236689805984497,0.06918027997016907,0.023823997005820274,4.86486421377274,87.47138977050781,1.3336181640625,0.1129150390625,11.082077026367188,12.0,0.057220458984375,3.3783783783783785,133.33333333333334,87.71929824561404,15,1,2
RRES,Source train,/icislab/volume3/benderick/futurama/gwfss25/GWFSS/GWFSS_v1.0_labelled/images/RRES/6-1-NIT-N2-MW_06-17-2021_16-08-48_flowering_top.png,/icislab/volume3/benderick/futurama/gwfss25/GWFSS/GWFSS_v1.0_labelled/class_id/RRES/6-1-NIT-N2-MW_06-17-2021_16-08-48_flowering_top.png,512,512,0.16301801800727844,0.11454217880964279,0.030948486179113388,6.599422274211907,73.49433898925781,1.515960693359375,0.4199981689453125,24.5697021484375,8.94427190999916,0.347137451171875,2.7247956403269753,65.93406593406593,73.72881355932203,91,3,6
RRES,Source train,/icislab/volume3/benderick/futurama/gwfss25/GWFSS/GWFSS_v1.0_labelled/images/RRES/6-1-NIT-N2-MW_07-05-2021_14-57-58_earlyscen_top.png,/icislab/volume3/benderick/futurama/gwfss25/GWFSS/GWFSS_v1.0_labelled/class_id/RRES/6-1-NIT-N2-MW_07-05-2021_14-57-58_earlyscen_top.png,512,512,0.14251920580863953,0.08759266138076782,0.022172437980771065,4.903366624399355,89.76249694824219,0.588226318359375,1.3675689697265625,8.281707763671875,10.0,1.209259033203125,1.394700139470014,41.00946372239748,33.42981186685962,317,5,13
RRES,Source train,/icislab/volume3/benderick/futurama/gwfss25/GWFSS/GWFSS_v1.0_labelled/images/RRES/6-1-NIT-N2-MW_08-04-2021_10-28-11_maturity_top.png,/icislab/volume3/benderick/futurama/gwfss25/GWFSS/GWFSS_v1.0_labelled/class_id/RRES/6-1-NIT-N2-MW_08-04-2021_10-28-11_maturity_top.png,512,512,0.1520157754421234,0.15875332057476044,0.0029927866999059916,4.809547808569835,89.12277221679688,7.1506500244140625,3.4149169921875,0.3116607666015625,12.649110640673518,2.658843994140625,0.5585344057193923,15.781922525107603,0.0,697,5,11
RRES,Source train,/icislab/volume3/benderick/futurama/gwfss25/GWFSS/GWFSS_v1.0_labelled/images/RRES/6-1-NIT-N2-MW_11-11-2020_09-37-45_tillering_top.png,/icislab/volume3/benderick/futurama/gwfss25/GWFSS/GWFSS_v1.0_labelled/class_id/RRES/6-1-NIT-N2-MW_11-11-2020_09-37-45_tillering_top.png,512,512,0.20057007670402527,0.0856955498456955,0.0017672671237960458,8.184174428401983,97.67532348632812,0.0,0.0,2.324676513671875,,0.0,,,,0,0,0
RRES,Source train,/icislab/volume3/benderick/futurama/gwfss25/GWFSS/GWFSS_v1.0_labelled/images/RRES/60-1-NIT-N1-Her_08-04-2021_10-55-22_maturity_top.png,/icislab/volume3/benderick/futurama/gwfss25/GWFSS/GWFSS_v1.0_labelled/class_id/RRES/60-1-NIT-N1-Her_08-04-2021_10-55-22_maturity_top.png,512,512,0.12437385320663452,0.11186901479959488,0.0005388293648138642,2.105711586995757,84.86289978027344,10.730361938476562,0.571441650390625,3.835296630859375,8.48528137423857,0.530242919921875,2.0026702269692924,50.35971223021583,4.73186119873817,139,3,7
RRES,Source train,/icislab/volume3/benderick/futurama/gwfss25/GWFSS/GWFSS_v1.0_labelled/images/RRES/60-1-NIT-N4-Her-B2_05-30-2019_17-54-43_booting_vis-north.png,/icislab/volume3/benderick/futurama/gwfss25/GWFSS/GWFSS_v1.0_labelled/class_id/RRES/60-1-NIT-N4-Her-B2_05-30-2019_17-54-43_booting_vis-north.png,512,512,0.10213354229927063,0.16030992567539215,0.05262148380279541,8.757109326834998,30.222320556640625,0.0019073486328125,2.1289825439453125,67.64678955078125,10.198039027185569,1.987457275390625,0.8958967926894822,24.952015355086374,72.7104532839963,521,5,13
RRES,Source train,/icislab/volume3/benderick/futurama/gwfss25/GWFSS/GWFSS_v1.0_labelled/images/RRES/60-1-NIT-N4-Her-B2_07-17-2019_13-56-59_lateScen_top.png,/icislab/volume3/benderick/futurama/gwfss25/GWFSS/GWFSS_v1.0_labelled/class_id/RRES/60-1-NIT-N4-Her-B2_07-17-2019_13-56-59_lateScen_top.png,512,512,0.052842702716588974,0.07333004474639893,0.012592121958732605,3.8713887598666816,41.83540344238281,5.2883148193359375,1.6811370849609375,51.19514465332031,10.0,1.445770263671875,1.5883821193555707,39.577836411609496,79.86111111111111,379,7,15
RRES,Source train,/icislab/volume3/benderick/futurama/gwfss25/GWFSS/GWFSS_v1.0_labelled/images/RRES/60-1-NIT-N4-Her-B2_07-29-2019_11-25-19_maturity_top.png,/icislab/volume3/benderick/futurama/gwfss25/GWFSS/GWFSS_v1.0_labelled/class_id/RRES/60-1-NIT-N4-Her-B2_07-29-2019_11-25-19_maturity_top.png,512,512,0.08383990824222565,0.14970847964286804,-0.0007110296282917261,6.122979277516282,50.71907043457031,11.659622192382812,4.4033050537109375,33.21800231933594,10.198039027185569,3.589630126953125,0.8663259118080222,26.56748140276302,45.196850393700785,941,10,25
RRES,Source train,/icislab/volume3/benderick/futurama/gwfss25/GWFSS/GWFSS_v1.0_labelled/images/RRES/67-1-NIT-N1-Cru_08-04-2021_10-58-47_maturity_top.png,/icislab/volume3/benderick/futurama/gwfss25/GWFSS/GWFSS_v1.0_labelled/class_id/RRES/67-1-NIT-N1-Cru_08-04-2021_10-58-47_maturity_top.png,512,512,0.20122024416923523,0.10295040160417557,0.0010597228538244963,2.637342305428102,90.32402038574219,6.33544921875,0.0537872314453125,3.2867431640625,5.656854249492381,0.09918212890625,14.184397163120567,230.76923076923077,23.076923076923077,26,2,6
RRES,Source train,/icislab/volume3/benderick/futurama/gwfss25/GWFSS/GWFSS_v1.0_labelled/images/RRES/67-1-NIT-N4-MW-B2_05-30-2019_18-01-46_booting_vis-north.png,/icislab/volume3/benderick/futurama/gwfss25/GWFSS/GWFSS_v1.0_labelled/class_id/RRES/67-1-NIT-N4-MW-B2_05-30-2019_18-01-46_booting_vis-north.png,512,512,0.26429513096809387,0.2675902843475342,0.12147331237792969,10.366575893207782,6.6982269287109375,0.0,0.0,93.30177307128906,,0.0,,,,0,0,0
RRES,Source train,/icislab/volume3/benderick/futurama/gwfss25/GWFSS/GWFSS_v1.0_labelled/images/RRES/67-1-NIT-N4-MW-B2_05-30-2019_19-12-02_booting_vis-south.png,/icislab/volume3/benderick/futurama/gwfss25/GWFSS/GWFSS_v1.0_labelled/class_id/RRES/67-1-NIT-N4-MW-B2_05-30-2019_19-12-02_booting_vis-south.png,512,512,0.22360607981681824,0.2663678228855133,0.08597593009471893,9.5448711222006,15.241241455078125,0.0,2.9514312744140625,81.80732727050781,14.0,1.85394287109375,0.38774718883288095,14.40329218106996,51.984511132623425,486,3,7
RRES,Source train,/icislab/volume3/benderick/futurama/gwfss25/GWFSS/GWFSS_v1.0_labelled/images/RRES/67-1-NIT-N4-MW-B2_06-10-2019_12-20-38_flowering_vis-south.png,/icislab/volume3/benderick/futurama/gwfss25/GWFSS/GWFSS_v1.0_labelled/class_id/RRES/67-1-NIT-N4-MW-B2_06-10-2019_12-20-38_flowering_vis-south.png,512,512,0.20965424180030823,0.14073656499385834,0.09505496919155121,6.8182684988616025,4.7512054443359375,15.998458862304688,9.595108032226562,69.65522766113281,10.0,9.42230224609375,1.0734306046992406,27.125506072874494,92.8219852337982,2470,27,67
RRES,Source train,/icislab/volume3/benderick/futurama/gwfss25/GWFSS/GWFSS_v1.0_labelled/images/RRES/67-1-NIT-N4-MW-B2_07-01-2019_15-39-29_earlyscen_top.png,/icislab/volume3/benderick/futurama/gwfss25/GWFSS/GWFSS_v1.0_labelled/class_id/RRES/67-1-NIT-N4-MW-B2_07-01-2019_15-39-29_earlyscen_top.png,512,512,0.1165783479809761,0.15650971233844757,0.043541211634874344,6.249386477789789,29.318618774414062,7.5225830078125,4.8095703125,58.34922790527344,8.48528137423857,4.825592041015625,1.4276649746192893,34.78260869565217,63.49924585218703,1265,18,44
RRES,Source train,/icislab/volume3/benderick/futurama/gwfss25/GWFSS/GWFSS_v1.0_labelled/images/RRES/69-1-NIT-N1-Her-B2_05-30-2019_18-03-56_booting_vis-north.png,/icislab/volume3/benderick/futurama/gwfss25/GWFSS/GWFSS_v1.0_labelled/class_id/RRES/69-1-NIT-N1-Her-B2_05-30-2019_18-03-56_booting_vis-north.png,512,512,0.24739772081375122,0.3029157519340515,0.09954719245433807,11.424849769571317,8.205795288085938,0.698089599609375,1.7040252685546875,89.39208984375,16.0,1.163482666015625,0.4477277815088426,16.39344262295082,88.29268292682927,305,2,5
RRES,Source train,/icislab/volume3/benderick/futurama/gwfss25/GWFSS/GWFSS_v1.0_labelled/images/RRES/69-1-NIT-N1-Her-B2_05-30-2019_19-14-08_booting_vis-south.png,/icislab/volume3/benderick/futurama/gwfss25/GWFSS/GWFSS_v1.0_labelled/class_id/RRES/69-1-NIT-N1-Her-B2_05-30-2019_19-14-08_booting_vis-south.png,512,512,0.2156028300523758,0.25259965658187866,0.10335560142993927,13.171653113043298,30.588150024414062,0.342559814453125,3.5854339599609375,65.48385620117188,12.649110640673518,2.681732177734375,0.42557718906266623,12.802275960170697,50.17205781142464,703,4,9
RRES,Source train,/icislab/volume3/benderick/futurama/gwfss25/GWFSS/GWFSS_v1.0_labelled/images/RRES/6_15-1-NIT-N3-MW_06-04-2021_17-01-14_booting_top.png,/icislab/volume3/benderick/futurama/gwfss25/GWFSS/GWFSS_v1.0_labelled/class_id/RRES/6_15-1-NIT-N3-MW_06-04-2021_17-01-14_booting_top.png,512,512,0.1843109428882599,0.18703214824199677,0.09036316722631454,8.39398759910118,33.788299560546875,0.0,0.688934326171875,65.52276611328125,8.246211251235321,0.423431396484375,3.3222591362126246,108.10810810810811,97.73371104815864,111,6,12
RRES,Source train,/icislab/volume3/benderick/futurama/gwfss25/GWFSS/GWFSS_v1.0_labelled/images/RRES/6_33-1-NIT-N3-Ist_06-17-2021_16-22-12_flowering_top.png,/icislab/volume3/benderick/futurama/gwfss25/GWFSS/GWFSS_v1.0_labelled/class_id/RRES/6_33-1-NIT-N3-Ist_06-17-2021_16-22-12_flowering_top.png,512,512,0.19165079295635223,0.21281708776950836,0.06669975072145462,7.928094710847387,38.172149658203125,10.283660888671875,1.229095458984375,50.315093994140625,10.770329614269007,0.949859619140625,2.4829298572315333,88.35341365461848,70.5982905982906,249,8,22
RRES,Source train,/icislab/volume3/benderick/futurama/gwfss25/GWFSS/GWFSS_v1.0_labelled/images/RRES/7_15-1-NIT-N3-MW_06-10-2021_08-52-52_heading_top.png,/icislab/volume3/benderick/futurama/gwfss25/GWFSS/GWFSS_v1.0_labelled/class_id/RRES/7_15-1-NIT-N3-MW_06-10-2021_08-52-52_heading_top.png,512,512,0.1695283204317093,0.1304297298192978,0.08076820522546768,6.102821016336051,17.552947998046875,2.24151611328125,1.6693115234375,78.53622436523438,10.198039027185569,1.25885009765625,2.2851919561243146,69.6969696969697,89.06882591093117,330,10,23
RRES,Source train,/icislab/volume3/benderick/futurama/gwfss25/GWFSS/GWFSS_v1.0_labelled/images/RRES/7_4-1-NIT-N6-Ista-B2_04-23-2019_11-58-18_earlyJointing_top.png,/icislab/volume3/benderick/futurama/gwfss25/GWFSS/GWFSS_v1.0_labelled/class_id/RRES/7_4-1-NIT-N6-Ista-B2_04-23-2019_11-58-18_earlyJointing_top.png,512,512,0.18238338828086853,0.126372292637825,0.065620556473732,6.580796375331898,39.165496826171875,0.0,0.144195556640625,60.6903076171875,11.661903789690601,0.11444091796875,2.6455026455026456,66.66666666666667,62.121212121212125,30,1,2
RRES,Source train,/icislab/volume3/benderick/futurama/gwfss25/GWFSS/GWFSS_v1.0_labelled/images/RRES/9_33-1-NIT-N6-MW-B2_05-28-2019_11-20-09_booting_top.png,/icislab/volume3/benderick/futurama/gwfss25/GWFSS/GWFSS_v1.0_labelled/class_id/RRES/9_33-1-NIT-N6-MW-B2_05-28-2019_11-20-09_booting_top.png,512,512,0.2036590725183487,0.17965824902057648,0.08648940920829773,6.576544691459837,3.1650543212890625,0.0,0.0,96.83494567871094,,0.0,,,,0,0,0
RRES,Source train,/icislab/volume3/benderick/futurama/gwfss25/GWFSS/GWFSS_v1.0_labelled/images/RRES/9_51-1-NIT-N1-Ista-B2_05-30-2019_18-57-08_booting_vis-south.png,/icislab/volume3/benderick/futurama/gwfss25/GWFSS/GWFSS_v1.0_labelled/class_id/RRES/9_51-1-NIT-N1-Ista-B2_05-30-2019_18-57-08_booting_vis-south.png,512,512,0.11260014027357101,0.1357334405183792,0.046626340597867966,6.027584844028086,6.108856201171875,0.7045745849609375,8.753204345703125,84.43336486816406,18.0,5.359649658203125,0.3050640634533252,13.523131672597865,89.30366116295764,1405,7,19
ULiege_CRA-W,Source train,/icislab/volume3/benderick/futurama/gwfss25/GWFSS/GWFSS_v1.0_labelled/images/ULiege_CRA-W/0101_01_im1_2019_5_22_14_33_30_L.png,/icislab/volume3/benderick/futurama/gwfss25/GWFSS/GWFSS_v1.0_labelled/class_id/ULiege_CRA-W/0101_01_im1_2019_5_22_14_33_30_L.png,512,512,0.5064358115196228,0.15530724823474884,0.22505910694599152,15.453739673151386,78.41720581054688,0.0,0.45928955078125,21.123504638671875,8.0,0.598907470703125,5.813953488372093,89.171974522293,77.2378516624041,157,7,14
ULiege_CRA-W,Source train,/icislab/volume3/benderick/futurama/gwfss25/GWFSS/GWFSS_v1.0_labelled/images/ULiege_CRA-W/0101_01_im1_2019_7_16_9_32_0_L.png,/icislab/volume3/benderick/futurama/gwfss25/GWFSS/GWFSS_v1.0_labelled/class_id/ULiege_CRA-W/0101_01_im1_2019_7_16_9_32_0_L.png,512,512,0.18512587249279022,0.11650524288415909,0.12208705395460129,9.064730951224217,97.5494384765625,1.154327392578125,0.26092529296875,1.035308837890625,5.656854249492381,0.331878662109375,7.309941520467836,114.94252873563218,8.636363636363637,87,5,10
ULiege_CRA-W,Source train,/icislab/volume3/benderick/futurama/gwfss25/GWFSS/GWFSS_v1.0_labelled/images/ULiege_CRA-W/0101_01_im6_2019_4_16_16_12_25_L.png,/icislab/volume3/benderick/futurama/gwfss25/GWFSS/GWFSS_v1.0_labelled/class_id/ULiege_CRA-W/0101_01_im6_2019_4_16_16_12_25_L.png,512,512,0.5332922339439392,0.18008166551589966,0.19440008699893951,10.837842474674455,82.08770751953125,0.0,0.0,17.91229248046875,,0.0,,,,0,0,0
ULiege_CRA-W,Source train,/icislab/volume3/benderick/futurama/gwfss25/GWFSS/GWFSS_v1.0_labelled/images/ULiege_CRA-W/0102_02_im3_2019_5_2_11_18_21_L.png,/icislab/volume3/benderick/futurama/gwfss25/GWFSS/GWFSS_v1.0_labelled/class_id/ULiege_CRA-W/0102_02_im3_2019_5_2_11_18_21_L.png,512,512,0.23560182750225067,0.10774815082550049,0.14910279214382172,8.88721346783971,43.035125732421875,0.0,0.0,56.964874267578125,,0.0,,,,0,0,0
ULiege_CRA-W,Source train,/icislab/volume3/benderick/futurama/gwfss25/GWFSS/GWFSS_v1.0_labelled/images/ULiege_CRA-W/0102_02_im4_2019_4_10_15_32_37_L.png,/icislab/volume3/benderick/futurama/gwfss25/GWFSS/GWFSS_v1.0_labelled/class_id/ULiege_CRA-W/0102_02_im4_2019_4_10_15_32_37_L.png,512,512,0.5176019668579102,0.2199779450893402,0.2286166250705719,17.76781791832512,74.78408813476562,0.0,0.0,25.215911865234375,,0.0,,,,0,0,0
ULiege_CRA-W,Source train,/icislab/volume3/benderick/futurama/gwfss25/GWFSS/GWFSS_v1.0_labelled/images/ULiege_CRA-W/0166_17_im1_2021_03_12_11_40_13_L776.png,/icislab/volume3/benderick/futurama/gwfss25/GWFSS/GWFSS_v1.0_labelled/class_id/ULiege_CRA-W/0166_17_im1_2021_03_12_11_40_13_L776.png,512,512,0.35962435603141785,0.1578586995601654,0.1580824851989746,12.696486524461612,60.90888977050781,0.0,0.0,39.09111022949219,,0.0,,,,0,0,0
ULiege_CRA-W,Source train,/icislab/volume3/benderick/futurama/gwfss25/GWFSS/GWFSS_v1.0_labelled/images/ULiege_CRA-W/0166_17_im1_2021_03_25_12_28_30_L776.png,/icislab/volume3/benderick/futurama/gwfss25/GWFSS/GWFSS_v1.0_labelled/class_id/ULiege_CRA-W/0166_17_im1_2021_03_25_12_28_30_L776.png,512,512,0.411006361246109,0.13660012185573578,0.2209053784608841,11.171557209452224,50.641632080078125,0.0,0.0,49.358367919921875,,0.0,,,,0,0,0
ULiege_CRA-W,Source train,/icislab/volume3/benderick/futurama/gwfss25/GWFSS/GWFSS_v1.0_labelled/images/ULiege_CRA-W/0166_17_im1_2021_04_09_11_59_22_L776.png,/icislab/volume3/benderick/futurama/gwfss25/GWFSS/GWFSS_v1.0_labelled/class_id/ULiege_CRA-W/0166_17_im1_2021_04_09_11_59_22_L776.png,512,512,0.21262288093566895,0.1151580810546875,0.12478145211935043,10.43472399960019,43.56269836425781,0.0,0.0,56.43730163574219,,0.0,,,,0,0,0
ULiege_CRA-W,Source train,/icislab/volume3/benderick/futurama/gwfss25/GWFSS/GWFSS_v1.0_labelled/images/ULiege_CRA-W/0166_17_im1_2021_05_11_11_41_09_L776.png,/icislab/volume3/benderick/futurama/gwfss25/GWFSS/GWFSS_v1.0_labelled/class_id/ULiege_CRA-W/0166_17_im1_2021_05_11_11_41_09_L776.png,512,512,0.25040221214294434,0.12063568085432053,0.17580881714820862,11.471780268065482,29.779434204101562,0.0,0.9288787841796875,69.29168701171875,7.211102550927978,0.99945068359375,5.338809034907597,99.23664122137404,89.52095808383234,262,13,26
ULiege_CRA-W,Source train,/icislab/volume3/benderick/futurama/gwfss25/GWFSS/GWFSS_v1.0_labelled/images/ULiege_CRA-W/0166_17_im1_2021_06_25_13_33_20_L776.png,/icislab/volume3/benderick/futurama/gwfss25/GWFSS/GWFSS_v1.0_labelled/class_id/ULiege_CRA-W/0166_17_im1_2021_06_25_13_33_20_L776.png,512,512,0.16487331688404083,0.17589335143566132,0.11369112879037857,13.760042684815327,20.700454711914062,15.134811401367188,2.2434234619140625,61.92131042480469,6.0,3.154754638671875,6.2914470328175485,103.99032648125755,52.65151515151515,827,37,86
ULiege_CRA-W,Source train,/icislab/volume3/benderick/futurama/gwfss25/GWFSS/GWFSS_v1.0_labelled/images/ULiege_CRA-W/0166_17_im1_2021_07_12_15_04_01_L776.png,/icislab/volume3/benderick/futurama/gwfss25/GWFSS/GWFSS_v1.0_labelled/class_id/ULiege_CRA-W/0166_17_im1_2021_07_12_15_04_01_L776.png,512,512,0.16250579059123993,0.16832689940929413,0.08773896098136902,12.554422183468509,13.919830322265625,21.969223022460938,1.54876708984375,62.56217956542969,6.0,2.017974853515625,5.665024630541872,90.73724007561437,78.14207650273224,529,23,48
ULiege_CRA-W,Source train,/icislab/volume3/benderick/futurama/gwfss25/GWFSS/GWFSS_v1.0_labelled/images/ULiege_CRA-W/0166_17_im2_2021_07_12_15_04_13_L776.png,/icislab/volume3/benderick/futurama/gwfss25/GWFSS/GWFSS_v1.0_labelled/class_id/ULiege_CRA-W/0166_17_im2_2021_07_12_15_04_13_L776.png,512,512,0.1360323429107666,0.1430850476026535,0.07081186026334763,11.243455163220725,20.191192626953125,16.162872314453125,1.7513275146484375,61.89460754394531,6.0,2.201080322265625,6.098889130908299,98.78682842287695,80.1526717557252,577,28,57
ULiege_CRA-W,Source train,/icislab/volume3/benderick/futurama/gwfss25/GWFSS/GWFSS_v1.0_labelled/images/ULiege_CRA-W/0172_30_im1_2021_04_15_12_11_36_L776.png,/icislab/volume3/benderick/futurama/gwfss25/GWFSS/GWFSS_v1.0_labelled/class_id/ULiege_CRA-W/0172_30_im1_2021_04_15_12_11_36_L776.png,512,512,0.3888372480869293,0.14133010804653168,0.2580678164958954,13.788527094668924,35.050201416015625,0.0,0.0,64.94979858398438,,0.0,,,,0,0,0
ULiege_CRA-W,Source train,/icislab/volume3/benderick/futurama/gwfss25/GWFSS/GWFSS_v1.0_labelled/images/ULiege_CRA-W/0172_30_im1_2021_07_12_14_40_39_L776.png,/icislab/volume3/benderick/futurama/gwfss25/GWFSS/GWFSS_v1.0_labelled/class_id/ULiege_CRA-W/0172_30_im1_2021_07_12_14_40_39_L776.png,512,512,0.15745459496974945,0.15927086770534515,0.08545742183923721,12.1006703318528,18.136978149414062,18.927764892578125,1.531219482421875,61.40403747558594,6.324555320336759,1.99127197265625,4.9825610363726955,80.45977011494253,79.09967845659163,522,20,42
ULiege_CRA-W,Source train,/icislab/volume3/benderick/futurama/gwfss25/GWFSS/GWFSS_v1.0_labelled/images/ULiege_CRA-W/0172_30_im2_2021_07_12_14_40_49_L776.png,/icislab/volume3/benderick/futurama/gwfss25/GWFSS/GWFSS_v1.0_labelled/class_id/ULiege_CRA-W/0172_30_im2_2021_07_12_14_40_49_L776.png,512,512,0.17552290856838226,0.1805415004491806,0.0960182175040245,13.63695142192798,24.289321899414062,15.192031860351562,2.1869659423828125,58.33168029785156,6.0,2.857208251953125,5.2328623757195185,86.78237650200268,55.32786885245902,749,30,65
ULiege_CRA-W,Source train,/icislab/volume3/benderick/futurama/gwfss25/GWFSS/GWFSS_v1.0_labelled/images/ULiege_CRA-W/0174_10_im1_2021_07_12_14_39_33_L776.png,/icislab/volume3/benderick/futurama/gwfss25/GWFSS/GWFSS_v1.0_labelled/class_id/ULiege_CRA-W/0174_10_im1_2021_07_12_14_39_33_L776.png,512,512,0.17148379981517792,0.17231641709804535,0.0815901905298233,13.04168442836491,23.579788208007812,15.57769775390625,2.178955078125,58.66355895996094,7.211102550927978,2.483367919921875,5.602240896358543,104.45468509984639,68.865598027127,651,32,68
ULiege_CRA-W,Source train,/icislab/volume3/benderick/futurama/gwfss25/GWFSS/GWFSS_v1.0_labelled/images/ULiege_CRA-W/0178_02_im2_2021_04_09_11_22_23_L776.png,/icislab/volume3/benderick/futurama/gwfss25/GWFSS/GWFSS_v1.0_labelled/class_id/ULiege_CRA-W/0178_02_im2_2021_04_09_11_22_23_L776.png,512,512,0.3176024854183197,0.15227988362312317,0.18707937002182007,13.518967270688618,43.51463317871094,0.0,0.360870361328125,56.12449645996094,6.0,0.54931640625,6.342494714587738,90.27777777777777,61.30952380952381,144,6,13
ULiege_CRA-W,Source train,/icislab/volume3/benderick/futurama/gwfss25/GWFSS/GWFSS_v1.0_labelled/images/ULiege_CRA-W/0180_03_im1_2021_06_25_12_40_42_L776.png,/icislab/volume3/benderick/futurama/gwfss25/GWFSS/GWFSS_v1.0_labelled/class_id/ULiege_CRA-W/0180_03_im1_2021_06_25_12_40_42_L776.png,512,512,0.1649010181427002,0.1696753203868866,0.11342427134513855,13.432821194860654,22.15423583984375,11.223602294921875,0.0,66.62216186523438,,0.0,,,,0,0,0
ULiege_CRA-W,Source train,/icislab/volume3/benderick/futurama/gwfss25/GWFSS/GWFSS_v1.0_labelled/images/ULiege_CRA-W/0180_03_im3_2021_04_15_11_44_50_L776.png,/icislab/volume3/benderick/futurama/gwfss25/GWFSS/GWFSS_v1.0_labelled/class_id/ULiege_CRA-W/0180_03_im3_2021_04_15_11_44_50_L776.png,512,512,0.2479618936777115,0.18073275685310364,0.15224018692970276,15.615833561359867,31.432723999023438,0.0,0.2452850341796875,68.32199096679688,6.0,0.324249267578125,4.665629860031104,70.58823529411765,82.3529411764706,85,3,6
ULiege_CRA-W,Source train,/icislab/volume3/benderick/futurama/gwfss25/GWFSS/GWFSS_v1.0_labelled/images/ULiege_CRA-W/0180_03_im3_2021_05_11_10_54_36_L776.png,/icislab/volume3/benderick/futurama/gwfss25/GWFSS/GWFSS_v1.0_labelled/class_id/ULiege_CRA-W/0180_03_im3_2021_05_11_10_54_36_L776.png,512,512,0.344188928604126,0.13940756022930145,0.2550554573535919,14.329805226484593,29.638671875,0.0,0.617218017578125,69.74411010742188,6.0,0.7476806640625,8.034610630407911,132.6530612244898,82.34165067178503,196,13,26
ULiege_CRA-W,Source train,/icislab/volume3/benderick/futurama/gwfss25/GWFSS/GWFSS_v1.0_labelled/images/ULiege_CRA-W/0201_01_im1_2019_6_13_10_8_53_L.png,/icislab/volume3/benderick/futurama/gwfss25/GWFSS/GWFSS_v1.0_labelled/class_id/ULiege_CRA-W/0201_01_im1_2019_6_13_10_8_53_L.png,512,512,0.36871522665023804,0.18952947854995728,0.16779039800167084,14.81845049854965,73.91471862792969,1.69525146484375,0.662994384765625,23.727035522460938,6.0,0.843048095703125,5.7537399309551205,99.5475113122172,85.00914076782449,221,10,22
ULiege_CRA-W,Source train,/icislab/volume3/benderick/futurama/gwfss25/GWFSS/GWFSS_v1.0_labelled/images/ULiege_CRA-W/0201_01_im2_2019_7_16_9_41_59_L.png,/icislab/volume3/benderick/futurama/gwfss25/GWFSS/GWFSS_v1.0_labelled/class_id/ULiege_CRA-W/0201_01_im2_2019_7_16_9_41_59_L.png,512,512,0.3874075710773468,0.18788260221481323,0.18568262457847595,11.194870572149314,83.65402221679688,4.3609619140625,1.079559326171875,10.90545654296875,6.0,1.468658447265625,4.593639575971731,72.72727272727273,34.24971363115693,385,13,28
ULiege_CRA-W,Source train,/icislab/volume3/benderick/futurama/gwfss25/GWFSS/GWFSS_v1.0_labelled/images/ULiege_CRA-W/0203_03_im1_2019_6_27_11_9_25_L.png,/icislab/volume3/benderick/futurama/gwfss25/GWFSS/GWFSS_v1.0_labelled/class_id/ULiege_CRA-W/0203_03_im1_2019_6_27_11_9_25_L.png,512,512,0.2405930906534195,0.21143139898777008,0.12049605697393417,16.112906896306136,61.232757568359375,4.0775299072265625,0.782012939453125,33.90769958496094,8.246211251235321,0.591278076171875,3.4146341463414633,90.3225806451613,86.58280922431865,155,7,14
ULiege_CRA-W,Source train,/icislab/volume3/benderick/futurama/gwfss25/GWFSS/GWFSS_v1.0_labelled/images/ULiege_CRA-W/0203_03_im3_2019_7_16_9_39_26_L.png,/icislab/volume3/benderick/futurama/gwfss25/GWFSS/GWFSS_v1.0_labelled/class_id/ULiege_CRA-W/0203_03_im3_2019_7_16_9_39_26_L.png,512,512,0.4326683580875397,0.21995697915554047,0.11865434795618057,14.353586268063344,51.82647705078125,9.096145629882812,5.27191162109375,33.80546569824219,7.211102550927978,6.24847412109375,2.6049204052098407,53.724053724053725,41.549084359051335,1638,36,88
ULiege_CRA-W,Source train,/icislab/volume3/benderick/futurama/gwfss25/GWFSS/GWFSS_v1.0_labelled/images/ULiege_CRA-W/0205_05_im1_2019_7_16_9_36_17_L.png,/icislab/volume3/benderick/futurama/gwfss25/GWFSS/GWFSS_v1.0_labelled/class_id/ULiege_CRA-W/0205_05_im1_2019_7_16_9_36_17_L.png,512,512,0.46094539761543274,0.2974133789539337,0.1237851232290268,17.888253884484122,44.52552795410156,21.743392944335938,1.7101287841796875,32.02095031738281,8.246211251235321,1.636505126953125,3.569038590229757,81.58508158508158,76.80074836295603,429,16,35
ULiege_CRA-W,Source train,/icislab/volume3/benderick/futurama/gwfss25/GWFSS/GWFSS_v1.0_labelled/images/ULiege_CRA-W/0272_27_im1_2021_03_25_12_05_41_L776.png,/icislab/volume3/benderick/futurama/gwfss25/GWFSS/GWFSS_v1.0_labelled/class_id/ULiege_CRA-W/0272_27_im1_2021_03_25_12_05_41_L776.png,512,512,0.3807765543460846,0.12692853808403015,0.18944334983825684,10.202127933041048,51.45111083984375,0.0,0.22125244140625,48.32763671875,6.0,0.396728515625,3.4482758620689653,38.46153846153846,85.77981651376147,104,2,4
ULiege_CRA-W,Source train,/icislab/volume3/benderick/futurama/gwfss25/GWFSS/GWFSS_v1.0_labelled/images/ULiege_CRA-W/0276_12_im2_2021_03_25_11_53_14_L776.png,/icislab/volume3/benderick/futurama/gwfss25/GWFSS/GWFSS_v1.0_labelled/class_id/ULiege_CRA-W/0276_12_im2_2021_03_25_11_53_14_L776.png,512,512,0.3829038441181183,0.12161487340927124,0.19673274457454681,10.210167482630657,55.9112548828125,0.0,0.0,44.0887451171875,,0.0,,,,0,0,0
ULiege_CRA-W,Source train,/icislab/volume3/benderick/futurama/gwfss25/GWFSS/GWFSS_v1.0_labelled/images/ULiege_CRA-W/0276_12_im3_2021_04_09_11_24_35_L776.png,/icislab/volume3/benderick/futurama/gwfss25/GWFSS/GWFSS_v1.0_labelled/class_id/ULiege_CRA-W/0276_12_im3_2021_04_09_11_24_35_L776.png,512,512,0.3823719024658203,0.1844836175441742,0.19752450287342072,14.573738364770493,55.62171936035156,0.0,0.0995635986328125,44.278717041015625,5.656854249492381,0.141143798828125,11.494252873563218,189.1891891891892,59.09090909090909,37,3,7
ULiege_CRA-W,Source train,/icislab/volume3/benderick/futurama/gwfss25/GWFSS/GWFSS_v1.0_labelled/images/ULiege_CRA-W/0278_13_im2_2021_05_11_11_05_14_L776.png,/icislab/volume3/benderick/futurama/gwfss25/GWFSS/GWFSS_v1.0_labelled/class_id/ULiege_CRA-W/0278_13_im2_2021_05_11_11_05_14_L776.png,512,512,0.2412533462047577,0.12589341402053833,0.19085298478603363,12.048294090452563,21.3409423828125,0.0,0.5405426025390625,78.11851501464844,6.0,0.7781982421875,7.76287932251235,112.74509803921569,90.52224371373308,204,11,23
ULiege_CRA-W,Source train,/icislab/volume3/benderick/futurama/gwfss25/GWFSS/GWFSS_v1.0_labelled/images/ULiege_CRA-W/0282_16_im4_2021_07_12_14_16_00_L776.png,/icislab/volume3/benderick/futurama/gwfss25/GWFSS/GWFSS_v1.0_labelled/class_id/ULiege_CRA-W/0282_16_im4_2021_07_12_14_16_00_L776.png,512,512,0.16370350122451782,0.16468200087547302,0.07742363214492798,12.599907959745833,18.5302734375,18.378829956054688,4.42657470703125,58.66432189941406,7.211102550927978,5.359649658203125,3.964150293002413,72.59786476868328,76.78285897025903,1405,46,102
ULiege_CRA-W,Source train,/icislab/volume3/benderick/futurama/gwfss25/GWFSS/GWFSS_v1.0_labelled/images/ULiege_CRA-W/0301_01_im1_2019_6_27_11_13_41_L.png,/icislab/volume3/benderick/futurama/gwfss25/GWFSS/GWFSS_v1.0_labelled/class_id/ULiege_CRA-W/0301_01_im1_2019_6_27_11_13_41_L.png,512,512,0.36126604676246643,0.23974375426769257,0.15681348741054535,15.436517057784334,89.29214477539062,4.13055419921875,1.7551422119140625,4.8221588134765625,6.324555320336759,2.315521240234375,3.477504890241252,57.66062602965403,20.135236664162285,607,16,35
ULiege_CRA-W,Source train,/icislab/volume3/benderick/futurama/gwfss25/GWFSS/GWFSS_v1.0_labelled/images/ULiege_CRA-W/0303_03_im1_2019_6_13_10_12_2_L.png,/icislab/volume3/benderick/futurama/gwfss25/GWFSS/GWFSS_v1.0_labelled/class_id/ULiege_CRA-W/0303_03_im1_2019_6_13_10_12_2_L.png,512,512,0.2917303144931793,0.1829478144645691,0.163242369890213,13.93348124902291,58.65058898925781,3.5434722900390625,2.5005340576171875,35.30540466308594,8.48528137423857,2.513885498046875,2.1357742181540806,54.628224582701066,61.19942196531792,659,14,36
ULiege_CRA-W,Source train,/icislab/volume3/benderick/futurama/gwfss25/GWFSS/GWFSS_v1.0_labelled/images/ULiege_CRA-W/0303_03_im3_2019_5_22_14_49_41_L.png,/icislab/volume3/benderick/futurama/gwfss25/GWFSS/GWFSS_v1.0_labelled/class_id/ULiege_CRA-W/0303_03_im3_2019_5_22_14_49_41_L.png,512,512,0.7104822397232056,0.16789615154266357,0.37319087982177734,16.457312398243825,69.36454772949219,0.0,0.644683837890625,29.990768432617188,6.324555320336759,0.759124755859375,4.733727810650888,95.47738693467336,77.73019271948608,199,8,19
ULiege_CRA-W,Source train,/icislab/volume3/benderick/futurama/gwfss25/GWFSS/GWFSS_v1.0_labelled/images/ULiege_CRA-W/0368_26_im1_2021_07_02_13_18_37_L776.png,/icislab/volume3/benderick/futurama/gwfss25/GWFSS/GWFSS_v1.0_labelled/class_id/ULiege_CRA-W/0368_26_im1_2021_07_02_13_18_37_L776.png,512,512,0.1315283179283142,0.14680215716362,0.08010806143283844,12.142136400929568,16.014480590820312,14.504623413085938,0.9792327880859375,68.50166320800781,5.656854249492381,1.575469970703125,8.570315543435918,118.64406779661017,78.03347280334728,413,22,49
ULiege_CRA-W,Source train,/icislab/volume3/benderick/futurama/gwfss25/GWFSS/GWFSS_v1.0_labelled/images/ULiege_CRA-W/0382_28_im4_2021_03_25_11_28_36_L776.png,/icislab/volume3/benderick/futurama/gwfss25/GWFSS/GWFSS_v1.0_labelled/class_id/ULiege_CRA-W/0382_28_im4_2021_03_25_11_28_36_L776.png,512,512,0.37146204710006714,0.10570216178894043,0.184450164437294,9.193555344120954,61.43074035644531,0.0,0.0,38.56925964355469,,0.0,,,,0,0,0
ULiege_CRA-W,Source train,/icislab/volume3/benderick/futurama/gwfss25/GWFSS/GWFSS_v1.0_labelled/images/ULiege_CRA-W/0403_03_im3_2019_6_13_10_19_43_L.png,/icislab/volume3/benderick/futurama/gwfss25/GWFSS/GWFSS_v1.0_labelled/class_id/ULiege_CRA-W/0403_03_im3_2019_6_13_10_19_43_L.png,512,512,0.31357622146606445,0.237270325422287,0.1928918957710266,17.895390602070194,50.23536682128906,4.7290802001953125,1.177215576171875,43.85833740234375,8.94427190999916,1.1444091796875,2.592352559948153,56.666666666666664,73.45767575322812,300,8,17
ULiege_CRA-W,Source train,/icislab/volume3/benderick/futurama/gwfss25/GWFSS/GWFSS_v1.0_labelled/images/ULiege_CRA-W/0405_05_im3_2019_7_16_9_46_30_L.png,/icislab/volume3/benderick/futurama/gwfss25/GWFSS/GWFSS_v1.0_labelled/class_id/ULiege_CRA-W/0405_05_im3_2019_7_16_9_46_30_L.png,512,512,0.4170428216457367,0.24375538527965546,0.1186535656452179,15.004853594834296,53.022003173828125,10.546493530273438,2.39715576171875,34.03434753417969,8.94427190999916,2.227783203125,3.819223424570337,89.04109589041096,70.36526533425224,584,24,52
ULiege_CRA-W,Source train,/icislab/volume3/benderick/futurama/gwfss25/GWFSS/GWFSS_v1.0_labelled/images/ULiege_CRA-W/0702_26_im1_2019_4_12_14_49_31_L.png,/icislab/volume3/benderick/futurama/gwfss25/GWFSS/GWFSS_v1.0_labelled/class_id/ULiege_CRA-W/0702_26_im1_2019_4_12_14_49_31_L.png,512,512,0.2808774709701538,0.11467383801937103,0.21353501081466675,10.319878651224784,21.35009765625,0.009918212890625,0.7640838623046875,77.87590026855469,6.324555320336759,1.0528564453125,6.490264603095357,115.94202898550725,60.450160771704184,276,13,32
ULiege_CRA-W,Source train,/icislab/volume3/benderick/futurama/gwfss25/GWFSS/GWFSS_v1.0_labelled/images/ULiege_CRA-W/0702_26_im1_2019_5_17_10_45_15_L.png,/icislab/volume3/benderick/futurama/gwfss25/GWFSS/GWFSS_v1.0_labelled/class_id/ULiege_CRA-W/0702_26_im1_2019_5_17_10_45_15_L.png,512,512,0.2188292145729065,0.18615038692951202,0.1702120453119278,16.333497371869477,15.877914428710938,0.0,0.0,84.12208557128906,,0.0,,,,0,0,0
ULiege_CRA-W,Source train,/icislab/volume3/benderick/futurama/gwfss25/GWFSS/GWFSS_v1.0_labelled/images/ULiege_CRA-W/0702_26_im1_2019_5_3_10_23_37_L.png,/icislab/volume3/benderick/futurama/gwfss25/GWFSS/GWFSS_v1.0_labelled/class_id/ULiege_CRA-W/0702_26_im1_2019_5_3_10_23_37_L.png,512,512,0.14370819926261902,0.1178017258644104,0.10760320723056793,10.372409673688628,7.4542999267578125,0.0,0.3093719482421875,92.236328125,8.94427190999916,0.3204345703125,2.466091245376079,59.523809523809526,100.0,84,2,5
ULiege_CRA-W,Source train,/icislab/volume3/benderick/futurama/gwfss25/GWFSS/GWFSS_v1.0_labelled/images/ULiege_CRA-W/0702_26_im1_2019_6_4_9_45_2_L.png,/icislab/volume3/benderick/futurama/gwfss25/GWFSS/GWFSS_v1.0_labelled/class_id/ULiege_CRA-W/0702_26_im1_2019_6_4_9_45_2_L.png,512,512,0.2140120565891266,0.23170101642608643,0.1420699805021286,18.866586249806776,14.1448974609375,3.122711181640625,1.0791778564453125,81.65321350097656,10.770329614269007,0.89263916015625,2.8278543655001767,81.19658119658119,85.53345388788426,234,8,19
ULiege_CRA-W,Source train,/icislab/volume3/benderick/futurama/gwfss25/GWFSS/GWFSS_v1.0_labelled/images/ULiege_CRA-W/0702_26_im1_2019_7_15_15_5_58_L.png,/icislab/volume3/benderick/futurama/gwfss25/GWFSS/GWFSS_v1.0_labelled/class_id/ULiege_CRA-W/0702_26_im1_2019_7_15_15_5_58_L.png,512,512,0.2674916386604309,0.24858447909355164,0.11006969958543777,18.083483722933874,22.42584228515625,28.640365600585938,4.5932769775390625,44.34051513671875,7.211102550927978,5.7830810546875,2.906735320986629,60.02638522427441,76.17858257883235,1516,35,91
ULiege_CRA-W,Source train,/icislab/volume3/benderick/futurama/gwfss25/GWFSS/GWFSS_v1.0_labelled/images/ULiege_CRA-W/0702_26_im2_2019_6_4_9_45_18_L.png,/icislab/volume3/benderick/futurama/gwfss25/GWFSS/GWFSS_v1.0_labelled/class_id/ULiege_CRA-W/0702_26_im2_2019_6_4_9_45_18_L.png,512,512,0.22301165759563446,0.2407638430595398,0.15273010730743408,20.02302686320231,17.09442138671875,1.9794464111328125,0.2227783203125,80.70335388183594,8.0,0.16021728515625,6.8493150684931505,214.28571428571428,96.05263157894737,42,4,9
ULiege_CRA-W,Source train,/icislab/volume3/benderick/futurama/gwfss25/GWFSS/GWFSS_v1.0_labelled/images/ULiege_CRA-W/0801_30_im3_2019_7_15_15_1_11_L.png,/icislab/volume3/benderick/futurama/gwfss25/GWFSS/GWFSS_v1.0_labelled/class_id/ULiege_CRA-W/0801_30_im3_2019_7_15_15_1_11_L.png,512,512,0.22717814147472382,0.2381981760263443,0.1119643896818161,17.624676222384462,24.45831298828125,20.41168212890625,4.056549072265625,51.073455810546875,8.246211251235321,4.34112548828125,2.0688358096671053,46.57293497363796,60.74844074844075,1138,22,53
ULiege_CRA-W,Source train,/icislab/volume3/benderick/futurama/gwfss25/GWFSS/GWFSS_v1.0_labelled/images/ULiege_CRA-W/0802_02_im1_2020_6_9_9_46_28_L776.png,/icislab/volume3/benderick/futurama/gwfss25/GWFSS/GWFSS_v1.0_labelled/class_id/ULiege_CRA-W/0802_02_im1_2020_6_9_9_46_28_L776.png,512,512,0.17693321406841278,0.16663382947444916,0.11285530775785446,12.046128146811968,9.563446044921875,11.5692138671875,1.9435882568359375,76.92375183105469,6.324555320336759,2.44903564453125,7.458292443572129,132.39875389408098,93.65791159513132,642,38,85
ULiege_CRA-W,Source train,/icislab/volume3/benderick/futurama/gwfss25/GWFSS/GWFSS_v1.0_labelled/images/ULiege_CRA-W/0807_01_im4_2020_5_12_11_11_4_L776.png,/icislab/volume3/benderick/futurama/gwfss25/GWFSS/GWFSS_v1.0_labelled/class_id/ULiege_CRA-W/0807_01_im4_2020_5_12_11_11_4_L776.png,512,512,0.2787265479564667,0.11360318958759308,0.15251833200454712,9.566590468279985,50.05760192871094,0.0,1.284027099609375,48.65837097167969,8.0,1.495361328125,3.8621509209744502,81.63265306122449,73.85844748858447,392,13,32
ULiege_CRA-W,Source train,/icislab/volume3/benderick/futurama/gwfss25/GWFSS/GWFSS_v1.0_labelled/images/ULiege_CRA-W/0807_01_im4_2020_6_9_10_8_50_L776.png,/icislab/volume3/benderick/futurama/gwfss25/GWFSS/GWFSS_v1.0_labelled/class_id/ULiege_CRA-W/0807_01_im4_2020_6_9_10_8_50_L776.png,512,512,0.18542172014713287,0.16096042096614838,0.1208474338054657,11.78840485365542,19.929885864257812,7.0461273193359375,1.337432861328125,71.68655395507812,6.0,1.85394287109375,9.12721049629207,148.14814814814815,94.36026936026936,486,32,72
ULiege_CRA-W,Source train,/icislab/volume3/benderick/futurama/gwfss25/GWFSS/GWFSS_v1.0_labelled/images/ULiege_CRA-W/0811_12_im4_2020_7_22_10_41_53_L776.png,/icislab/volume3/benderick/futurama/gwfss25/GWFSS/GWFSS_v1.0_labelled/class_id/ULiege_CRA-W/0811_12_im4_2020_7_22_10_41_53_L776.png,512,512,0.13653478026390076,0.16610859334468842,0.03642583638429642,12.289902351666948,55.90400695800781,23.991775512695312,4.114532470703125,15.98968505859375,6.0,6.130218505859375,1.9469682922306695,36.092097075295584,34.015892420537895,1607,21,58
ULiege_CRA-W,Source train,/icislab/volume3/benderick/futurama/gwfss25/GWFSS/GWFSS_v1.0_labelled/images/ULiege_CRA-W/0923_96_im1_2021_06_29_14_07_05_L776.png,/icislab/volume3/benderick/futurama/gwfss25/GWFSS/GWFSS_v1.0_labelled/class_id/ULiege_CRA-W/0923_96_im1_2021_06_29_14_07_05_L776.png,512,512,0.16268053650856018,0.1612214744091034,0.11455231159925461,13.244372496635018,32.108306884765625,17.039108276367188,0.8129119873046875,50.0396728515625,5.656854249492381,1.277923583984375,7.977475363679024,104.4776119402985,24.530663329161452,335,17,35
ULiege_CRA-W,Source train,/icislab/volume3/benderick/futurama/gwfss25/GWFSS/GWFSS_v1.0_labelled/images/ULiege_CRA-W/0923_96_im1_2021_07_12_13_38_35_L776.png,/icislab/volume3/benderick/futurama/gwfss25/GWFSS/GWFSS_v1.0_labelled/class_id/ULiege_CRA-W/0923_96_im1_2021_07_12_13_38_35_L776.png,512,512,0.15620407462120056,0.15959955751895905,0.08851023763418198,12.544684746118456,33.85887145996094,12.995147705078125,0.24566650390625,52.90031433105469,4.47213595499958,0.423431396484375,9.316770186335404,108.10810810810811,52.12355212355212,111,6,12
ULiege_CRA-W,Source train,/icislab/volume3/benderick/futurama/gwfss25/GWFSS/GWFSS_v1.0_labelled/images/ULiege_CRA-W/0924_75_im4_2021_07_12_13_38_07_L776.png,/icislab/volume3/benderick/futurama/gwfss25/GWFSS/GWFSS_v1.0_labelled/class_id/ULiege_CRA-W/0924_75_im4_2021_07_12_13_38_07_L776.png,512,512,0.1795511394739151,0.1667703241109848,0.09413746744394302,12.300146066300137,10.464859008789062,20.425796508789062,1.99432373046875,67.11502075195312,5.656854249492381,3.23486328125,5.929609793420046,81.36792452830188,90.36649214659685,848,31,69
ULiege_CRA-W,Source train,/icislab/volume3/benderick/futurama/gwfss25/GWFSS/GWFSS_v1.0_labelled/images/ULiege_CRA-W/0926_21_im4_2021_07_12_13_36_07_L776.png,/icislab/volume3/benderick/futurama/gwfss25/GWFSS/GWFSS_v1.0_labelled/class_id/ULiege_CRA-W/0926_21_im4_2021_07_12_13_36_07_L776.png,512,512,0.14854101836681366,0.1598905771970749,0.08055909723043442,12.369945124696017,9.3994140625,18.3929443359375,3.8860321044921875,68.32160949707031,8.0,4.253387451171875,2.454108177088446,52.01793721973094,91.72185430463576,1115,25,58
ULiege_CRA-W,Source train,/icislab/volume3/benderick/futurama/gwfss25/GWFSS/GWFSS_v1.0_labelled/images/ULiege_CRA-W/0928_114_im3_2021_06_29_14_02_19_L776.png,/icislab/volume3/benderick/futurama/gwfss25/GWFSS/GWFSS_v1.0_labelled/class_id/ULiege_CRA-W/0928_114_im3_2021_06_29_14_02_19_L776.png,512,512,0.193954735994339,0.16062723100185394,0.12722130119800568,12.93208210995517,26.811599731445312,16.292190551757812,1.556396484375,55.339813232421875,4.47213595499958,2.925872802734375,6.862745098039215,75.61929595827901,49.582836710369484,767,28,58
ULiege_CRA-W,Source train,/icislab/volume3/benderick/futurama/gwfss25/GWFSS/GWFSS_v1.0_labelled/images/ULiege_CRA-W/0933_63_im2_2021_07_12_13_28_23_L776.png,/icislab/volume3/benderick/futurama/gwfss25/GWFSS/GWFSS_v1.0_labelled/class_id/ULiege_CRA-W/0933_63_im2_2021_07_12_13_28_23_L776.png,512,512,0.24365797638893127,0.18450486660003662,0.12563839554786682,14.450816594672734,8.58001708984375,15.330886840820312,1.807403564453125,74.28169250488281,6.0,2.445220947265625,4.643309413254538,82.6833073322933,96.32963988919667,641,22,53
ULiege_CRA-W,Source train,/icislab/volume3/benderick/futurama/gwfss25/GWFSS/GWFSS_v1.0_labelled/images/ULiege_CRA-W/0939_39_im1_2021_07_12_13_22_09_L776.png,/icislab/volume3/benderick/futurama/gwfss25/GWFSS/GWFSS_v1.0_labelled/class_id/ULiege_CRA-W/0939_39_im1_2021_07_12_13_22_09_L776.png,512,512,0.25070568919181824,0.21834051609039307,0.11967146396636963,15.050424126311196,5.602264404296875,52.59666442871094,3.664398193359375,38.13667297363281,7.211102550927978,4.619598388671875,2.2902352696231523,43.76548307184145,77.36801242236025,1211,22,53
ULiege_CRA-W,Source train,/icislab/volume3/benderick/futurama/gwfss25/GWFSS/GWFSS_v1.0_labelled/images/ULiege_CRA-W/0941_18_im4_2021_06_29_13_48_32_L776.png,/icislab/volume3/benderick/futurama/gwfss25/GWFSS/GWFSS_v1.0_labelled/class_id/ULiege_CRA-W/0941_18_im4_2021_06_29_13_48_32_L776.png,512,512,0.12769334018230438,0.136092409491539,0.08075549453496933,11.213396772448906,15.0543212890625,15.8843994140625,2.5081634521484375,66.55311584472656,6.324555320336759,3.368377685546875,3.346007604562738,58.89014722536806,79.86472424557752,883,22,52
ULiege_CRA-W,Source train,/icislab/volume3/benderick/futurama/gwfss25/GWFSS/GWFSS_v1.0_labelled/images/ULiege_CRA-W/0941_18_im4_2021_07_12_13_20_44_L776.png,/icislab/volume3/benderick/futurama/gwfss25/GWFSS/GWFSS_v1.0_labelled/class_id/ULiege_CRA-W/0941_18_im4_2021_07_12_13_20_44_L776.png,512,512,0.1817815750837326,0.17804238200187683,0.0946127250790596,13.115638516631302,9.764862060546875,30.657577514648438,2.1495819091796875,57.427978515625,7.211102550927978,2.536773681640625,3.0168589174800355,55.6390977443609,80.67340067340068,665,17,37
ULiege_CRA-W,Source train,/icislab/volume3/benderick/futurama/gwfss25/GWFSS/GWFSS_v1.0_labelled/images/ULiege_CRA-W/1000_00_im4_2021_05_28_10_00_29_L776.png,/icislab/volume3/benderick/futurama/gwfss25/GWFSS/GWFSS_v1.0_labelled/class_id/ULiege_CRA-W/1000_00_im4_2021_05_28_10_00_29_L776.png,512,512,0.14683277904987335,0.12230473756790161,0.10888536274433136,11.721242244333821,45.2178955078125,0.0,0.42266845703125,54.35943603515625,6.324555320336759,0.507354736328125,6.317689530685921,105.26315789473684,89.2063492063492,133,7,14
ULiege_CRA-W,Source train,/icislab/volume3/benderick/futurama/gwfss25/GWFSS/GWFSS_v1.0_labelled/images/ULiege_CRA-W/1008_01_im2_2019_4_12_15_7_27_L.png,/icislab/volume3/benderick/futurama/gwfss25/GWFSS/GWFSS_v1.0_labelled/class_id/ULiege_CRA-W/1008_01_im2_2019_4_12_15_7_27_L.png,512,512,0.3946959972381592,0.1424797624349594,0.298188716173172,14.36004730986483,51.60980224609375,0.0,0.836181640625,47.55401611328125,8.0,0.911712646484375,4.105839416058394,83.68200836820084,77.37226277372262,239,9,20
ULiege_CRA-W,Source train,/icislab/volume3/benderick/futurama/gwfss25/GWFSS/GWFSS_v1.0_labelled/images/ULiege_CRA-W/1011_01_im4_2019_5_17_11_4_38_L.png,/icislab/volume3/benderick/futurama/gwfss25/GWFSS/GWFSS_v1.0_labelled/class_id/ULiege_CRA-W/1011_01_im4_2019_5_17_11_4_38_L.png,512,512,0.3130439817905426,0.23054610192775726,0.19568470120429993,19.429110063853045,34.55696105957031,0.0,0.200653076171875,65.24238586425781,6.324555320336759,0.232696533203125,9.505703422053232,196.72131147540983,98.27586206896552,61,5,12
ULiege_CRA-W,Source train,/icislab/volume3/benderick/futurama/gwfss25/GWFSS/GWFSS_v1.0_labelled/images/ULiege_CRA-W/1011_01_im4_2019_5_3_10_44_31_L.png,/icislab/volume3/benderick/futurama/gwfss25/GWFSS/GWFSS_v1.0_labelled/class_id/ULiege_CRA-W/1011_01_im4_2019_5_3_10_44_31_L.png,512,512,0.25523021817207336,0.17291347682476044,0.18767225742340088,15.553082238608901,23.478317260742188,0.0,0.469207763671875,76.05247497558594,6.324555320336759,0.591278076171875,6.504065040650406,103.2258064516129,88.6426592797784,155,8,16
ULiege_CRA-W,Source train,/icislab/volume3/benderick/futurama/gwfss25/GWFSS/GWFSS_v1.0_labelled/images/ULiege_CRA-W/1011_01_im4_2019_6_4_10_18_29_L.png,/icislab/volume3/benderick/futurama/gwfss25/GWFSS/GWFSS_v1.0_labelled/class_id/ULiege_CRA-W/1011_01_im4_2019_6_4_10_18_29_L.png,512,512,0.21626079082489014,0.20713208615779877,0.15282317996025085,17.714879403962165,26.248550415039062,2.16064453125,0.76141357421875,70.82939147949219,6.324555320336759,0.835418701171875,6.513026052104208,118.72146118721462,95.27972027972028,219,13,26
ULiege_CRA-W,Source train,/icislab/volume3/benderick/futurama/gwfss25/GWFSS/GWFSS_v1.0_labelled/images/ULiege_CRA-W/1015_11_im3_2019_4_12_15_38_2_L.png,/icislab/volume3/benderick/futurama/gwfss25/GWFSS/GWFSS_v1.0_labelled/class_id/ULiege_CRA-W/1015_11_im3_2019_4_12_15_38_2_L.png,512,512,0.34475454688072205,0.09918837249279022,0.23558685183525085,9.797693413658115,40.19317626953125,0.0,0.276947021484375,59.529876708984375,4.47213595499958,0.51116943359375,8.264462809917354,104.4776119402985,94.31438127090301,134,6,14
ULiege_CRA-W,Source train,/icislab/volume3/benderick/futurama/gwfss25/GWFSS/GWFSS_v1.0_labelled/images/ULiege_CRA-W/1101_30_im2_2019_4_12_14_45_24_L.png,/icislab/volume3/benderick/futurama/gwfss25/GWFSS/GWFSS_v1.0_labelled/class_id/ULiege_CRA-W/1101_30_im2_2019_4_12_14_45_24_L.png,512,512,0.3415030241012573,0.1292092651128769,0.24950659275054932,11.383652664063849,26.50909423828125,0.0,0.0,73.49090576171875,,0.0,,,,0,0,0
ULiege_CRA-W,Source train,/icislab/volume3/benderick/futurama/gwfss25/GWFSS/GWFSS_v1.0_labelled/images/ULiege_CRA-W/1102_11_im2_2019_5_17_10_43_26_L.png,/icislab/volume3/benderick/futurama/gwfss25/GWFSS/GWFSS_v1.0_labelled/class_id/ULiege_CRA-W/1102_11_im2_2019_5_17_10_43_26_L.png,512,512,0.26009875535964966,0.20687395334243774,0.18795724213123322,17.497109381394516,14.719009399414062,0.0,1.248931884765625,84.03205871582031,6.767828935632369,1.53350830078125,6.414172266340867,114.42786069651741,87.55186721991701,402,21,46
ULiege_CRA-W,Source train,/icislab/volume3/benderick/futurama/gwfss25/GWFSS/GWFSS_v1.0_labelled/images/ULiege_CRA-W/1106_15_im2_2019_5_3_10_30_44_L.png,/icislab/volume3/benderick/futurama/gwfss25/GWFSS/GWFSS_v1.0_labelled/class_id/ULiege_CRA-W/1106_15_im2_2019_5_3_10_30_44_L.png,512,512,0.1497947871685028,0.11467097699642181,0.10754507035017014,10.237281751980563,16.077041625976562,0.0,0.0,83.92295837402344,,0.0,,,,0,0,0
ULiege_CRA-W,Source train,/icislab/volume3/benderick/futurama/gwfss25/GWFSS/GWFSS_v1.0_labelled/images/ULiege_CRA-W/1113_26_im4_2019_4_12_15_32_21_L.png,/icislab/volume3/benderick/futurama/gwfss25/GWFSS/GWFSS_v1.0_labelled/class_id/ULiege_CRA-W/1113_26_im4_2019_4_12_15_32_21_L.png,512,512,0.29375699162483215,0.10164283961057663,0.20725516974925995,9.617452895130862,21.926116943359375,0.0,1.1547088623046875,76.91917419433594,7.211102550927978,1.323699951171875,5.946481665014867,118.15561959654178,90.29239766081871,347,18,41
ULiege_CRA-W,Source train,/icislab/volume3/benderick/futurama/gwfss25/GWFSS/GWFSS_v1.0_labelled/images/ULiege_CRA-W/1128_36_im1_2021_07_12_13_44_41_L776.png,/icislab/volume3/benderick/futurama/gwfss25/GWFSS/GWFSS_v1.0_labelled/class_id/ULiege_CRA-W/1128_36_im1_2021_07_12_13_44_41_L776.png,512,512,0.1368664652109146,0.14998759329319,0.07619049400091171,11.393319960457458,9.300994873046875,16.614532470703125,2.1213531494140625,71.96311950683594,6.324555320336759,2.758026123046875,5.035065635677037,85.75380359612724,95.2439024390244,723,28,62
ULiege_CRA-W,Source train,/icislab/volume3/benderick/futurama/gwfss25/GWFSS/GWFSS_v1.0_labelled/images/ULiege_CRA-W/1133_90_im1_2021_06_29_14_19_28_L776.png,/icislab/volume3/benderick/futurama/gwfss25/GWFSS/GWFSS_v1.0_labelled/class_id/ULiege_CRA-W/1133_90_im1_2021_06_29_14_19_28_L776.png,512,512,0.15807034075260162,0.1485024243593216,0.10466991364955902,12.302783042858561,8.224868774414062,16.07666015625,2.202606201171875,73.49586486816406,6.0,3.01361083984375,5.368895046761344,87.34177215189874,85.85915492957747,790,31,69
ULiege_CRA-W,Source train,/icislab/volume3/benderick/futurama/gwfss25/GWFSS/GWFSS_v1.0_labelled/images/ULiege_CRA-W/1135_33_im1_2021_07_12_13_51_49_L776.png,/icislab/volume3/benderick/futurama/gwfss25/GWFSS/GWFSS_v1.0_labelled/class_id/ULiege_CRA-W/1135_33_im1_2021_07_12_13_51_49_L776.png,512,512,0.19484880566596985,0.17717599868774414,0.09432961046695709,13.676093184047463,12.694549560546875,15.904998779296875,2.2151947021484375,69.18525695800781,6.0,3.170013427734375,6.3716204580678495,92.65944645006017,89.30980799169694,831,37,77
ULiege_CRA-W,Source train,/icislab/volume3/benderick/futurama/gwfss25/GWFSS/GWFSS_v1.0_labelled/images/ULiege_CRA-W/1142_87_im3_2021_06_29_14_29_42_L776.png,/icislab/volume3/benderick/futurama/gwfss25/GWFSS/GWFSS_v1.0_labelled/class_id/ULiege_CRA-W/1142_87_im3_2021_06_29_14_29_42_L776.png,512,512,0.14172948896884918,0.1328524798154831,0.09625767171382904,10.781152884808687,3.73077392578125,11.5264892578125,2.4688720703125,82.27386474609375,8.0,2.7313232421875,3.553770086526576,76.81564245810056,94.61584996975196,716,23,55
ULiege_CRA-W,Source train,/icislab/volume3/benderick/futurama/gwfss25/GWFSS/GWFSS_v1.0_labelled/images/ULiege_CRA-W/1213_06_im1_2020_5_14_11_30_52_L776.png,/icislab/volume3/benderick/futurama/gwfss25/GWFSS/GWFSS_v1.0_labelled/class_id/ULiege_CRA-W/1213_06_im1_2020_5_14_11_30_52_L776.png,512,512,0.26701149344444275,0.13274554908275604,0.17142203450202942,10.851684572251697,29.89501953125,0.0,1.097869873046875,69.00711059570312,8.0,1.194000244140625,4.864489228630994,95.84664536741214,90.07633587786259,313,14,30
ULiege_CRA-W,Source train,/icislab/volume3/benderick/futurama/gwfss25/GWFSS/GWFSS_v1.0_labelled/images/ULiege_CRA-W/1214_01_im1_2020_6_11_14_1_55_L776.png,/icislab/volume3/benderick/futurama/gwfss25/GWFSS/GWFSS_v1.0_labelled/class_id/ULiege_CRA-W/1214_01_im1_2020_6_11_14_1_55_L776.png,512,512,0.1945609599351883,0.1239749863743782,0.1147296279668808,10.394924068466768,26.981735229492188,6.1656951904296875,1.163482666015625,65.6890869140625,6.0,1.5716552734375,9.836065573770492,157.76699029126215,69.36251189343483,412,30,65
ULiege_CRA-W,Source train,/icislab/volume3/benderick/futurama/gwfss25/GWFSS/GWFSS_v1.0_labelled/images/ULiege_CRA-W/1214_01_im1_2020_7_29_10_34_10_L776.png,/icislab/volume3/benderick/futurama/gwfss25/GWFSS/GWFSS_v1.0_labelled/class_id/ULiege_CRA-W/1214_01_im1_2020_7_29_10_34_10_L776.png,512,512,0.1483965814113617,0.16690456867218018,0.039672497659921646,12.025096074286367,57.49549865722656,20.927047729492188,1.9195556640625,19.65789794921875,6.0,2.55584716796875,4.372019077901431,71.64179104477611,52.51889168765743,670,22,48
ULiege_CRA-W,Source train,/icislab/volume3/benderick/futurama/gwfss25/GWFSS/GWFSS_v1.0_labelled/images/ULiege_CRA-W/1216_04_im2_2020_6_11_13_45_47_L776.png,/icislab/volume3/benderick/futurama/gwfss25/GWFSS/GWFSS_v1.0_labelled/class_id/ULiege_CRA-W/1216_04_im2_2020_6_11_13_45_47_L776.png,512,512,0.1272088885307312,0.13078749179840088,0.07921475172042847,10.043864776427855,20.327377319335938,6.6982269287109375,1.224517822265625,71.7498779296875,7.211102550927978,1.499176025390625,5.919003115264798,106.87022900763358,91.85185185185185,393,19,42
ULiege_CRA-W,Source train,/icislab/volume3/benderick/futurama/gwfss25/GWFSS/GWFSS_v1.0_labelled/images/ULiege_CRA-W/182_05_im1_2021_07_20_13_04_08_L776.png,/icislab/volume3/benderick/futurama/gwfss25/GWFSS/GWFSS_v1.0_labelled/class_id/ULiege_CRA-W/182_05_im1_2021_07_20_13_04_08_L776.png,512,512,0.19454547762870789,0.17450551688671112,0.05952243134379387,13.261941113986243,40.37666320800781,20.294570922851562,3.540802001953125,35.7879638671875,6.324555320336759,4.3182373046875,3.2320620555914674,60.07067137809187,33.59466875735006,1132,30,68
ULiege_CRA-W,Source train,/icislab/volume3/benderick/futurama/gwfss25/GWFSS/GWFSS_v1.0_labelled/images/ULiege_CRA-W/2036_15_im3_2019_6_25_10_54_10_L.png,/icislab/volume3/benderick/futurama/gwfss25/GWFSS/GWFSS_v1.0_labelled/class_id/ULiege_CRA-W/2036_15_im3_2019_6_25_10_54_10_L.png,512,512,0.17171555757522583,0.2029605656862259,0.11233432590961456,15.903137488484946,19.267654418945312,28.688812255859375,2.33154296875,49.71199035644531,10.0,2.288818359375,1.963350785340314,48.333333333333336,72.49434815373021,600,12,29
ULiege_CRA-W,Source train,/icislab/volume3/benderick/futurama/gwfss25/GWFSS/GWFSS_v1.0_labelled/images/ULiege_CRA-W/2745_25_im1_2018_06_05_09_38_44_2L.png,/icislab/volume3/benderick/futurama/gwfss25/GWFSS/GWFSS_v1.0_labelled/class_id/ULiege_CRA-W/2745_25_im1_2018_06_05_09_38_44_2L.png,512,512,0.47531214356422424,0.3204706013202667,0.28702813386917114,18.581991378255257,9.303665161132812,16.259765625,13.502883911132812,60.933685302734375,10.0,12.828826904296875,1.1582902505862078,34.49301219149569,82.90346352247605,3363,41,116
ULiege_CRA-W,Source train,/icislab/volume3/benderick/futurama/gwfss25/GWFSS/GWFSS_v1.0_labelled/images/ULiege_CRA-W/2745_25_im3_2018_04_11_11_03_06_1L.png,/icislab/volume3/benderick/futurama/gwfss25/GWFSS/GWFSS_v1.0_labelled/class_id/ULiege_CRA-W/2745_25_im3_2018_04_11_11_03_06_1L.png,512,512,0.4935307502746582,0.18715240061283112,0.31260165572166443,16.749975298080084,42.85011291503906,0.0,0.99945068359375,56.15043640136719,7.211102550927978,1.1749267578125,4.961832061068702,87.66233766233766,79.07608695652173,308,13,27
ULiege_CRA-W,Source train,/icislab/volume3/benderick/futurama/gwfss25/GWFSS/GWFSS_v1.0_labelled/images/ULiege_CRA-W/2749_23_im1_2018_07_04_15_24_55_1R.png,/icislab/volume3/benderick/futurama/gwfss25/GWFSS/GWFSS_v1.0_labelled/class_id/ULiege_CRA-W/2749_23_im1_2018_07_04_15_24_55_1R.png,512,512,0.3887043595314026,0.30339089035987854,0.1826556921005249,18.77424870355129,17.461776733398438,46.366119384765625,2.8697967529296875,33.30230712890625,8.48528137423857,2.76947021484375,2.1268111125880633,49.586776859504134,74.26937738246505,726,16,36
ULiege_CRA-W,Source train,/icislab/volume3/benderick/futurama/gwfss25/GWFSS/GWFSS_v1.0_labelled/images/ULiege_CRA-W/2749_23_im1_2018_07_04_15_24_55_2L.png,/icislab/volume3/benderick/futurama/gwfss25/GWFSS/GWFSS_v1.0_labelled/class_id/ULiege_CRA-W/2749_23_im1_2018_07_04_15_24_55_2L.png,512,512,0.459792822599411,0.3189050555229187,0.19444367289543152,18.009018284472784,13.64898681640625,46.091461181640625,8.439254760742188,31.820297241210938,10.0,8.43048095703125,1.3108529584595217,33.0316742081448,60.95591444783937,2210,29,73
ULiege_CRA-W,Source train,/icislab/volume3/benderick/futurama/gwfss25/GWFSS/GWFSS_v1.0_labelled/images/ULiege_CRA-W/2752_5_im1_2018_07_04_14_51_27_1R.png,/icislab/volume3/benderick/futurama/gwfss25/GWFSS/GWFSS_v1.0_labelled/class_id/ULiege_CRA-W/2752_5_im1_2018_07_04_14_51_27_1R.png,512,512,0.28170108795166016,0.2582569122314453,0.11259889602661133,17.44708469460173,51.34773254394531,12.930679321289062,1.3767242431640625,34.34486389160156,8.0,1.556396484375,2.2166805209199225,49.01960784313726,65.88785046728972,408,8,20
ULiege_CRA-W,Source train,/icislab/volume3/benderick/futurama/gwfss25/GWFSS/GWFSS_v1.0_labelled/images/ULiege_CRA-W/2812_02_im1_2022_07_25_11_27_00_L776.png,/icislab/volume3/benderick/futurama/gwfss25/GWFSS/GWFSS_v1.0_labelled/class_id/ULiege_CRA-W/2812_02_im1_2022_07_25_11_27_00_L776.png,512,512,0.1772519052028656,0.19132255017757416,0.05109863355755806,13.679324410959865,59.3963623046875,24.197006225585938,2.8583526611328125,13.54827880859375,6.0,4.413604736328125,3.6033631389296676,51.85825410544512,26.418219461697724,1157,27,60
ULiege_CRA-W,Source train,/icislab/volume3/benderick/futurama/gwfss25/GWFSS/GWFSS_v1.0_labelled/images/ULiege_CRA-W/2826_12_im2_2022_07_11_11_32_31_L776.png,/icislab/volume3/benderick/futurama/gwfss25/GWFSS/GWFSS_v1.0_labelled/class_id/ULiege_CRA-W/2826_12_im2_2022_07_11_11_32_31_L776.png,512,512,0.1436063051223755,0.1505245864391327,0.0533328652381897,10.981171624172756,60.05096435546875,13.064193725585938,1.2668609619140625,25.61798095703125,5.656854249492381,1.796722412109375,8.732309545317676,129.51167728237792,49.831932773109244,471,29,61
ULiege_CRA-W,Source train,/icislab/volume3/benderick/futurama/gwfss25/GWFSS/GWFSS_v1.0_labelled/images/ULiege_CRA-W/2932_12_im1_2022_07_25_10_53_13_L776.png,/icislab/volume3/benderick/futurama/gwfss25/GWFSS/GWFSS_v1.0_labelled/class_id/ULiege_CRA-W/2932_12_im1_2022_07_25_10_53_13_L776.png,512,512,0.13427577912807465,0.16233789920806885,0.03356460481882095,12.130825854509915,52.80113220214844,19.476318359375,2.4486541748046875,25.273895263671875,6.0,3.650665283203125,3.271537622682661,56.426332288401255,33.0849478390462,957,21,54
ULiege_CRA-W,Source train,/icislab/volume3/benderick/futurama/gwfss25/GWFSS/GWFSS_v1.0_labelled/images/ULiege_CRA-W/3002_03_im1_2022_07_25_11_43_32_L776.png,/icislab/volume3/benderick/futurama/gwfss25/GWFSS/GWFSS_v1.0_labelled/class_id/ULiege_CRA-W/3002_03_im1_2022_07_25_11_43_32_L776.png,512,512,0.19266748428344727,0.1744384914636612,0.06429886817932129,11.16664427803405,42.961883544921875,28.530502319335938,3.3123016357421875,25.1953125,6.0,4.878997802734375,4.837037890130139,71.93119624706802,47.03971119133574,1279,42,92
ULiege_CRA-W,Source train,/icislab/volume3/benderick/futurama/gwfss25/GWFSS/GWFSS_v1.0_labelled/images/ULiege_CRA-W/3060_1_im1_2018_04_09_12_48_40_1L.png,/icislab/volume3/benderick/futurama/gwfss25/GWFSS/GWFSS_v1.0_labelled/class_id/ULiege_CRA-W/3060_1_im1_2018_04_09_12_48_40_1L.png,512,512,0.4673304259777069,0.17242221534252167,0.296272337436676,16.048083124838527,38.445281982421875,0.0,1.3660430908203125,60.18867492675781,6.0,1.94549560546875,6.9812901424183185,107.84313725490196,72.0949957591179,510,25,55
ULiege_CRA-W,Source train,/icislab/volume3/benderick/futurama/gwfss25/GWFSS/GWFSS_v1.0_labelled/images/ULiege_CRA-W/3156_2_im3_2018_06_14_14_24_10_1R.png,/icislab/volume3/benderick/futurama/gwfss25/GWFSS/GWFSS_v1.0_labelled/class_id/ULiege_CRA-W/3156_2_im3_2018_06_14_14_24_10_1R.png,512,512,0.36335936188697815,0.2673218548297882,0.22888436913490295,17.223879788626977,38.986968994140625,7.550811767578125,1.336669921875,52.12554931640625,10.0,1.220703125,1.9977168949771689,46.875,65.19258202567761,320,7,15
ULiege_CRA-W,Source train,/icislab/volume3/benderick/futurama/gwfss25/GWFSS/GWFSS_v1.0_labelled/images/ULiege_CRA-W/3905_04_im1_2022_07_25_11_53_26_L776.png,/icislab/volume3/benderick/futurama/gwfss25/GWFSS/GWFSS_v1.0_labelled/class_id/ULiege_CRA-W/3905_04_im1_2022_07_25_11_53_26_L776.png,512,512,0.23449599742889404,0.22232089936733246,0.05804304778575897,16.170684870774878,22.5189208984375,34.815216064453125,5.5896759033203125,37.07618713378906,6.0,7.7056884765625,3.071043472326486,55.445544554455445,63.237657864523534,2020,45,112
ULiege_CRA-W,Source train,/icislab/volume3/benderick/futurama/gwfss25/GWFSS/GWFSS_v1.0_labelled/images/ULiege_CRA-W/4016_05_im2_2022_07_25_12_40_50_L776.png,/icislab/volume3/benderick/futurama/gwfss25/GWFSS/GWFSS_v1.0_labelled/class_id/ULiege_CRA-W/4016_05_im2_2022_07_25_12_40_50_L776.png,512,512,0.283618688583374,0.22510358691215515,0.07785654067993164,15.029542432031434,25.557327270507812,36.66419982910156,2.667236328125,35.111236572265625,6.324555320336759,3.398895263671875,4.719679633867277,86.41975308641975,59.578637922586964,891,33,77
ULiege_CRA-W,Source train,/icislab/volume3/benderick/futurama/gwfss25/GWFSS/GWFSS_v1.0_labelled/images/ULiege_CRA-W/4113_05_im1_2022_07_25_12_27_51_L776.png,/icislab/volume3/benderick/futurama/gwfss25/GWFSS/GWFSS_v1.0_labelled/class_id/ULiege_CRA-W/4113_05_im1_2022_07_25_12_27_51_L776.png,512,512,0.21045002341270447,0.20192991197109222,0.051591191440820694,14.45535736187447,27.102279663085938,28.409194946289062,3.328704833984375,41.159820556640625,6.0,4.947662353515625,3.323401329360532,62.451811873554355,68.57142857142857,1297,29,81
ULiege_CRA-W,Source train,/icislab/volume3/benderick/futurama/gwfss25/GWFSS/GWFSS_v1.0_labelled/images/ULiege_CRA-W/4241_24_im1_2019_5_16_11_48_36_L.png,/icislab/volume3/benderick/futurama/gwfss25/GWFSS/GWFSS_v1.0_labelled/class_id/ULiege_CRA-W/4241_24_im1_2019_5_16_11_48_36_L.png,512,512,0.21808096766471863,0.22912754118442535,0.14827890694141388,18.100035105087596,41.25404357910156,0.0,0.1953125,58.55064392089844,7.211102550927978,0.244140625,5.859375,109.375,62.32876712328767,64,3,7
ULiege_CRA-W,Source train,/icislab/volume3/benderick/futurama/gwfss25/GWFSS/GWFSS_v1.0_labelled/images/ULiege_CRA-W/4241_24_im1_2019_7_17_11_12_55_L.png,/icislab/volume3/benderick/futurama/gwfss25/GWFSS/GWFSS_v1.0_labelled/class_id/ULiege_CRA-W/4241_24_im1_2019_7_17_11_12_55_L.png,512,512,0.20477887988090515,0.22970613837242126,0.06932173669338226,16.76914565858631,24.836349487304688,28.693389892578125,3.3679962158203125,43.102264404296875,8.48528137423857,3.33404541015625,2.2652622041001247,56.06407322654462,77.76,874,20,49
ULiege_CRA-W,Source train,/icislab/volume3/benderick/futurama/gwfss25/GWFSS/GWFSS_v1.0_labelled/images/ULiege_CRA-W/4241_24_im2_2019_7_22_11_20_41_L.png,/icislab/volume3/benderick/futurama/gwfss25/GWFSS/GWFSS_v1.0_labelled/class_id/ULiege_CRA-W/4241_24_im2_2019_7_22_11_20_41_L.png,512,512,0.19023452699184418,0.20881959795951843,0.044254787266254425,14.898228757896002,38.4033203125,12.149429321289062,2.452850341796875,46.99440002441406,8.246211251235321,2.54058837890625,3.7325038880248833,85.58558558558559,61.612021857923494,666,24,57
ULiege_CRA-W,Source train,/icislab/volume3/benderick/futurama/gwfss25/GWFSS/GWFSS_v1.0_labelled/images/ULiege_CRA-W/4241_24_im3_2019_7_17_11_13_39_L.png,/icislab/volume3/benderick/futurama/gwfss25/GWFSS/GWFSS_v1.0_labelled/class_id/ULiege_CRA-W/4241_24_im3_2019_7_17_11_13_39_L.png,512,512,0.31877583265304565,0.3011053502559662,0.12145331501960754,20.27205681498052,16.1956787109375,38.27056884765625,2.742767333984375,42.790985107421875,8.0,3.173828125,2.5034770514603615,54.08653846153846,71.78899082568807,832,18,45
ULiege_CRA-W,Source train,/icislab/volume3/benderick/futurama/gwfss25/GWFSS/GWFSS_v1.0_labelled/images/ULiege_CRA-W/4251_01_im1_2019_7_17_10_14_47_L.png,/icislab/volume3/benderick/futurama/gwfss25/GWFSS/GWFSS_v1.0_labelled/class_id/ULiege_CRA-W/4251_01_im1_2019_7_17_10_14_47_L.png,512,512,0.29572993516921997,0.2496941238641739,0.06773225963115692,17.05972472158305,56.92024230957031,9.006118774414062,2.3468017578125,31.726837158203125,8.246211251235321,2.37274169921875,3.413524057217165,78.7781350482315,59.4113620807666,622,21,49
ULiege_CRA-W,Source train,/icislab/volume3/benderick/futurama/gwfss25/GWFSS/GWFSS_v1.0_labelled/images/ULiege_CRA-W/4251_01_im4_2019_4_29_15_35_34_L.png,/icislab/volume3/benderick/futurama/gwfss25/GWFSS/GWFSS_v1.0_labelled/class_id/ULiege_CRA-W/4251_01_im4_2019_4_29_15_35_34_L.png,512,512,0.35812461376190186,0.2494959831237793,0.20695538818836212,20.42367582709468,50.65650939941406,0.0,0.0,49.34349060058594,,0.0,,,,0,0,0
ULiege_CRA-W,Source train,/icislab/volume3/benderick/futurama/gwfss25/GWFSS/GWFSS_v1.0_labelled/images/ULiege_CRA-W/4347_01_im2_2019_6_6_14_45_6_L.png,/icislab/volume3/benderick/futurama/gwfss25/GWFSS/GWFSS_v1.0_labelled/class_id/ULiege_CRA-W/4347_01_im2_2019_6_6_14_45_6_L.png,512,512,0.27560582756996155,0.2011525183916092,0.2063298523426056,16.79410033266821,24.822616577148438,5.866241455078125,3.3191680908203125,65.99197387695312,8.0,3.4027099609375,4.367314101827376,93.04932735426009,91.64711403097138,892,38,83
ULiege_CRA-W,Source train,/icislab/volume3/benderick/futurama/gwfss25/GWFSS/GWFSS_v1.0_labelled/images/ULiege_CRA-W/4347_01_im3_2019_7_17_10_52_57_L.png,/icislab/volume3/benderick/futurama/gwfss25/GWFSS/GWFSS_v1.0_labelled/class_id/ULiege_CRA-W/4347_01_im3_2019_7_17_10_52_57_L.png,512,512,0.22794656455516815,0.21974749863147736,0.055893365293741226,14.55142558968472,50.82244873046875,16.60614013671875,2.880096435546875,29.691314697265625,8.246211251235321,2.864837646484375,3.1788079470198674,78.56191744340879,64.14868105515588,751,24,59
ULiege_CRA-W,Source train,/icislab/volume3/benderick/futurama/gwfss25/GWFSS/GWFSS_v1.0_labelled/images/ULiege_CRA-W/4347_01_im4_2019_7_22_11_0_3_L.png,/icislab/volume3/benderick/futurama/gwfss25/GWFSS/GWFSS_v1.0_labelled/class_id/ULiege_CRA-W/4347_01_im4_2019_7_22_11_0_3_L.png,512,512,0.24006716907024384,0.23974739015102386,0.06065420061349869,15.80249749607051,37.213134765625,18.159103393554688,2.0694732666015625,42.55828857421875,8.94427190999916,1.96075439453125,2.9493087557603688,66.147859922179,79.26829268292683,514,16,34
ULiege_CRA-W,Source train,/icislab/volume3/benderick/futurama/gwfss25/GWFSS/GWFSS_v1.0_labelled/images/ULiege_CRA-W/4627_04_im1_2021_03_10_12_34_39_L776.png,/icislab/volume3/benderick/futurama/gwfss25/GWFSS/GWFSS_v1.0_labelled/class_id/ULiege_CRA-W/4627_04_im1_2021_03_10_12_34_39_L776.png,512,512,0.2143777459859848,0.09481894224882126,0.07728192955255508,7.269926514888326,75.39176940917969,0.0,0.0,24.608230590820312,,0.0,,,,0,0,0
ULiege_CRA-W,Source train,/icislab/volume3/benderick/futurama/gwfss25/GWFSS/GWFSS_v1.0_labelled/images/ULiege_CRA-W/4627_04_im1_2021_04_08_12_02_16_L776.png,/icislab/volume3/benderick/futurama/gwfss25/GWFSS/GWFSS_v1.0_labelled/class_id/ULiege_CRA-W/4627_04_im1_2021_04_08_12_02_16_L776.png,512,512,0.4572204351425171,0.14664655923843384,0.26154810190200806,14.179872960813544,41.771697998046875,0.0,0.1434326171875,58.084869384765625,4.47213595499958,0.263214111328125,13.297872340425531,144.92753623188406,82.94117647058823,69,5,10
ULiege_CRA-W,Source train,/icislab/volume3/benderick/futurama/gwfss25/GWFSS/GWFSS_v1.0_labelled/images/ULiege_CRA-W/4631_01_im4_2021_03_10_12_24_53_L776.png,/icislab/volume3/benderick/futurama/gwfss25/GWFSS/GWFSS_v1.0_labelled/class_id/ULiege_CRA-W/4631_01_im4_2021_03_10_12_24_53_L776.png,512,512,0.32257896661758423,0.14629551768302917,0.123148113489151,12.021538779311243,76.96762084960938,0.0,0.0385284423828125,22.993850708007812,4.47213595499958,0.05340576171875,19.801980198019802,285.7142857142857,67.44186046511628,14,2,4
ULiege_CRA-W,Source train,/icislab/volume3/benderick/futurama/gwfss25/GWFSS/GWFSS_v1.0_labelled/images/ULiege_CRA-W/4631_01_im4_2021_04_21_12_14_54_L776.png,/icislab/volume3/benderick/futurama/gwfss25/GWFSS/GWFSS_v1.0_labelled/class_id/ULiege_CRA-W/4631_01_im4_2021_04_21_12_14_54_L776.png,512,512,0.40106621384620667,0.15042679011821747,0.19412162899971008,11.956692152280876,52.95906066894531,0.0,1.4545440673828125,45.586395263671875,5.656854249492381,2.38037109375,8.130081300813009,108.97435897435898,52.30875258442453,624,31,68
ULiege_CRA-W,Source train,/icislab/volume3/benderick/futurama/gwfss25/GWFSS/GWFSS_v1.0_labelled/images/ULiege_CRA-W/4632_08_im4_2021_04_15_14_08_32_L776.png,/icislab/volume3/benderick/futurama/gwfss25/GWFSS/GWFSS_v1.0_labelled/class_id/ULiege_CRA-W/4632_08_im4_2021_04_15_14_08_32_L776.png,512,512,0.4141028821468353,0.15114808082580566,0.2629827857017517,14.683232161120763,38.544464111328125,0.0,1.00860595703125,60.446929931640625,5.656854249492381,1.720428466796875,10.211800302571861,121.95121951219512,66.88804554079697,451,27,55
ULiege_CRA-W,Source train,/icislab/volume3/benderick/futurama/gwfss25/GWFSS/GWFSS_v1.0_labelled/images/ULiege_CRA-W/4633_05_im3_2021_04_15_14_07_12_L776.png,/icislab/volume3/benderick/futurama/gwfss25/GWFSS/GWFSS_v1.0_labelled/class_id/ULiege_CRA-W/4633_05_im3_2021_04_15_14_07_12_L776.png,512,512,0.35669174790382385,0.16097407042980194,0.2594037353992462,14.690726674254154,21.854019165039062,0.0,0.955963134765625,77.19001770019531,6.0,1.50299072265625,9.177972865123703,121.8274111675127,83.3508956796628,394,23,48
ULiege_CRA-W,Source train,/icislab/volume3/benderick/futurama/gwfss25/GWFSS/GWFSS_v1.0_labelled/images/ULiege_CRA-W/4727_01_im1_2021_07_08_12_57_22_L776.png,/icislab/volume3/benderick/futurama/gwfss25/GWFSS/GWFSS_v1.0_labelled/class_id/ULiege_CRA-W/4727_01_im1_2021_07_08_12_57_22_L776.png,512,512,0.20722539722919464,0.18504978716373444,0.09815316647291183,15.72560287968771,48.84796142578125,7.9715728759765625,2.866363525390625,40.31410217285156,7.211102550927978,3.711700439453125,5.3233963268565345,102.77492291880782,64.69278717720391,973,40,100
ULiege_CRA-W,Source train,/icislab/volume3/benderick/futurama/gwfss25/GWFSS/GWFSS_v1.0_labelled/images/ULiege_CRA-W/4840_04_im1_2021_04_08_11_15_20_L776.png,/icislab/volume3/benderick/futurama/gwfss25/GWFSS/GWFSS_v1.0_labelled/class_id/ULiege_CRA-W/4840_04_im1_2021_04_08_11_15_20_L776.png,512,512,0.4133501946926117,0.15338757634162903,0.26913589239120483,14.62309149613949,27.738571166992188,0.0091552734375,1.1455535888671875,71.10671997070312,5.656854249492381,1.728057861328125,7.659007659007659,112.58278145695364,74.62264150943396,453,23,51
ULiege_CRA-W,Source train,/icislab/volume3/benderick/futurama/gwfss25/GWFSS/GWFSS_v1.0_labelled/images/ULiege_CRA-W/BS1-2A_BS1-25_im1_2021_07_19_13_53_40_L776.png,/icislab/volume3/benderick/futurama/gwfss25/GWFSS/GWFSS_v1.0_labelled/class_id/ULiege_CRA-W/BS1-2A_BS1-25_im1_2021_07_19_13_53_40_L776.png,512,512,0.1917838752269745,0.19026805460453033,0.05401818826794624,13.088644613802469,23.168182373046875,34.2132568359375,3.7975311279296875,38.82102966308594,6.324555320336759,4.978179931640625,3.11401305876444,59.00383141762452,66.0057678442682,1305,31,77
UQ_new,Target test,/icislab/volume3/benderick/futurama/gwfss25/GWFSS/GWFSS_v1.0_labelled/images/UQ_new/01e450c12030987c6575c6ff23a6200edb7893d4.png,/icislab/volume3/benderick/futurama/gwfss25/GWFSS/GWFSS_v1.0_labelled/class_id/UQ_new/01e450c12030987c6575c6ff23a6200edb7893d4.png,512,512,0.268574982881546,0.2665262222290039,0.11613121628761292,14.916303686911029,59.40399169921875,0.0,0.2742767333984375,40.32173156738281,8.48528137423857,0.2899169921875,4.172461752433936,92.10526315789474,87.07482993197279,76,3,7
UQ_new,Target test,/icislab/volume3/benderick/futurama/gwfss25/GWFSS/GWFSS_v1.0_labelled/images/UQ_new/03aa76b65d01a3b27a0d05ce1048490f784f062d.png,/icislab/volume3/benderick/futurama/gwfss25/GWFSS/GWFSS_v1.0_labelled/class_id/UQ_new/03aa76b65d01a3b27a0d05ce1048490f784f062d.png,512,512,0.34727975726127625,0.301550030708313,0.29939958453178406,18.767888313348404,16.64581298828125,0.0,0.0,83.35418701171875,,0.0,,,,0,0,0
UQ_new,Target test,/icislab/volume3/benderick/futurama/gwfss25/GWFSS/GWFSS_v1.0_labelled/images/UQ_new/04ab812fa5645d0ec65a5b893dd55cc689dc525e.png,/icislab/volume3/benderick/futurama/gwfss25/GWFSS/GWFSS_v1.0_labelled/class_id/UQ_new/04ab812fa5645d0ec65a5b893dd55cc689dc525e.png,512,512,0.4313914477825165,0.31124037504196167,0.06530433893203735,21.73804829601008,76.89094543457031,0.0,0.0,23.109054565429688,,0.0,,,,0,0,0
UQ_new,Target test,/icislab/volume3/benderick/futurama/gwfss25/GWFSS/GWFSS_v1.0_labelled/images/UQ_new/07fcdb7a459f1bbe8e4525123f27c4f3ee3648e1.png,/icislab/volume3/benderick/futurama/gwfss25/GWFSS/GWFSS_v1.0_labelled/class_id/UQ_new/07fcdb7a459f1bbe8e4525123f27c4f3ee3648e1.png,512,512,0.4601179361343384,0.2806324362754822,0.418424516916275,21.946607684610274,19.776535034179688,0.0,0.0,80.22346496582031,,0.0,,,,0,0,0
UQ_new,Target test,/icislab/volume3/benderick/futurama/gwfss25/GWFSS/GWFSS_v1.0_labelled/images/UQ_new/08ed4d3c26c030d6377e67972a31bc5c26cbf536.png,/icislab/volume3/benderick/futurama/gwfss25/GWFSS/GWFSS_v1.0_labelled/class_id/UQ_new/08ed4d3c26c030d6377e67972a31bc5c26cbf536.png,512,512,0.530989944934845,0.2291649878025055,0.43772369623184204,15.792855154592576,8.043289184570312,12.284469604492188,2.709197998046875,76.96304321289062,8.246211251235321,2.7923583984375,2.2528865108420164,49.18032786885246,63.53904282115869,732,16,36
UQ_new,Target test,/icislab/volume3/benderick/futurama/gwfss25/GWFSS/GWFSS_v1.0_labelled/images/UQ_new/09ad200a35340566fd65aa7cc175728a04406833.png,/icislab/volume3/benderick/futurama/gwfss25/GWFSS/GWFSS_v1.0_labelled/class_id/UQ_new/09ad200a35340566fd65aa7cc175728a04406833.png,512,512,0.5515798926353455,0.22045201063156128,0.3835582137107849,11.158924008205746,3.954315185546875,16.899490356445312,2.9727935791015625,76.17340087890625,10.770329614269007,2.5634765625,0.898242012062107,26.785714285714285,92.61603375527426,672,7,18
UQ_new,Target test,/icislab/volume3/benderick/futurama/gwfss25/GWFSS/GWFSS_v1.0_labelled/images/UQ_new/0b030652d71142b726dea3f0af8ea262db6a6d2b.png,/icislab/volume3/benderick/futurama/gwfss25/GWFSS/GWFSS_v1.0_labelled/class_id/UQ_new/0b030652d71142b726dea3f0af8ea262db6a6d2b.png,512,512,0.5207096338272095,0.23669789731502533,0.4092216491699219,13.765565728400674,3.7166595458984375,12.493515014648438,3.4420013427734375,80.34782409667969,8.246211251235321,3.76129150390625,2.5490413388008424,52.73833671399594,87.15377268385865,986,23,52
UQ_new,Target test,/icislab/volume3/benderick/futurama/gwfss25/GWFSS/GWFSS_v1.0_labelled/images/UQ_new/0b381714aa61ab300d35b2937acac76b0b826ca4.png,/icislab/volume3/benderick/futurama/gwfss25/GWFSS/GWFSS_v1.0_labelled/class_id/UQ_new/0b381714aa61ab300d35b2937acac76b0b826ca4.png,512,512,0.5493932962417603,0.2203744351863861,0.44033947587013245,15.572555607878675,2.5997161865234375,19.986343383789062,6.793212890625,70.6207275390625,7.211102550927978,6.85882568359375,1.5723270440251573,32.25806451612903,91.72710179962395,1798,28,58
UQ_new,Target test,/icislab/volume3/benderick/futurama/gwfss25/GWFSS/GWFSS_v1.0_labelled/images/UQ_new/0bbe480d40d71d51cc3e22acf98df8839ca27cbf.png,/icislab/volume3/benderick/futurama/gwfss25/GWFSS/GWFSS_v1.0_labelled/class_id/UQ_new/0bbe480d40d71d51cc3e22acf98df8839ca27cbf.png,512,512,0.4626319408416748,0.30914705991744995,0.38810592889785767,17.50404025087462,11.809539794921875,0.0,0.0,88.19046020507812,,0.0,,,,0,0,0
UQ_new,Target test,/icislab/volume3/benderick/futurama/gwfss25/GWFSS/GWFSS_v1.0_labelled/images/UQ_new/0c4462b40a71cfaad30a22bc31724ed219aac69b.png,/icislab/volume3/benderick/futurama/gwfss25/GWFSS/GWFSS_v1.0_labelled/class_id/UQ_new/0c4462b40a71cfaad30a22bc31724ed219aac69b.png,512,512,0.47487467527389526,0.3306732475757599,0.007492963690310717,15.573047593329905,83.88671875,0.0,0.0,16.11328125,,0.0,,,,0,0,0
UQ_new,Target test,/icislab/volume3/benderick/futurama/gwfss25/GWFSS/GWFSS_v1.0_labelled/images/UQ_new/0d3160cb9fcf58f26341f1a1e9d01786a0297b51.png,/icislab/volume3/benderick/futurama/gwfss25/GWFSS/GWFSS_v1.0_labelled/class_id/UQ_new/0d3160cb9fcf58f26341f1a1e9d01786a0297b51.png,512,512,0.3025294244289398,0.25733599066734314,0.1414634883403778,12.491701366500934,31.240463256835938,9.579849243164062,6.1328887939453125,53.04679870605469,8.0,7.297515869140625,0.7464079119238664,18.295870360690017,80.56064972491485,1913,12,35
UQ_new,Target test,/icislab/volume3/benderick/futurama/gwfss25/GWFSS/GWFSS_v1.0_labelled/images/UQ_new/0d7467d41c01e6d557afc9c830aa3bc42ea5acaf.png,/icislab/volume3/benderick/futurama/gwfss25/GWFSS/GWFSS_v1.0_labelled/class_id/UQ_new/0d7467d41c01e6d557afc9c830aa3bc42ea5acaf.png,512,512,0.4252375662326813,0.31075167655944824,-0.0031473366543650627,15.339519755889873,91.28227233886719,0.0,0.0,8.717727661132812,,0.0,,,,0,0,0
UQ_new,Target test,/icislab/volume3/benderick/futurama/gwfss25/GWFSS/GWFSS_v1.0_labelled/images/UQ_new/0da45844d75450d8d62ec9ee60fc6a059b9e8ed0.png,/icislab/volume3/benderick/futurama/gwfss25/GWFSS/GWFSS_v1.0_labelled/class_id/UQ_new/0da45844d75450d8d62ec9ee60fc6a059b9e8ed0.png,512,512,0.4822721779346466,0.2782670855522156,0.19893382489681244,12.9025999067345,13.958358764648438,17.977142333984375,10.451507568359375,57.61299133300781,8.0,12.378692626953125,1.5694576246441345,30.20030816640986,74.84431571325126,3245,43,98
UQ_new,Target test,/icislab/volume3/benderick/futurama/gwfss25/GWFSS/GWFSS_v1.0_labelled/images/UQ_new/0da63d14745c79f37397ad08fb63b512f18ac2ef.png,/icislab/volume3/benderick/futurama/gwfss25/GWFSS/GWFSS_v1.0_labelled/class_id/UQ_new/0da63d14745c79f37397ad08fb63b512f18ac2ef.png,512,512,0.4593313932418823,0.3250642418861389,0.03428940102458,18.745660052294355,81.67572021484375,0.0,0.0,18.32427978515625,,0.0,,,,0,0,0
UQ_new,Target test,/icislab/volume3/benderick/futurama/gwfss25/GWFSS/GWFSS_v1.0_labelled/images/UQ_new/0da864f94b71cb8de0c7f75ed22d0f4414917751.png,/icislab/volume3/benderick/futurama/gwfss25/GWFSS/GWFSS_v1.0_labelled/class_id/UQ_new/0da864f94b71cb8de0c7f75ed22d0f4414917751.png,512,512,0.27010947465896606,0.22749260067939758,0.11887642741203308,12.430773490550795,52.76641845703125,0.0,0.0,47.23358154296875,,0.0,,,,0,0,0
UQ_new,Target test,/icislab/volume3/benderick/futurama/gwfss25/GWFSS/GWFSS_v1.0_labelled/images/UQ_new/0e552649d6c62e9420d77d86321f1e7e27102a22.png,/icislab/volume3/benderick/futurama/gwfss25/GWFSS/GWFSS_v1.0_labelled/class_id/UQ_new/0e552649d6c62e9420d77d86321f1e7e27102a22.png,512,512,0.3315350115299225,0.2574445605278015,0.11097414791584015,17.123025131445345,70.96328735351562,0.0,0.0,29.036712646484375,,0.0,,,,0,0,0
UQ_new,Target test,/icislab/volume3/benderick/futurama/gwfss25/GWFSS/GWFSS_v1.0_labelled/images/UQ_new/0ea570a8da2bb8c2de77c970eee5e11a159111aa.png,/icislab/volume3/benderick/futurama/gwfss25/GWFSS/GWFSS_v1.0_labelled/class_id/UQ_new/0ea570a8da2bb8c2de77c970eee5e11a159111aa.png,512,512,0.4632161557674408,0.32162848114967346,0.09888748079538345,22.794695647367988,71.61865234375,0.0,0.0,28.38134765625,,0.0,,,,0,0,0
UQ_new,Target test,/icislab/volume3/benderick/futurama/gwfss25/GWFSS/GWFSS_v1.0_labelled/images/UQ_new/0f4c783905d162612e83d21883285ef2746b2fa8.png,/icislab/volume3/benderick/futurama/gwfss25/GWFSS/GWFSS_v1.0_labelled/class_id/UQ_new/0f4c783905d162612e83d21883285ef2746b2fa8.png,512,512,0.5191025733947754,0.22675973176956177,0.44851547479629517,16.281917797551866,3.74755859375,19.865036010742188,7.387542724609375,68.99986267089844,10.0,6.683349609375,1.0843746772694414,29.10958904109589,83.77817319098457,1752,21,51
UQ_new,Target test,/icislab/volume3/benderick/futurama/gwfss25/GWFSS/GWFSS_v1.0_labelled/images/UQ_new/12a69eb51880f4ea6adaaad5d8487c37bf21cc7b.png,/icislab/volume3/benderick/futurama/gwfss25/GWFSS/GWFSS_v1.0_labelled/class_id/UQ_new/12a69eb51880f4ea6adaaad5d8487c37bf21cc7b.png,512,512,0.48404091596603394,0.2666349709033966,0.21882814168930054,11.414400681116783,8.563613891601562,21.0357666015625,10.0982666015625,60.30235290527344,8.0,12.828826904296875,1.0954971290420066,21.706809396372286,86.86701728024042,3363,29,73
UQ_new,Target test,/icislab/volume3/benderick/futurama/gwfss25/GWFSS/GWFSS_v1.0_labelled/images/UQ_new/13f2f41f0c4776e6c082d2786ccacd8c9da0c0e3.png,/icislab/volume3/benderick/futurama/gwfss25/GWFSS/GWFSS_v1.0_labelled/class_id/UQ_new/13f2f41f0c4776e6c082d2786ccacd8c9da0c0e3.png,512,512,0.37533706426620483,0.2553274929523468,0.28712379932403564,16.259412611697933,8.48236083984375,9.962081909179688,4.4281005859375,77.12745666503906,10.0,4.08935546875,1.1199172984148862,27.05223880597015,89.74121996303143,1072,13,29
UQ_new,Target test,/icislab/volume3/benderick/futurama/gwfss25/GWFSS/GWFSS_v1.0_labelled/images/UQ_new/146be7cb2e60aae4211ad143370f63a746bb3e10.png,/icislab/volume3/benderick/futurama/gwfss25/GWFSS/GWFSS_v1.0_labelled/class_id/UQ_new/146be7cb2e60aae4211ad143370f63a746bb3e10.png,512,512,0.47985637187957764,0.2608797550201416,0.4144707918167114,17.14788369929775,6.298065185546875,5.6957244873046875,2.0122528076171875,85.99395751953125,10.770329614269007,1.628875732421875,0.5687203791469194,18.73536299765808,88.31942789034565,427,3,8
UQ_new,Target test,/icislab/volume3/benderick/futurama/gwfss25/GWFSS/GWFSS_v1.0_labelled/images/UQ_new/16e9410b2bbcfad6931cddda8da6c0dd50706b12.png,/icislab/volume3/benderick/futurama/gwfss25/GWFSS/GWFSS_v1.0_labelled/class_id/UQ_new/16e9410b2bbcfad6931cddda8da6c0dd50706b12.png,512,512,0.4618149399757385,0.2579982280731201,0.40742647647857666,15.313947656615282,4.645538330078125,18.347930908203125,6.1481475830078125,70.85838317871094,8.246211251235321,6.641387939453125,0.9306942979462679,20.67777139574957,76.4904386951631,1741,15,36
UQ_new,Target test,/icislab/volume3/benderick/futurama/gwfss25/GWFSS/GWFSS_v1.0_labelled/images/UQ_new/187c77b619e8b83cd779dbb6718a9b937d0cde01.png,/icislab/volume3/benderick/futurama/gwfss25/GWFSS/GWFSS_v1.0_labelled/class_id/UQ_new/187c77b619e8b83cd779dbb6718a9b937d0cde01.png,512,512,0.37184983491897583,0.2980688810348511,0.05660485476255417,20.345538435101616,83.34732055664062,0.0,0.0,16.652679443359375,,0.0,,,,0,0,0
UQ_new,Target test,/icislab/volume3/benderick/futurama/gwfss25/GWFSS/GWFSS_v1.0_labelled/images/UQ_new/18e6849a827505c911b455082cd0045aa90a8300.png,/icislab/volume3/benderick/futurama/gwfss25/GWFSS/GWFSS_v1.0_labelled/class_id/UQ_new/18e6849a827505c911b455082cd0045aa90a8300.png,512,512,0.3860637843608856,0.27761366963386536,0.3518325388431549,17.51915357877183,7.112884521484375,0.0,0.0,92.88711547851562,,0.0,,,,0,0,0
UQ_new,Target test,/icislab/volume3/benderick/futurama/gwfss25/GWFSS/GWFSS_v1.0_labelled/images/UQ_new/1946360c99307e3893940a8cdb21bdeea89a7106.png,/icislab/volume3/benderick/futurama/gwfss25/GWFSS/GWFSS_v1.0_labelled/class_id/UQ_new/1946360c99307e3893940a8cdb21bdeea89a7106.png,512,512,0.5911180973052979,0.20626643300056458,0.4513898491859436,12.823137760607095,4.2919158935546875,19.100570678710938,1.67083740234375,74.93667602539062,10.0,1.48773193359375,3.1963470319634704,74.35897435897436,91.46459747817653,390,14,29
UQ_new,Target test,/icislab/volume3/benderick/futurama/gwfss25/GWFSS/GWFSS_v1.0_labelled/images/UQ_new/1a0c04b9b77de7eeef96048167fbb1f650661428.png,/icislab/volume3/benderick/futurama/gwfss25/GWFSS/GWFSS_v1.0_labelled/class_id/UQ_new/1a0c04b9b77de7eeef96048167fbb1f650661428.png,512,512,0.4214768409729004,0.2908910810947418,0.38450244069099426,18.18106521801212,13.571548461914062,0.0,0.0,86.42845153808594,,0.0,,,,0,0,0
UQ_new,Target test,/icislab/volume3/benderick/futurama/gwfss25/GWFSS/GWFSS_v1.0_labelled/images/UQ_new/1a6ea8f084703aecf16a0e381843cbd622b7e510.png,/icislab/volume3/benderick/futurama/gwfss25/GWFSS/GWFSS_v1.0_labelled/class_id/UQ_new/1a6ea8f084703aecf16a0e381843cbd622b7e510.png,512,512,0.45680058002471924,0.2962486743927002,0.21397241950035095,12.095637290153109,10.582733154296875,10.887527465820312,12.762451171875,65.76728820800781,8.0,15.712738037109375,1.2852702056432328,24.763292061179897,84.43519619500594,4119,43,102
UQ_new,Target test,/icislab/volume3/benderick/futurama/gwfss25/GWFSS/GWFSS_v1.0_labelled/images/UQ_new/1abed7308f2fb2eebf6bb317f0537eb84ce3a2b0.png,/icislab/volume3/benderick/futurama/gwfss25/GWFSS/GWFSS_v1.0_labelled/class_id/UQ_new/1abed7308f2fb2eebf6bb317f0537eb84ce3a2b0.png,512,512,0.5706629157066345,0.27522900700569153,0.48778286576271057,18.145819674437575,14.649581909179688,0.0,0.0,85.35041809082031,,0.0,,,,0,0,0
UQ_new,Target test,/icislab/volume3/benderick/futurama/gwfss25/GWFSS/GWFSS_v1.0_labelled/images/UQ_new/1b84fe928ca9a49bab3a06ffa509d9ef0d98e7df.png,/icislab/volume3/benderick/futurama/gwfss25/GWFSS/GWFSS_v1.0_labelled/class_id/UQ_new/1b84fe928ca9a49bab3a06ffa509d9ef0d98e7df.png,512,512,0.558866024017334,0.28555819392204285,0.3300151824951172,16.2785036862325,25.778961181640625,0.0,0.0,74.22103881835938,,0.0,,,,0,0,0
UQ_new,Target test,/icislab/volume3/benderick/futurama/gwfss25/GWFSS/GWFSS_v1.0_labelled/images/UQ_new/1c95521cd8139d535f8c2968721f40d6aba0dea6.png,/icislab/volume3/benderick/futurama/gwfss25/GWFSS/GWFSS_v1.0_labelled/class_id/UQ_new/1c95521cd8139d535f8c2968721f40d6aba0dea6.png,512,512,0.3555186092853546,0.2439190149307251,0.18171972036361694,9.401881699049477,3.9730072021484375,15.320968627929688,19.574356079101562,61.13166809082031,8.0,23.20098876953125,0.6236236431313702,15.948701085169352,91.50233957219251,6082,32,97
UQ_new,Target test,/icislab/volume3/benderick/futurama/gwfss25/GWFSS/GWFSS_v1.0_labelled/images/UQ_new/1d3932aceec079a07679b332dd7d3cd1c545d333.png,/icislab/volume3/benderick/futurama/gwfss25/GWFSS/GWFSS_v1.0_labelled/class_id/UQ_new/1d3932aceec079a07679b332dd7d3cd1c545d333.png,512,512,0.5071399807929993,0.250749409198761,0.4383394122123718,21.20333027820726,5.8734893798828125,8.985137939453125,3.1703948974609375,81.97097778320312,11.661903789690601,2.38800048828125,1.203224642040669,33.546325878594246,92.88569144684253,626,10,21
UQ_new,Target test,/icislab/volume3/benderick/futurama/gwfss25/GWFSS/GWFSS_v1.0_labelled/images/UQ_new/1e1ec0541fba5e643012e7b85f00f9bc7a9af863.png,/icislab/volume3/benderick/futurama/gwfss25/GWFSS/GWFSS_v1.0_labelled/class_id/UQ_new/1e1ec0541fba5e643012e7b85f00f9bc7a9af863.png,512,512,0.42788106203079224,0.30298912525177,0.3040834665298462,15.205360284405069,10.565185546875,0.0,0.0,89.434814453125,,0.0,,,,0,0,0
UQ_new,Target test,/icislab/volume3/benderick/futurama/gwfss25/GWFSS/GWFSS_v1.0_labelled/images/UQ_new/21c2571896c3ecc6940cfaf390c95e186f9c7856.png,/icislab/volume3/benderick/futurama/gwfss25/GWFSS/GWFSS_v1.0_labelled/class_id/UQ_new/21c2571896c3ecc6940cfaf390c95e186f9c7856.png,512,512,0.3921283781528473,0.2766495645046234,0.17947708070278168,14.284766848026404,26.909637451171875,16.484451293945312,6.3747406005859375,50.231170654296875,7.211102550927978,7.930755615234375,1.0771348213751422,25.974025974025974,79.47523295733203,2079,18,54
UQ_new,Target test,/icislab/volume3/benderick/futurama/gwfss25/GWFSS/GWFSS_v1.0_labelled/images/UQ_new/2346b905d4073f707de79e00193ebb29054e4381.png,/icislab/volume3/benderick/futurama/gwfss25/GWFSS/GWFSS_v1.0_labelled/class_id/UQ_new/2346b905d4073f707de79e00193ebb29054e4381.png,512,512,0.3757500648498535,0.28285789489746094,0.27974504232406616,16.399357595264167,9.30328369140625,2.936553955078125,1.1432647705078125,86.61689758300781,12.649110640673518,0.858306884765625,1.334668001334668,48.888888888888886,84.44444444444444,225,4,11
UQ_new,Target test,/icislab/volume3/benderick/futurama/gwfss25/GWFSS/GWFSS_v1.0_labelled/images/UQ_new/245d6e166e350dd372292f1c082632c681e69d33.png,/icislab/volume3/benderick/futurama/gwfss25/GWFSS/GWFSS_v1.0_labelled/class_id/UQ_new/245d6e166e350dd372292f1c082632c681e69d33.png,512,512,0.5422487854957581,0.2322491705417633,0.5080270171165466,16.169101740163693,4.8511505126953125,11.890029907226562,0.94757080078125,82.31124877929688,10.0,0.820159912109375,1.6103059581320451,46.51162790697674,85.68329718004338,215,4,10
UQ_new,Target test,/icislab/volume3/benderick/futurama/gwfss25/GWFSS/GWFSS_v1.0_labelled/images/UQ_new/290af1c9fdcf71b10cebfd0a0f2f1d39dbbdeab8.png,/icislab/volume3/benderick/futurama/gwfss25/GWFSS/GWFSS_v1.0_labelled/class_id/UQ_new/290af1c9fdcf71b10cebfd0a0f2f1d39dbbdeab8.png,512,512,0.32619908452033997,0.27946537733078003,-0.05383443087339401,12.675226453829506,94.68574523925781,0.0,0.0,5.3142547607421875,,0.0,,,,0,0,0
UQ_new,Target test,/icislab/volume3/benderick/futurama/gwfss25/GWFSS/GWFSS_v1.0_labelled/images/UQ_new/299c25d0128c8e4c552898d334f9dfdd0b7ca81b.png,/icislab/volume3/benderick/futurama/gwfss25/GWFSS/GWFSS_v1.0_labelled/class_id/UQ_new/299c25d0128c8e4c552898d334f9dfdd0b7ca81b.png,512,512,0.43096399307250977,0.3148611783981323,0.019696960225701332,17.77051057972424,85.36911010742188,0.0,0.0,14.630889892578125,,0.0,,,,0,0,0
UQ_new,Target test,/icislab/volume3/benderick/futurama/gwfss25/GWFSS/GWFSS_v1.0_labelled/images/UQ_new/2accfac337baaafea1c2adb7e9dcfa0589e78668.png,/icislab/volume3/benderick/futurama/gwfss25/GWFSS/GWFSS_v1.0_labelled/class_id/UQ_new/2accfac337baaafea1c2adb7e9dcfa0589e78668.png,512,512,0.5558727979660034,0.2313549667596817,0.3726682960987091,15.41118729879186,4.0958404541015625,11.465072631835938,6.308746337890625,78.13034057617188,8.0,7.114410400390625,2.116338130366429,42.35924932975871,93.81827209533267,1865,35,79
UQ_new,Target test,/icislab/volume3/benderick/futurama/gwfss25/GWFSS/GWFSS_v1.0_labelled/images/UQ_new/2c504c8ad3f78f8ad7eb1df3ee60262e13418380.png,/icislab/volume3/benderick/futurama/gwfss25/GWFSS/GWFSS_v1.0_labelled/class_id/UQ_new/2c504c8ad3f78f8ad7eb1df3ee60262e13418380.png,512,512,0.43804025650024414,0.31253328919410706,0.05672089383006096,20.069203590815494,79.49600219726562,0.0,0.0,20.503997802734375,,0.0,,,,0,0,0
UQ_new,Target test,/icislab/volume3/benderick/futurama/gwfss25/GWFSS/GWFSS_v1.0_labelled/images/UQ_new/2c7d4d68d9e9b0525f5c9df58841fafa8bc3f62c.png,/icislab/volume3/benderick/futurama/gwfss25/GWFSS/GWFSS_v1.0_labelled/class_id/UQ_new/2c7d4d68d9e9b0525f5c9df58841fafa8bc3f62c.png,512,512,0.46885228157043457,0.2469068020582199,0.35645097494125366,15.002307604237059,4.3064117431640625,15.887451171875,1.897430419921875,77.90870666503906,8.246211251235321,2.147674560546875,2.2114997989545637,44.40497335701598,74.74662162162163,563,11,25
UQ_new,Target test,/icislab/volume3/benderick/futurama/gwfss25/GWFSS/GWFSS_v1.0_labelled/images/UQ_new/2ea386ff1f8208104e2284575e0d196dd1ea829a.png,/icislab/volume3/benderick/futurama/gwfss25/GWFSS/GWFSS_v1.0_labelled/class_id/UQ_new/2ea386ff1f8208104e2284575e0d196dd1ea829a.png,512,512,0.3402179479598999,0.2639479339122772,0.10181833803653717,12.052680498419234,47.698974609375,0.0,0.0713348388671875,52.22969055175781,8.123105625617661,0.08392333984375,5.347593582887701,90.9090909090909,40.42553191489362,22,1,2
UQ_new,Target test,/icislab/volume3/benderick/futurama/gwfss25/GWFSS/GWFSS_v1.0_labelled/images/UQ_new/2f4ba69491be5bec0df7acc4db84dd564dff8c66.png,/icislab/volume3/benderick/futurama/gwfss25/GWFSS/GWFSS_v1.0_labelled/class_id/UQ_new/2f4ba69491be5bec0df7acc4db84dd564dff8c66.png,512,512,0.329624205827713,0.2754347622394562,0.13737677037715912,16.640249659075124,56.60285949707031,0.0,0.0,43.39714050292969,,0.0,,,,0,0,0
UQ_new,Target test,/icislab/volume3/benderick/futurama/gwfss25/GWFSS/GWFSS_v1.0_labelled/images/UQ_new/35aa168f96c8737d3152b14390577a2bb360abcf.png,/icislab/volume3/benderick/futurama/gwfss25/GWFSS/GWFSS_v1.0_labelled/class_id/UQ_new/35aa168f96c8737d3152b14390577a2bb360abcf.png,512,512,0.40726569294929504,0.3102702796459198,0.0665612518787384,22.166638838876782,78.92265319824219,0.0,0.0,21.077346801757812,,0.0,,,,0,0,0
UQ_new,Target test,/icislab/volume3/benderick/futurama/gwfss25/GWFSS/GWFSS_v1.0_labelled/images/UQ_new/38a9e59dcd1d26c5db15c569239d2ac53f4fda62.png,/icislab/volume3/benderick/futurama/gwfss25/GWFSS/GWFSS_v1.0_labelled/class_id/UQ_new/38a9e59dcd1d26c5db15c569239d2ac53f4fda62.png,512,512,0.3440036177635193,0.2822989523410797,0.20916308462619781,14.79278814298786,25.796127319335938,0.0,0.1567840576171875,74.04708862304688,8.0,0.202178955078125,4.866180048661801,94.33962264150944,100.0,53,2,5
UQ_new,Target test,/icislab/volume3/benderick/futurama/gwfss25/GWFSS/GWFSS_v1.0_labelled/images/UQ_new/3b37777e6227ace46cca0269e0eade02b62443fd.png,/icislab/volume3/benderick/futurama/gwfss25/GWFSS/GWFSS_v1.0_labelled/class_id/UQ_new/3b37777e6227ace46cca0269e0eade02b62443fd.png,512,512,0.45308753848075867,0.2777441740036011,0.21975567936897278,13.176492070012044,16.295623779296875,4.473114013671875,8.928680419921875,70.30258178710938,8.48528137423857,9.60540771484375,0.9826540203366658,21.842732327243844,83.15992292870905,2518,23,55
UQ_new,Target test,/icislab/volume3/benderick/futurama/gwfss25/GWFSS/GWFSS_v1.0_labelled/images/UQ_new/3c66d8ee3275cda1d27419667f83b46cda0dc40c.png,/icislab/volume3/benderick/futurama/gwfss25/GWFSS/GWFSS_v1.0_labelled/class_id/UQ_new/3c66d8ee3275cda1d27419667f83b46cda0dc40c.png,512,512,0.3210188150405884,0.2764188349246979,0.17753975093364716,15.811074669063926,40.44952392578125,0.0,0.543975830078125,59.006500244140625,8.94427190999916,0.49591064453125,2.805049088359046,69.23076923076923,100.0,130,4,9
UQ_new,Target test,/icislab/volume3/benderick/futurama/gwfss25/GWFSS/GWFSS_v1.0_labelled/images/UQ_new/3cefebcfdbae6d9ee7e56b22d92bd0da2026a00f.png,/icislab/volume3/benderick/futurama/gwfss25/GWFSS/GWFSS_v1.0_labelled/class_id/UQ_new/3cefebcfdbae6d9ee7e56b22d92bd0da2026a00f.png,512,512,0.29854658246040344,0.23061488568782806,0.1889420449733734,10.916060272158917,8.00323486328125,4.7863006591796875,14.458084106445312,72.75238037109375,8.0,18.016815185546875,1.5830716867628822,28.58352741901334,94.21479331398258,4723,60,135
UQ_new,Target test,/icislab/volume3/benderick/futurama/gwfss25/GWFSS/GWFSS_v1.0_labelled/images/UQ_new/3ec2170d8b2d8d10f3eb38b84654c67d7e1167f9.png,/icislab/volume3/benderick/futurama/gwfss25/GWFSS/GWFSS_v1.0_labelled/class_id/UQ_new/3ec2170d8b2d8d10f3eb38b84654c67d7e1167f9.png,512,512,0.4288758635520935,0.24462680518627167,0.30362075567245483,14.051573071265555,5.1097869873046875,11.680221557617188,6.9469451904296875,76.26304626464844,11.661903789690601,5.512237548828125,0.6040305309977486,19.377162629757784,91.55866900175131,1445,11,28
UQ_new,Target test,/icislab/volume3/benderick/futurama/gwfss25/GWFSS/GWFSS_v1.0_labelled/images/UQ_new/3ef30fe6b62ccfe3776cd5684ecf780bf6adedb2.png,/icislab/volume3/benderick/futurama/gwfss25/GWFSS/GWFSS_v1.0_labelled/class_id/UQ_new/3ef30fe6b62ccfe3776cd5684ecf780bf6adedb2.png,512,512,0.5147417187690735,0.23951506614685059,0.3371110260486603,17.53036805006799,7.384490966796875,10.59112548828125,1.55181884765625,80.47256469726562,8.0,1.861572265625,2.4582104228121926,47.131147540983605,93.6842105263158,488,10,23
UQ_new,Target test,/icislab/volume3/benderick/futurama/gwfss25/GWFSS/GWFSS_v1.0_labelled/images/UQ_new/3f3505c743dc6d6b2cdf7742d3425517f1da6626.png,/icislab/volume3/benderick/futurama/gwfss25/GWFSS/GWFSS_v1.0_labelled/class_id/UQ_new/3f3505c743dc6d6b2cdf7742d3425517f1da6626.png,512,512,0.451653391122818,0.24974843859672546,0.3800092041492462,15.667067092162783,6.7188262939453125,4.679107666015625,4.9530029296875,83.64906311035156,11.661903789690601,3.76129150390625,0.9242144177449169,33.46855983772819,78.01535087719299,986,12,33
UQ_new,Target test,/icislab/volume3/benderick/futurama/gwfss25/GWFSS/GWFSS_v1.0_labelled/images/UQ_new/3f69f7107ccf123528175e2fbbe6d88ac216381b.png,/icislab/volume3/benderick/futurama/gwfss25/GWFSS/GWFSS_v1.0_labelled/class_id/UQ_new/3f69f7107ccf123528175e2fbbe6d88ac216381b.png,512,512,0.5138387680053711,0.2522958815097809,0.44379210472106934,18.571381390435103,5.48095703125,9.083938598632812,1.375579833984375,84.05952453613281,8.48528137423857,1.33514404296875,1.663893510815308,34.285714285714285,96.66203059805285,350,6,12
UQ_new,Target test,/icislab/volume3/benderick/futurama/gwfss25/GWFSS/GWFSS_v1.0_labelled/images/UQ_new/49fc5f787d1cd7e9f311415fbd8833185ff58411.png,/icislab/volume3/benderick/futurama/gwfss25/GWFSS/GWFSS_v1.0_labelled/class_id/UQ_new/49fc5f787d1cd7e9f311415fbd8833185ff58411.png,512,512,0.4122932553291321,0.3061634600162506,-0.01861145906150341,14.733491197042236,88.65623474121094,0.0,0.0,11.343765258789062,,0.0,,,,0,0,0
UQ_new,Target test,/icislab/volume3/benderick/futurama/gwfss25/GWFSS/GWFSS_v1.0_labelled/images/UQ_new/4a1990e2821cb0ffd496605b3c736a71787899fd.png,/icislab/volume3/benderick/futurama/gwfss25/GWFSS/GWFSS_v1.0_labelled/class_id/UQ_new/4a1990e2821cb0ffd496605b3c736a71787899fd.png,512,512,0.5496639609336853,0.25087234377861023,0.26825761795043945,11.584521310639724,4.0325164794921875,24.771499633789062,8.142471313476562,63.05351257324219,7.211102550927978,10.211944580078125,1.4991801358631998,28.763541277549496,90.38989566172432,2677,32,77
UQ_new,Target test,/icislab/volume3/benderick/futurama/gwfss25/GWFSS/GWFSS_v1.0_labelled/images/UQ_new/4a225e6e8de680f973859e927ffe850d39b9f0d1.png,/icislab/volume3/benderick/futurama/gwfss25/GWFSS/GWFSS_v1.0_labelled/class_id/UQ_new/4a225e6e8de680f973859e927ffe850d39b9f0d1.png,512,512,0.48664429783821106,0.30321741104125977,0.3728792369365692,16.634950920997227,2.7980804443359375,0.0,2.4219512939453125,94.77996826171875,10.0,2.2125244140625,1.8900614269963774,53.44827586206897,99.01234567901234,580,12,31
UQ_new,Target test,/icislab/volume3/benderick/futurama/gwfss25/GWFSS/GWFSS_v1.0_labelled/images/UQ_new/4c3f721162134e1c7d7723acba72643ac50c504e.png,/icislab/volume3/benderick/futurama/gwfss25/GWFSS/GWFSS_v1.0_labelled/class_id/UQ_new/4c3f721162134e1c7d7723acba72643ac50c504e.png,512,512,0.5309039354324341,0.23523980379104614,0.42856234312057495,14.510160626417392,4.6031951904296875,11.8194580078125,4.6875,78.88984680175781,11.661903789690601,4.070281982421875,1.6276041666666667,44.98594189315839,95.82601054481546,1067,20,48
UQ_new,Target test,/icislab/volume3/benderick/futurama/gwfss25/GWFSS/GWFSS_v1.0_labelled/images/UQ_new/4c569fcb88bc16bae0dd539e87c3cebc9d5e7a80.png,/icislab/volume3/benderick/futurama/gwfss25/GWFSS/GWFSS_v1.0_labelled/class_id/UQ_new/4c569fcb88bc16bae0dd539e87c3cebc9d5e7a80.png,512,512,0.45240673422813416,0.27217069268226624,0.23508788645267487,20.365088149594005,55.52177429199219,0.0,0.0,44.47822570800781,,0.0,,,,0,0,0
UQ_new,Target test,/icislab/volume3/benderick/futurama/gwfss25/GWFSS/GWFSS_v1.0_labelled/images/UQ_new/4cae20cbcdeab3e6180040e6bd71d3a8ee96c008.png,/icislab/volume3/benderick/futurama/gwfss25/GWFSS/GWFSS_v1.0_labelled/class_id/UQ_new/4cae20cbcdeab3e6180040e6bd71d3a8ee96c008.png,512,512,0.44400838017463684,0.24963785707950592,0.3529703617095947,14.129175908620098,5.5843353271484375,8.868026733398438,2.07366943359375,83.47396850585938,8.94427190999916,1.888275146484375,2.57542310522443,64.64646464646465,80.38496791934006,495,14,32
UQ_new,Target test,/icislab/volume3/benderick/futurama/gwfss25/GWFSS/GWFSS_v1.0_labelled/images/UQ_new/4cf53725687c8dcc90a30fcea5cd4923e24e58b8.png,/icislab/volume3/benderick/futurama/gwfss25/GWFSS/GWFSS_v1.0_labelled/class_id/UQ_new/4cf53725687c8dcc90a30fcea5cd4923e24e58b8.png,512,512,0.4747180938720703,0.3009245693683624,0.37904876470565796,15.49318035373261,9.91363525390625,0.0003814697265625,0.0,90.08598327636719,,0.0,,,,0,0,0
UQ_new,Target test,/icislab/volume3/benderick/futurama/gwfss25/GWFSS/GWFSS_v1.0_labelled/images/UQ_new/4cf826c1cc742e44e81ba174d2786cca77bc071a.png,/icislab/volume3/benderick/futurama/gwfss25/GWFSS/GWFSS_v1.0_labelled/class_id/UQ_new/4cf826c1cc742e44e81ba174d2786cca77bc071a.png,512,512,0.40364328026771545,0.2622745931148529,0.22762730717658997,12.972270159900887,20.11260986328125,17.688751220703125,5.6365966796875,56.562042236328125,6.324555320336759,7.78961181640625,1.9626421223605848,31.831537708129286,78.36393214036718,2042,29,65
UQ_new,Target test,/icislab/volume3/benderick/futurama/gwfss25/GWFSS/GWFSS_v1.0_labelled/images/UQ_new/4dda8b434d3d436ba774bfe24c429da15772fa9b.png,/icislab/volume3/benderick/futurama/gwfss25/GWFSS/GWFSS_v1.0_labelled/class_id/UQ_new/4dda8b434d3d436ba774bfe24c429da15772fa9b.png,512,512,0.5074095129966736,0.228875532746315,0.3746023178100586,14.088278829303535,4.0172576904296875,12.537002563476562,4.4925689697265625,78.95317077636719,10.770329614269007,4.024505615234375,0.8491126772522714,20.85308056872038,91.2961210974456,1055,10,22
UQ_new,Target test,/icislab/volume3/benderick/futurama/gwfss25/GWFSS/GWFSS_v1.0_labelled/images/UQ_new/4e2f76e018cf875297733560aa823fd5f3bb427d.png,/icislab/volume3/benderick/futurama/gwfss25/GWFSS/GWFSS_v1.0_labelled/class_id/UQ_new/4e2f76e018cf875297733560aa823fd5f3bb427d.png,512,512,0.4855573773384094,0.2964853048324585,0.4015681743621826,17.56966945762431,3.9764404296875,0.0,0.0,96.0235595703125,,0.0,,,,0,0,0
UQ_new,Target test,/icislab/volume3/benderick/futurama/gwfss25/GWFSS/GWFSS_v1.0_labelled/images/UQ_new/4ef3e9d4f88b8eabf6eb439cd5343dbbcad04541.png,/icislab/volume3/benderick/futurama/gwfss25/GWFSS/GWFSS_v1.0_labelled/class_id/UQ_new/4ef3e9d4f88b8eabf6eb439cd5343dbbcad04541.png,512,512,0.3417082130908966,0.2677483558654785,0.21592868864536285,19.86273254297871,19.282150268554688,1.3866424560546875,0.5336761474609375,78.79753112792969,8.0,0.629425048828125,2.8591851322373123,54.54545454545455,66.3129973474801,165,4,9
UQ_new,Target test,/icislab/volume3/benderick/futurama/gwfss25/GWFSS/GWFSS_v1.0_labelled/images/UQ_new/4f51b17e1fc9ff81e46aa9361e12cd1808abbfa8.png,/icislab/volume3/benderick/futurama/gwfss25/GWFSS/GWFSS_v1.0_labelled/class_id/UQ_new/4f51b17e1fc9ff81e46aa9361e12cd1808abbfa8.png,512,512,0.5077006220817566,0.3048207759857178,0.3730331361293793,14.563010882959185,4.637908935546875,0.0,0.0,95.36209106445312,,0.0,,,,0,0,0
UQ_new,Target test,/icislab/volume3/benderick/futurama/gwfss25/GWFSS/GWFSS_v1.0_labelled/images/UQ_new/4f9ae092dd734b59fae30eb3eaad39ff363ae5da.png,/icislab/volume3/benderick/futurama/gwfss25/GWFSS/GWFSS_v1.0_labelled/class_id/UQ_new/4f9ae092dd734b59fae30eb3eaad39ff363ae5da.png,512,512,0.42445826530456543,0.31187283992767334,-0.026932884007692337,14.900445877117464,88.02604675292969,0.0,0.0507354736328125,11.9232177734375,7.211102550927978,0.049591064453125,7.518796992481203,153.84615384615384,94.5945945945946,13,1,2
UQ_new,Target test,/icislab/volume3/benderick/futurama/gwfss25/GWFSS/GWFSS_v1.0_labelled/images/UQ_new/4f9cd2c81dbc6f0efc56a2d75e07b9923149ce50.png,/icislab/volume3/benderick/futurama/gwfss25/GWFSS/GWFSS_v1.0_labelled/class_id/UQ_new/4f9cd2c81dbc6f0efc56a2d75e07b9923149ce50.png,512,512,0.2130425125360489,0.19480013847351074,0.07760061323642731,11.073441234139894,72.58453369140625,0.0,0.0,27.41546630859375,,0.0,,,,0,0,0
UQ_new,Target test,/icislab/volume3/benderick/futurama/gwfss25/GWFSS/GWFSS_v1.0_labelled/images/UQ_new/4fdd039647526af148f19b8a1c841d4957b326f3.png,/icislab/volume3/benderick/futurama/gwfss25/GWFSS/GWFSS_v1.0_labelled/class_id/UQ_new/4fdd039647526af148f19b8a1c841d4957b326f3.png,512,512,0.4300304055213928,0.2394845336675644,0.24598678946495056,10.535467990097414,9.905242919921875,14.419174194335938,15.228271484375,60.44731140136719,8.0,18.79119873046875,1.1272545090180361,23.54851806739748,86.59979939819458,4926,45,116
UQ_new,Target test,/icislab/volume3/benderick/futurama/gwfss25/GWFSS/GWFSS_v1.0_labelled/images/UQ_new/5252e4a17bcb4c71758aa81dac60f23ba65c84c6.png,/icislab/volume3/benderick/futurama/gwfss25/GWFSS/GWFSS_v1.0_labelled/class_id/UQ_new/5252e4a17bcb4c71758aa81dac60f23ba65c84c6.png,512,512,0.3776562213897705,0.28984516859054565,0.36666935682296753,19.22712533794925,12.509918212890625,0.0,0.0,87.49008178710938,,0.0,,,,0,0,0
UQ_new,Target test,/icislab/volume3/benderick/futurama/gwfss25/GWFSS/GWFSS_v1.0_labelled/images/UQ_new/57da8ea021e3aa6b68774a0335a498cbd09fa0e6.png,/icislab/volume3/benderick/futurama/gwfss25/GWFSS/GWFSS_v1.0_labelled/class_id/UQ_new/57da8ea021e3aa6b68774a0335a498cbd09fa0e6.png,512,512,0.3550291657447815,0.2585875391960144,0.14329853653907776,14.783492077771731,54.89234924316406,0.0,0.0,45.10765075683594,,0.0,,,,0,0,0
UQ_new,Target test,/icislab/volume3/benderick/futurama/gwfss25/GWFSS/GWFSS_v1.0_labelled/images/UQ_new/5a5cdcd19ba288b773e2c85870e85cc91234f2ca.png,/icislab/volume3/benderick/futurama/gwfss25/GWFSS/GWFSS_v1.0_labelled/class_id/UQ_new/5a5cdcd19ba288b773e2c85870e85cc91234f2ca.png,512,512,0.37307441234588623,0.3063027262687683,0.311922550201416,17.203730541497066,12.144851684570312,0.0,0.0,87.85514831542969,,0.0,,,,0,0,0
UQ_new,Target test,/icislab/volume3/benderick/futurama/gwfss25/GWFSS/GWFSS_v1.0_labelled/images/UQ_new/5be29377860870d65e5ac309798e7b689812608a.png,/icislab/volume3/benderick/futurama/gwfss25/GWFSS/GWFSS_v1.0_labelled/class_id/UQ_new/5be29377860870d65e5ac309798e7b689812608a.png,512,512,0.5039145350456238,0.30513060092926025,0.36684632301330566,13.487971373947481,6.021881103515625,0.0,0.0,93.97811889648438,,0.0,,,,0,0,0
UQ_new,Target test,/icislab/volume3/benderick/futurama/gwfss25/GWFSS/GWFSS_v1.0_labelled/images/UQ_new/5c8760a261c886cdbd8bf98a1f7d55caade3a7dd.png,/icislab/volume3/benderick/futurama/gwfss25/GWFSS/GWFSS_v1.0_labelled/class_id/UQ_new/5c8760a261c886cdbd8bf98a1f7d55caade3a7dd.png,512,512,0.3942398130893707,0.3018951416015625,0.04068905487656593,18.119564357114086,87.65296936035156,0.0,0.0,12.347030639648438,,0.0,,,,0,0,0
UQ_new,Target test,/icislab/volume3/benderick/futurama/gwfss25/GWFSS/GWFSS_v1.0_labelled/images/UQ_new/5c9ab1120e0d6872c0636367a66f54432454c483.png,/icislab/volume3/benderick/futurama/gwfss25/GWFSS/GWFSS_v1.0_labelled/class_id/UQ_new/5c9ab1120e0d6872c0636367a66f54432454c483.png,512,512,0.4442236125469208,0.2945410907268524,0.3722824156284332,15.930210769361436,7.741546630859375,0.0,0.0,92.25845336914062,,0.0,,,,0,0,0
UQ_new,Target test,/icislab/volume3/benderick/futurama/gwfss25/GWFSS/GWFSS_v1.0_labelled/images/UQ_new/5cf43df17f626315f9b83c7a288d1428b5c7c482.png,/icislab/volume3/benderick/futurama/gwfss25/GWFSS/GWFSS_v1.0_labelled/class_id/UQ_new/5cf43df17f626315f9b83c7a288d1428b5c7c482.png,512,512,0.4251144230365753,0.2913942337036133,0.20027285814285278,12.622279197140156,11.159896850585938,13.992691040039062,4.531097412109375,70.31631469726562,7.211102550927978,5.611419677734375,2.1889206937194814,41.46838885112169,79.74934036939314,1471,26,61
UQ_new,Target test,/icislab/volume3/benderick/futurama/gwfss25/GWFSS/GWFSS_v1.0_labelled/images/UQ_new/5defcfff92a4e5062ee3dfaa440837abc232abe5.png,/icislab/volume3/benderick/futurama/gwfss25/GWFSS/GWFSS_v1.0_labelled/class_id/UQ_new/5defcfff92a4e5062ee3dfaa440837abc232abe5.png,512,512,0.4971791207790375,0.26072224974632263,0.3845188319683075,14.359616521803034,2.8461456298828125,13.701248168945312,4.2240142822265625,79.22859191894531,8.94427190999916,4.535675048828125,1.8061952497064933,37.84693019343987,92.11245607184694,1189,20,45
UQ_new,Target test,/icislab/volume3/benderick/futurama/gwfss25/GWFSS/GWFSS_v1.0_labelled/images/UQ_new/5e0da2281acc4ab24329d04aef0ac91e6fcd0c93.png,/icislab/volume3/benderick/futurama/gwfss25/GWFSS/GWFSS_v1.0_labelled/class_id/UQ_new/5e0da2281acc4ab24329d04aef0ac91e6fcd0c93.png,512,512,0.2752969264984131,0.22610393166542053,0.16395603120326996,11.391668676741741,17.93975830078125,2.52532958984375,13.980865478515625,65.55404663085938,10.0,13.42010498046875,0.9004092769440655,24.445707788516202,84.36851570065016,3518,33,86
UQ_new,Target test,/icislab/volume3/benderick/futurama/gwfss25/GWFSS/GWFSS_v1.0_labelled/images/UQ_new/5ef5544609e6c522e83d5d9b4b56663fe1639f83.png,/icislab/volume3/benderick/futurama/gwfss25/GWFSS/GWFSS_v1.0_labelled/class_id/UQ_new/5ef5544609e6c522e83d5d9b4b56663fe1639f83.png,512,512,0.38297581672668457,0.26061126589775085,0.22979359328746796,18.75829149526818,38.90037536621094,0.0,0.4192352294921875,60.680389404296875,8.48528137423857,0.431060791015625,3.6396724294813465,70.79646017699115,65.41353383458646,113,4,8
UQ_new,Target test,/icislab/volume3/benderick/futurama/gwfss25/GWFSS/GWFSS_v1.0_labelled/images/UQ_new/6315ca6b26f18a28383b03a49213a773879cc50b.png,/icislab/volume3/benderick/futurama/gwfss25/GWFSS/GWFSS_v1.0_labelled/class_id/UQ_new/6315ca6b26f18a28383b03a49213a773879cc50b.png,512,512,0.39194634556770325,0.3174588978290558,0.3142576813697815,18.386146487958655,20.807266235351562,0.0,0.0,79.19273376464844,,0.0,,,,0,0,0
UQ_new,Target test,/icislab/volume3/benderick/futurama/gwfss25/GWFSS/GWFSS_v1.0_labelled/images/UQ_new/6a504336c83a7d3a6082baa2717f1c5b14bb285b.png,/icislab/volume3/benderick/futurama/gwfss25/GWFSS/GWFSS_v1.0_labelled/class_id/UQ_new/6a504336c83a7d3a6082baa2717f1c5b14bb285b.png,512,512,0.3640003502368927,0.27995508909225464,0.22824785113334656,21.156841944689774,24.986648559570312,0.0,0.0,75.01335144042969,,0.0,,,,0,0,0
UQ_new,Target test,/icislab/volume3/benderick/futurama/gwfss25/GWFSS/GWFSS_v1.0_labelled/images/UQ_new/6a8c95b346edee0413f6f7a93526e8663462e390.png,/icislab/volume3/benderick/futurama/gwfss25/GWFSS/GWFSS_v1.0_labelled/class_id/UQ_new/6a8c95b346edee0413f6f7a93526e8663462e390.png,512,512,0.26134517788887024,0.25302255153656006,0.12677156925201416,13.172637832746675,54.013824462890625,0.0,0.3002166748046875,45.68595886230469,6.324555320336759,0.38909912109375,5.082592121982211,88.23529411764706,73.16017316017316,102,4,9
UQ_new,Target test,/icislab/volume3/benderick/futurama/gwfss25/GWFSS/GWFSS_v1.0_labelled/images/UQ_new/6a92f4f59c5fad233b515541bf89987df11037e2.png,/icislab/volume3/benderick/futurama/gwfss25/GWFSS/GWFSS_v1.0_labelled/class_id/UQ_new/6a92f4f59c5fad233b515541bf89987df11037e2.png,512,512,0.5131112337112427,0.2435351312160492,0.438371866941452,15.87160485694691,7.4687957763671875,9.398651123046875,0.9403228759765625,82.19223022460938,8.0,1.201629638671875,3.6511156186612577,79.36507936507937,59.3519882179676,315,9,25
UQ_new,Target test,/icislab/volume3/benderick/futurama/gwfss25/GWFSS/GWFSS_v1.0_labelled/images/UQ_new/6ab4dbfedce3c9bdaf48629c2c33fbf52e1beeeb.png,/icislab/volume3/benderick/futurama/gwfss25/GWFSS/GWFSS_v1.0_labelled/class_id/UQ_new/6ab4dbfedce3c9bdaf48629c2c33fbf52e1beeeb.png,512,512,0.3973729610443115,0.2976446747779846,0.01739361323416233,16.425374985621865,87.06474304199219,0.0,0.0,12.935256958007812,,0.0,,,,0,0,0
UQ_new,Target test,/icislab/volume3/benderick/futurama/gwfss25/GWFSS/GWFSS_v1.0_labelled/images/UQ_new/6ae57cedd47582ba156a7179f02356e2372b6fc3.png,/icislab/volume3/benderick/futurama/gwfss25/GWFSS/GWFSS_v1.0_labelled/class_id/UQ_new/6ae57cedd47582ba156a7179f02356e2372b6fc3.png,512,512,0.41070103645324707,0.31207066774368286,0.00818721018731594,16.3895223285536,88.46473693847656,0.0,0.0,11.535263061523438,,0.0,,,,0,0,0
UQ_new,Target test,/icislab/volume3/benderick/futurama/gwfss25/GWFSS/GWFSS_v1.0_labelled/images/UQ_new/6b0e25414062d860cbf6f9953039def0d0964afa.png,/icislab/volume3/benderick/futurama/gwfss25/GWFSS/GWFSS_v1.0_labelled/class_id/UQ_new/6b0e25414062d860cbf6f9953039def0d0964afa.png,512,512,0.2633354067802429,0.251752644777298,0.061036646366119385,10.812674637937889,64.0289306640625,0.0019073486328125,0.0,35.96916198730469,,0.0,,,,0,0,0
UQ_new,Target test,/icislab/volume3/benderick/futurama/gwfss25/GWFSS/GWFSS_v1.0_labelled/images/UQ_new/6c4198085d1f0788814793320aad278c9d98caf4.png,/icislab/volume3/benderick/futurama/gwfss25/GWFSS/GWFSS_v1.0_labelled/class_id/UQ_new/6c4198085d1f0788814793320aad278c9d98caf4.png,512,512,0.4582534432411194,0.2863368093967438,0.21775425970554352,12.598245423747084,12.240982055664062,4.5108795166015625,8.28094482421875,74.96719360351562,8.0,10.295867919921875,1.7965726920950802,34.08669877732493,89.80419827130005,2699,39,92
UQ_new,Target test,/icislab/volume3/benderick/futurama/gwfss25/GWFSS/GWFSS_v1.0_labelled/images/UQ_new/6d135e395bda07f8fb58134f6df585c8ab408a6c.png,/icislab/volume3/benderick/futurama/gwfss25/GWFSS/GWFSS_v1.0_labelled/class_id/UQ_new/6d135e395bda07f8fb58134f6df585c8ab408a6c.png,512,512,0.5183799266815186,0.25626131892204285,0.3657650649547577,14.266082245592747,12.839889526367188,8.783721923828125,2.8850555419921875,75.4913330078125,8.0,3.204345703125,1.9833399444664817,44.04761904761905,72.39669421487604,840,15,37
UQ_new,Target test,/icislab/volume3/benderick/futurama/gwfss25/GWFSS/GWFSS_v1.0_labelled/images/UQ_new/6d817752c0ab67c651703d339b36437d9f49fcf4.png,/icislab/volume3/benderick/futurama/gwfss25/GWFSS/GWFSS_v1.0_labelled/class_id/UQ_new/6d817752c0ab67c651703d339b36437d9f49fcf4.png,512,512,0.440093457698822,0.25035491585731506,0.2310871034860611,11.566747236426641,10.63079833984375,16.180419921875,8.681106567382812,64.50767517089844,8.0,10.784149169921875,1.2303906490310674,21.57764414573753,82.42221831604851,2827,28,61
UQ_new,Target test,/icislab/volume3/benderick/futurama/gwfss25/GWFSS/GWFSS_v1.0_labelled/images/UQ_new/6daa2da4087c346ce15356c808444e7d56f5bbef.png,/icislab/volume3/benderick/futurama/gwfss25/GWFSS/GWFSS_v1.0_labelled/class_id/UQ_new/6daa2da4087c346ce15356c808444e7d56f5bbef.png,512,512,0.42980948090553284,0.3066592216491699,0.05277380347251892,19.777301176206155,84.24186706542969,0.0,0.0,15.758132934570312,,0.0,,,,0,0,0
UQ_new,Target test,/icislab/volume3/benderick/futurama/gwfss25/GWFSS/GWFSS_v1.0_labelled/images/UQ_new/6e79c17c816ee2eb8919565fa342b39b29269660.png,/icislab/volume3/benderick/futurama/gwfss25/GWFSS/GWFSS_v1.0_labelled/class_id/UQ_new/6e79c17c816ee2eb8919565fa342b39b29269660.png,512,512,0.49441736936569214,0.23395419120788574,0.4476447105407715,17.332941650238112,6.7951202392578125,14.039230346679688,5.3638458251953125,73.80180358886719,10.770329614269007,4.75311279296875,1.2801365478984426,33.70786516853933,89.47162426614481,1246,18,42
UQ_new,Target test,/icislab/volume3/benderick/futurama/gwfss25/GWFSS/GWFSS_v1.0_labelled/images/UQ_new/6fd2d399ad8d1596077c960201a77652736a4e94.png,/icislab/volume3/benderick/futurama/gwfss25/GWFSS/GWFSS_v1.0_labelled/class_id/UQ_new/6fd2d399ad8d1596077c960201a77652736a4e94.png,512,512,0.33813562989234924,0.2316378504037857,0.06004278361797333,12.425745697903395,68.00765991210938,0.0,0.0,31.992340087890625,,0.0,,,,0,0,0
UQ_new,Target test,/icislab/volume3/benderick/futurama/gwfss25/GWFSS/GWFSS_v1.0_labelled/images/UQ_new/6fea8df36ff9455baee6ae91dcb87e059a199f55.png,/icislab/volume3/benderick/futurama/gwfss25/GWFSS/GWFSS_v1.0_labelled/class_id/UQ_new/6fea8df36ff9455baee6ae91dcb87e059a199f55.png,512,512,0.4183651804924011,0.3064815104007721,0.3323979377746582,15.004478701371971,5.6522369384765625,0.0,0.0,94.34776306152344,,0.0,,,,0,0,0
UQ_new,Target test,/icislab/volume3/benderick/futurama/gwfss25/GWFSS/GWFSS_v1.0_labelled/images/UQ_new/72a21805d9deaee2ca629c440bba4de6644ecca7.png,/icislab/volume3/benderick/futurama/gwfss25/GWFSS/GWFSS_v1.0_labelled/class_id/UQ_new/72a21805d9deaee2ca629c440bba4de6644ecca7.png,512,512,0.39510244131088257,0.3172798156738281,0.31216731667518616,19.055375801234057,11.0443115234375,0.0,0.0,88.9556884765625,,0.0,,,,0,0,0
UQ_new,Target test,/icislab/volume3/benderick/futurama/gwfss25/GWFSS/GWFSS_v1.0_labelled/images/UQ_new/7a6393189359fe8f0506731119ec7967ce8dd609.png,/icislab/volume3/benderick/futurama/gwfss25/GWFSS/GWFSS_v1.0_labelled/class_id/UQ_new/7a6393189359fe8f0506731119ec7967ce8dd609.png,512,512,0.4653639495372772,0.29794561862945557,0.35721731185913086,13.55489643089804,5.4637908935546875,0.0,0.0,94.53620910644531,,0.0,,,,0,0,0
UQ_new,Target test,/icislab/volume3/benderick/futurama/gwfss25/GWFSS/GWFSS_v1.0_labelled/images/UQ_new/7a8f8b8bd715d91bb955f27a44da965e960f0f08.png,/icislab/volume3/benderick/futurama/gwfss25/GWFSS/GWFSS_v1.0_labelled/class_id/UQ_new/7a8f8b8bd715d91bb955f27a44da965e960f0f08.png,512,512,0.462086021900177,0.31801682710647583,0.08609181642532349,19.0659418395214,74.97062683105469,0.0,0.0,25.029373168945312,,0.0,,,,0,0,0
UQ_new,Target test,/icislab/volume3/benderick/futurama/gwfss25/GWFSS/GWFSS_v1.0_labelled/images/UQ_new/7b4c6cff837e5c48ae5cb49094b8a0a7f013e6e6.png,/icislab/volume3/benderick/futurama/gwfss25/GWFSS/GWFSS_v1.0_labelled/class_id/UQ_new/7b4c6cff837e5c48ae5cb49094b8a0a7f013e6e6.png,512,512,0.36160290241241455,0.2926020920276642,0.19788765907287598,14.885049357734129,33.75282287597656,0.0,0.833892822265625,65.41328430175781,8.246211251235321,0.850677490234375,4.117108874656908,85.20179372197309,96.76113360323886,223,9,19
UQ_new,Target test,/icislab/volume3/benderick/futurama/gwfss25/GWFSS/GWFSS_v1.0_labelled/images/UQ_new/7b87fe0fbed555fb1386aff721ce9e8b32aefb67.png,/icislab/volume3/benderick/futurama/gwfss25/GWFSS/GWFSS_v1.0_labelled/class_id/UQ_new/7b87fe0fbed555fb1386aff721ce9e8b32aefb67.png,512,512,0.4550042152404785,0.27925360202789307,0.20341984927654266,12.696161859141135,10.818099975585938,7.7121734619140625,11.944580078125,69.525146484375,8.94427190999916,12.51220703125,0.8942258559018906,21.951219512195124,84.53105968331303,3280,28,72
UQ_new,Target test,/icislab/volume3/benderick/futurama/gwfss25/GWFSS/GWFSS_v1.0_labelled/images/UQ_new/7decf8a55a344aa405b6f5e9f943b7327df40e49.png,/icislab/volume3/benderick/futurama/gwfss25/GWFSS/GWFSS_v1.0_labelled/class_id/UQ_new/7decf8a55a344aa405b6f5e9f943b7327df40e49.png,512,512,0.5284377932548523,0.2682437300682068,0.20391510426998138,9.58202342401297,17.425918579101562,25.194549560546875,9.69390869140625,47.68562316894531,7.211102550927978,11.669158935546875,1.574059499449079,31.70970905524681,75.45654911838791,3059,40,97
UQ_new,Target test,/icislab/volume3/benderick/futurama/gwfss25/GWFSS/GWFSS_v1.0_labelled/images/UQ_new/80d02d999190ed217434758c70f42fcec9531ed9.png,/icislab/volume3/benderick/futurama/gwfss25/GWFSS/GWFSS_v1.0_labelled/class_id/UQ_new/80d02d999190ed217434758c70f42fcec9531ed9.png,512,512,0.4028595983982086,0.2715045213699341,0.3152150511741638,16.641528266978163,6.204986572265625,3.4862518310546875,1.5163421630859375,88.79241943359375,8.94427190999916,1.31988525390625,3.7735849056603774,89.59537572254335,91.45496535796767,346,15,31
UQ_new,Target test,/icislab/volume3/benderick/futurama/gwfss25/GWFSS/GWFSS_v1.0_labelled/images/UQ_new/8840a1cd3cc383c3eb6af6cf5e9c3307f4b6c5fa.png,/icislab/volume3/benderick/futurama/gwfss25/GWFSS/GWFSS_v1.0_labelled/class_id/UQ_new/8840a1cd3cc383c3eb6af6cf5e9c3307f4b6c5fa.png,512,512,0.4754015803337097,0.21539193391799927,0.25221705436706543,15.823511770356147,6.85577392578125,18.170547485351562,5.773162841796875,69.20051574707031,8.48528137423857,5.79071044921875,2.5769789877097926,57.312252964426875,79.77742448330683,1518,39,87
UQ_new,Target test,/icislab/volume3/benderick/futurama/gwfss25/GWFSS/GWFSS_v1.0_labelled/images/UQ_new/89f6dca2dcbcaf1f3948682912098b5ebfbeae12.png,/icislab/volume3/benderick/futurama/gwfss25/GWFSS/GWFSS_v1.0_labelled/class_id/UQ_new/89f6dca2dcbcaf1f3948682912098b5ebfbeae12.png,512,512,0.42891937494277954,0.25820422172546387,0.2299918532371521,16.666521241726702,26.642608642578125,0.0,0.0,73.35739135742188,,0.0,,,,0,0,0
UQ_new,Target test,/icislab/volume3/benderick/futurama/gwfss25/GWFSS/GWFSS_v1.0_labelled/images/UQ_new/8bce489cf743221de085f228f17abaf44121b6ff.png,/icislab/volume3/benderick/futurama/gwfss25/GWFSS/GWFSS_v1.0_labelled/class_id/UQ_new/8bce489cf743221de085f228f17abaf44121b6ff.png,512,512,0.32401901483535767,0.26857489347457886,0.14790162444114685,11.694843846188895,22.230148315429688,7.904815673828125,9.256362915039062,60.608673095703125,8.0,11.081695556640625,0.6181743251596951,14.113597246127366,73.60095254294949,2905,15,41
UQ_new,Target test,/icislab/volume3/benderick/futurama/gwfss25/GWFSS/GWFSS_v1.0_labelled/images/UQ_new/8bf5eead247817905ea4e02647c2fe7fbac814c4.png,/icislab/volume3/benderick/futurama/gwfss25/GWFSS/GWFSS_v1.0_labelled/class_id/UQ_new/8bf5eead247817905ea4e02647c2fe7fbac814c4.png,512,512,0.43135392665863037,0.28979402780532837,0.4555230736732483,20.228355900256307,3.522491455078125,0.0,0.0,96.47750854492188,,0.0,,,,0,0,0
UQ_new,Target test,/icislab/volume3/benderick/futurama/gwfss25/GWFSS/GWFSS_v1.0_labelled/images/UQ_new/8eee622f160e8f400d7d9b6fe0ce10dc51ab7031.png,/icislab/volume3/benderick/futurama/gwfss25/GWFSS/GWFSS_v1.0_labelled/class_id/UQ_new/8eee622f160e8f400d7d9b6fe0ce10dc51ab7031.png,512,512,0.4582737982273102,0.24211587011814117,0.21625842154026031,10.23247577105943,10.900497436523438,29.467010498046875,9.165191650390625,50.46730041503906,8.0,10.959625244140625,1.331890452010322,27.845457709711102,81.74133558748943,2873,32,80
UQ_new,Target test,/icislab/volume3/benderick/futurama/gwfss25/GWFSS/GWFSS_v1.0_labelled/images/UQ_new/8f7581b39724de06a36a675ee60e089bdd85501b.png,/icislab/volume3/benderick/futurama/gwfss25/GWFSS/GWFSS_v1.0_labelled/class_id/UQ_new/8f7581b39724de06a36a675ee60e089bdd85501b.png,512,512,0.492373526096344,0.24150750041007996,0.26274245977401733,10.374794775834443,9.358978271484375,14.683914184570312,10.503005981445312,65.4541015625,8.0,12.577056884765625,1.416482039734137,28.207461328480438,78.63790811050377,3297,39,93
UQ_new,Target test,/icislab/volume3/benderick/futurama/gwfss25/GWFSS/GWFSS_v1.0_labelled/images/UQ_new/8f7e898df5a80f3337956bae8e60417ff051d882.png,/icislab/volume3/benderick/futurama/gwfss25/GWFSS/GWFSS_v1.0_labelled/class_id/UQ_new/8f7e898df5a80f3337956bae8e60417ff051d882.png,512,512,0.390653520822525,0.27869972586631775,0.14637689292430878,14.979450897942202,52.544403076171875,0.0,0.3688812255859375,47.08671569824219,7.211102550927978,0.423431396484375,6.204756980351603,108.10810810810811,84.81481481481481,111,6,12
UQ_new,Target test,/icislab/volume3/benderick/futurama/gwfss25/GWFSS/GWFSS_v1.0_labelled/images/UQ_new/8ff5ff7acb495743f14e7c96934cb678e2ba4a33.png,/icislab/volume3/benderick/futurama/gwfss25/GWFSS/GWFSS_v1.0_labelled/class_id/UQ_new/8ff5ff7acb495743f14e7c96934cb678e2ba4a33.png,512,512,0.5431357026100159,0.2684410512447357,0.26578009128570557,11.322009321265519,4.9045562744140625,25.969314575195312,12.435531616210938,56.69059753417969,8.94427190999916,12.9852294921875,1.0736525660296328,24.676850763807284,86.02683780630105,3404,35,84
UQ_new,Target test,/icislab/volume3/benderick/futurama/gwfss25/GWFSS/GWFSS_v1.0_labelled/images/UQ_new/9c56984c0925c6190370652886d4e85636a3e449.png,/icislab/volume3/benderick/futurama/gwfss25/GWFSS/GWFSS_v1.0_labelled/class_id/UQ_new/9c56984c0925c6190370652886d4e85636a3e449.png,512,512,0.4619109630584717,0.2822144627571106,0.5477566719055176,22.778829515385393,3.3466339111328125,0.0,0.0,96.65336608886719,,0.0,,,,0,0,0
UQ_new,Target test,/icislab/volume3/benderick/futurama/gwfss25/GWFSS/GWFSS_v1.0_labelled/images/UQ_new/9c84dac7433c4fb821961ae83f76234258d4addd.png,/icislab/volume3/benderick/futurama/gwfss25/GWFSS/GWFSS_v1.0_labelled/class_id/UQ_new/9c84dac7433c4fb821961ae83f76234258d4addd.png,512,512,0.43564316630363464,0.3214816749095917,0.05095457285642624,19.173915507232433,81.42013549804688,0.0,0.0,18.579864501953125,,0.0,,,,0,0,0
UQ_new,Target test,/icislab/volume3/benderick/futurama/gwfss25/GWFSS/GWFSS_v1.0_labelled/images/UQ_new/9d829ed4a8215a30599009896347bb2d3008212f.png,/icislab/volume3/benderick/futurama/gwfss25/GWFSS/GWFSS_v1.0_labelled/class_id/UQ_new/9d829ed4a8215a30599009896347bb2d3008212f.png,512,512,0.2712065875530243,0.2609773874282837,0.11988025903701782,14.356981752427187,54.63829040527344,0.0,0.0,45.36170959472656,,0.0,,,,0,0,0
UQ_new,Target test,/icislab/volume3/benderick/futurama/gwfss25/GWFSS/GWFSS_v1.0_labelled/images/UQ_new/9f182e173c73ea0d8b22c7013baa6cbb5b240bc9.png,/icislab/volume3/benderick/futurama/gwfss25/GWFSS/GWFSS_v1.0_labelled/class_id/UQ_new/9f182e173c73ea0d8b22c7013baa6cbb5b240bc9.png,512,512,0.4354267120361328,0.31984326243400574,0.07283001393079758,21.47851522393468,80.1422119140625,0.0,0.1796722412109375,19.678115844726562,6.324555320336759,0.225067138671875,4.246284501061571,84.7457627118644,66.18705035971223,59,2,5
UQ_new,Target test,/icislab/volume3/benderick/futurama/gwfss25/GWFSS/GWFSS_v1.0_labelled/images/UQ_new/a18214d4bcfff3f50dcd5c8e56dbf5e1f97ce634.png,/icislab/volume3/benderick/futurama/gwfss25/GWFSS/GWFSS_v1.0_labelled/class_id/UQ_new/a18214d4bcfff3f50dcd5c8e56dbf5e1f97ce634.png,512,512,0.4432680606842041,0.2507994472980499,0.3075130581855774,13.738956596108052,3.6907196044921875,4.1706085205078125,3.0879974365234375,89.05067443847656,8.94427190999916,2.78472900390625,2.1000617665225447,47.945205479452056,92.0,730,17,35
USASK,Unused,/icislab/volume3/benderick/futurama/gwfss25/GWFSS/GWFSS_v1.0_labelled/images/USASK/1021-compressed_001.png,/icislab/volume3/benderick/futurama/gwfss25/GWFSS/GWFSS_v1.0_labelled/class_id/USASK/1021-compressed_001.png,512,512,0.2948341369628906,0.16014187037944794,0.059280019253492355,11.088061211126597,38.63525390625,11.912155151367188,5.9429168701171875,43.509674072265625,7.211102550927978,7.289886474609375,1.0270235573528468,21.454735740450026,45.63564875491481,1911,16,41
USASK,Unused,/icislab/volume3/benderick/futurama/gwfss25/GWFSS/GWFSS_v1.0_labelled/images/USASK/1021-compressed_002.png,/icislab/volume3/benderick/futurama/gwfss25/GWFSS/GWFSS_v1.0_labelled/class_id/USASK/1021-compressed_002.png,512,512,0.27030155062675476,0.16021831333637238,0.03378741815686226,10.310738174649988,39.2608642578125,7.21282958984375,5.4210662841796875,48.10523986816406,8.246211251235321,6.084442138671875,1.3369924706213496,28.84012539184953,60.664819944598335,1595,19,46
USASK,Unused,/icislab/volume3/benderick/futurama/gwfss25/GWFSS/GWFSS_v1.0_labelled/images/USASK/1046-compressed_001.png,/icislab/volume3/benderick/futurama/gwfss25/GWFSS/GWFSS_v1.0_labelled/class_id/USASK/1046-compressed_001.png,512,512,0.3332575559616089,0.1751003861427307,0.006812241859734058,10.750882301003452,53.41300964355469,13.812255859375,5.764007568359375,27.010726928710938,6.0,8.434295654296875,1.257445400397088,23.97105382180009,36.67044167610419,2211,19,53
USASK,Unused,/icislab/volume3/benderick/futurama/gwfss25/GWFSS/GWFSS_v1.0_labelled/images/USASK/1046-compressed_002.png,/icislab/volume3/benderick/futurama/gwfss25/GWFSS/GWFSS_v1.0_labelled/class_id/USASK/1046-compressed_002.png,512,512,0.3716168999671936,0.21158824861049652,-0.0007903160294517875,11.01058456463581,36.43455505371094,9.658432006835938,3.6220550537109375,50.28495788574219,7.211102550927978,4.81414794921875,1.263823064770932,23.771790808240887,61.01891161713624,1262,12,30
USASK,Unused,/icislab/volume3/benderick/futurama/gwfss25/GWFSS/GWFSS_v1.0_labelled/images/USASK/1209-compressed_001.png,/icislab/volume3/benderick/futurama/gwfss25/GWFSS/GWFSS_v1.0_labelled/class_id/USASK/1209-compressed_001.png,512,512,0.26654499769210815,0.14014288783073425,0.06679799407720566,10.503438916709493,21.631240844726562,14.914703369140625,6.8836212158203125,56.5704345703125,8.48528137423857,7.0953369140625,0.886672208367969,26.881720430107528,72.00772200772201,1860,16,50
USASK,Unused,/icislab/volume3/benderick/futurama/gwfss25/GWFSS/GWFSS_v1.0_labelled/images/USASK/1248-compressed_001.png,/icislab/volume3/benderick/futurama/gwfss25/GWFSS/GWFSS_v1.0_labelled/class_id/USASK/1248-compressed_001.png,512,512,0.29169097542762756,0.15858693420886993,0.02505701221525669,9.123869225834374,22.489166259765625,12.8265380859375,10.5987548828125,54.085540771484375,10.0,9.952545166015625,0.539879067088972,21.08087389804523,70.42694868781825,2609,15,55
USASK,Unused,/icislab/volume3/benderick/futurama/gwfss25/GWFSS/GWFSS_v1.0_labelled/images/USASK/1307-compressed_001.png,/icislab/volume3/benderick/futurama/gwfss25/GWFSS/GWFSS_v1.0_labelled/class_id/USASK/1307-compressed_001.png,512,512,0.3567368984222412,0.22901305556297302,0.04510417580604553,11.829656211808349,22.79205322265625,19.081497192382812,9.857177734375,48.26927185058594,7.211102550927978,12.451171875,1.6253869969040247,35.845588235294116,67.04177585941113,3264,42,117
USASK,Unused,/icislab/volume3/benderick/futurama/gwfss25/GWFSS/GWFSS_v1.0_labelled/images/USASK/1307-compressed_002.png,/icislab/volume3/benderick/futurama/gwfss25/GWFSS/GWFSS_v1.0_labelled/class_id/USASK/1307-compressed_002.png,512,512,0.2957170903682709,0.25676146149635315,0.02221856079995632,10.844463294250595,38.622283935546875,18.291091918945312,5.21087646484375,37.87574768066406,8.0,6.000518798828125,0.6588579795021962,20.3432930705658,66.81832954176146,1573,9,32
USASK,Unused,/icislab/volume3/benderick/futurama/gwfss25/GWFSS/GWFSS_v1.0_labelled/images/USASK/1312-compressed_001.png,/icislab/volume3/benderick/futurama/gwfss25/GWFSS/GWFSS_v1.0_labelled/class_id/USASK/1312-compressed_001.png,512,512,0.2802428901195526,0.17893268167972565,0.023091468960046768,10.707794004776295,40.0421142578125,5.5789947509765625,13.774490356445312,40.604400634765625,8.0,14.987945556640625,0.5815724611592678,22.143038941206413,61.636240703177826,3929,21,87
USASK,Unused,/icislab/volume3/benderick/futurama/gwfss25/GWFSS/GWFSS_v1.0_labelled/images/USASK/1312-compressed_002.png,/icislab/volume3/benderick/futurama/gwfss25/GWFSS/GWFSS_v1.0_labelled/class_id/USASK/1312-compressed_002.png,512,512,0.2630974352359772,0.210012286901474,0.008042922243475914,9.780160070886478,49.924468994140625,10.0555419921875,9.738922119140625,30.28106689453125,8.0,12.1307373046875,0.39169604386995693,14.465408805031446,48.139686684073105,3180,10,46
USASK,Unused,/icislab/volume3/benderick/futurama/gwfss25/GWFSS/GWFSS_v1.0_labelled/images/USASK/138-compressed_001.png,/icislab/volume3/benderick/futurama/gwfss25/GWFSS/GWFSS_v1.0_labelled/class_id/USASK/138-compressed_001.png,512,512,0.29134488105773926,0.18020479381084442,0.0576433390378952,11.13404027693882,22.521591186523438,11.46087646484375,8.446121215820312,57.5714111328125,8.48528137423857,8.75091552734375,0.8129714105053972,27.46294681778553,76.75847939904394,2294,18,63
USASK,Unused,/icislab/volume3/benderick/futurama/gwfss25/GWFSS/GWFSS_v1.0_labelled/images/USASK/138-compressed_002.png,/icislab/volume3/benderick/futurama/gwfss25/GWFSS/GWFSS_v1.0_labelled/class_id/USASK/138-compressed_002.png,512,512,0.2767333686351776,0.18929924070835114,0.0542084202170372,11.275316377881541,48.89068603515625,12.517547607421875,5.002593994140625,33.58917236328125,8.0,5.60760498046875,0.7625438462711606,18.367346938775512,44.187604690117254,1470,10,27
USASK,Unused,/icislab/volume3/benderick/futurama/gwfss25/GWFSS/GWFSS_v1.0_labelled/images/USASK/159-compressed_001.png,/icislab/volume3/benderick/futurama/gwfss25/GWFSS/GWFSS_v1.0_labelled/class_id/USASK/159-compressed_001.png,512,512,0.22800612449645996,0.13200192153453827,0.06267598271369934,9.525301734992548,47.98469543457031,13.23089599609375,3.7715911865234375,35.0128173828125,6.324555320336759,5.023956298828125,0.7080004045716598,18.982536066818525,22.514506769825918,1317,7,25
USASK,Unused,/icislab/volume3/benderick/futurama/gwfss25/GWFSS/GWFSS_v1.0_labelled/images/USASK/159-compressed_002.png,/icislab/volume3/benderick/futurama/gwfss25/GWFSS/GWFSS_v1.0_labelled/class_id/USASK/159-compressed_002.png,512,512,0.19024693965911865,0.15180356800556183,0.04067932069301605,8.8962124808087,24.885177612304688,12.13836669921875,6.1824798583984375,56.793975830078125,8.246211251235321,6.549835205078125,0.8638242734620842,19.219569015725103,90.9423347398031,1717,14,33
USASK,Unused,/icislab/volume3/benderick/futurama/gwfss25/GWFSS/GWFSS_v1.0_labelled/images/USASK/1629-compressed_001.png,/icislab/volume3/benderick/futurama/gwfss25/GWFSS/GWFSS_v1.0_labelled/class_id/USASK/1629-compressed_001.png,512,512,0.3846747875213623,0.17564606666564941,0.006848594639450312,11.245411524313353,21.368026733398438,26.494979858398438,7.900238037109375,44.23675537109375,7.211102550927978,8.96453857421875,1.6417189763399325,37.87234042553192,82.18415417558886,2350,34,89
USASK,Unused,/icislab/volume3/benderick/futurama/gwfss25/GWFSS/GWFSS_v1.0_labelled/images/USASK/163-compressed_001.png,/icislab/volume3/benderick/futurama/gwfss25/GWFSS/GWFSS_v1.0_labelled/class_id/USASK/163-compressed_001.png,512,512,0.229183629155159,0.14162860810756683,0.0724363699555397,9.082495298903801,22.842788696289062,11.51885986328125,6.3938140869140625,59.244537353515625,8.246211251235321,6.725311279296875,0.9545969810870473,26.091888825865002,66.94736842105263,1763,16,46
USASK,Unused,/icislab/volume3/benderick/futurama/gwfss25/GWFSS/GWFSS_v1.0_labelled/images/USASK/163-compressed_002.png,/icislab/volume3/benderick/futurama/gwfss25/GWFSS/GWFSS_v1.0_labelled/class_id/USASK/163-compressed_002.png,512,512,0.2134450376033783,0.15747225284576416,0.05779995024204254,9.803535728977259,21.550369262695312,15.074539184570312,3.1406402587890625,60.23445129394531,8.246211251235321,3.4332275390625,1.0931616664642294,26.666666666666668,78.15904139433552,900,9,24
USASK,Unused,/icislab/volume3/benderick/futurama/gwfss25/GWFSS/GWFSS_v1.0_labelled/images/USASK/1636-compressed_001.png,/icislab/volume3/benderick/futurama/gwfss25/GWFSS/GWFSS_v1.0_labelled/class_id/USASK/1636-compressed_001.png,512,512,0.3314526081085205,0.16714458167552948,0.01311885192990303,10.045987243336826,18.625640869140625,14.291000366210938,10.088348388671875,56.99501037597656,8.246211251235321,10.467529296875,0.8318838387657869,21.865889212827987,64.90174672489083,2744,22,60
USASK,Unused,/icislab/volume3/benderick/futurama/gwfss25/GWFSS/GWFSS_v1.0_labelled/images/USASK/166-compressed_001.png,/icislab/volume3/benderick/futurama/gwfss25/GWFSS/GWFSS_v1.0_labelled/class_id/USASK/166-compressed_001.png,512,512,0.3090646266937256,0.18073390424251556,0.019648684188723564,10.646306797848103,47.59407043457031,16.315841674804688,5.0373077392578125,31.052780151367188,7.211102550927978,6.252288818359375,0.6815600151457781,19.524100061012813,52.212937171154444,1639,9,32
USASK,Unused,/icislab/volume3/benderick/futurama/gwfss25/GWFSS/GWFSS_v1.0_labelled/images/USASK/166-compressed_002.png,/icislab/volume3/benderick/futurama/gwfss25/GWFSS/GWFSS_v1.0_labelled/class_id/USASK/166-compressed_002.png,512,512,0.31203413009643555,0.17438988387584686,0.020650988444685936,9.986712978271457,29.66461181640625,12.842941284179688,15.112686157226562,42.3797607421875,8.246211251235321,16.750335693359375,0.12620844586919758,13.208836255978136,63.23662153449388,4391,5,58
USASK,Unused,/icislab/volume3/benderick/futurama/gwfss25/GWFSS/GWFSS_v1.0_labelled/images/USASK/1762-compressed_001.png,/icislab/volume3/benderick/futurama/gwfss25/GWFSS/GWFSS_v1.0_labelled/class_id/USASK/1762-compressed_001.png,512,512,0.2451396882534027,0.1575092226266861,0.03243106231093407,9.918232522101059,23.26202392578125,4.06341552734375,6.1573028564453125,66.51725769042969,8.0,6.435394287109375,1.3010346323028312,29.04564315352697,87.99189814814815,1687,21,49
USASK,Unused,/icislab/volume3/benderick/futurama/gwfss25/GWFSS/GWFSS_v1.0_labelled/images/USASK/1762-compressed_002.png,/icislab/volume3/benderick/futurama/gwfss25/GWFSS/GWFSS_v1.0_labelled/class_id/USASK/1762-compressed_002.png,512,512,0.28860726952552795,0.1692851334810257,0.03987826406955719,11.222237764895748,40.23323059082031,17.667007446289062,3.0689239501953125,39.03083801269531,7.211102550927978,3.887176513671875,1.2430080795525171,29.44062806673209,77.2528007793473,1019,10,30
USASK,Unused,/icislab/volume3/benderick/futurama/gwfss25/GWFSS/GWFSS_v1.0_labelled/images/USASK/1816-compressed_001.png,/icislab/volume3/benderick/futurama/gwfss25/GWFSS/GWFSS_v1.0_labelled/class_id/USASK/1816-compressed_001.png,512,512,0.33067601919174194,0.24739952385425568,0.04551536962389946,11.2360874075808,12.85247802734375,11.680984497070312,8.920669555664062,66.54586791992188,7.211102550927978,10.295867919921875,0.3420996365191362,16.302334197851057,79.69954536469658,2699,8,44
USASK,Unused,/icislab/volume3/benderick/futurama/gwfss25/GWFSS/GWFSS_v1.0_labelled/images/USASK/1816-compressed_002.png,/icislab/volume3/benderick/futurama/gwfss25/GWFSS/GWFSS_v1.0_labelled/class_id/USASK/1816-compressed_002.png,512,512,0.36054888367652893,0.2787574827671051,0.0523742213845253,13.513808261736026,29.994583129882812,18.059921264648438,9.149551391601562,42.79594421386719,7.211102550927978,12.035369873046875,0.8755472170106317,21.55309033280507,59.99672506959227,3155,21,68
USASK,Unused,/icislab/volume3/benderick/futurama/gwfss25/GWFSS/GWFSS_v1.0_labelled/images/USASK/1911-compressed_001.png,/icislab/volume3/benderick/futurama/gwfss25/GWFSS/GWFSS_v1.0_labelled/class_id/USASK/1911-compressed_001.png,512,512,0.28980618715286255,0.1966136395931244,0.027651112526655197,10.055188414995675,55.40046691894531,10.738754272460938,5.742645263671875,28.118133544921875,6.0,8.289337158203125,1.3949780789159028,22.549470777726643,35.25345622119816,2173,21,49
USASK,Unused,/icislab/volume3/benderick/futurama/gwfss25/GWFSS/GWFSS_v1.0_labelled/images/USASK/2091-compressed_002.png,/icislab/volume3/benderick/futurama/gwfss25/GWFSS/GWFSS_v1.0_labelled/class_id/USASK/2091-compressed_002.png,512,512,0.32682719826698303,0.2596200406551361,0.05747640132904053,11.50408738920932,19.449996948242188,22.052383422851562,13.48876953125,45.00885009765625,10.0,13.607025146484375,0.5090497737556561,19.624334174376227,67.20734506503443,3567,18,70
USASK,Unused,/icislab/volume3/benderick/futurama/gwfss25/GWFSS/GWFSS_v1.0_labelled/images/USASK/2140-compressed_001.png,/icislab/volume3/benderick/futurama/gwfss25/GWFSS/GWFSS_v1.0_labelled/class_id/USASK/2140-compressed_001.png,512,512,0.2782946527004242,0.17808908224105835,0.04450441524386406,10.164815134993384,33.60404968261719,9.344100952148438,7.9921722412109375,49.05967712402344,7.211102550927978,9.197235107421875,1.3364517206815905,31.522189962671092,57.361026267562615,2411,28,76
USASK,Unused,/icislab/volume3/benderick/futurama/gwfss25/GWFSS/GWFSS_v1.0_labelled/images/USASK/2140-compressed_002.png,/icislab/volume3/benderick/futurama/gwfss25/GWFSS/GWFSS_v1.0_labelled/class_id/USASK/2140-compressed_002.png,512,512,0.28395816683769226,0.20132876932621002,0.05390400439500809,11.013753713977199,45.14732360839844,14.03656005859375,5.3630828857421875,35.453033447265625,8.0,6.44683837890625,1.2803186570879863,30.76923076923077,48.445365709209355,1690,18,52
USASK,Unused,/icislab/volume3/benderick/futurama/gwfss25/GWFSS/GWFSS_v1.0_labelled/images/USASK/2146-compressed_002.png,/icislab/volume3/benderick/futurama/gwfss25/GWFSS/GWFSS_v1.0_labelled/class_id/USASK/2146-compressed_002.png,512,512,0.23630128800868988,0.19978398084640503,0.030906125903129578,10.566052876908245,36.69013977050781,6.473541259765625,5.216217041015625,51.62010192871094,8.0,6.114959716796875,1.5357612988152698,37.42981908920773,68.83519206939282,1603,21,60
USASK,Unused,/icislab/volume3/benderick/futurama/gwfss25/GWFSS/GWFSS_v1.0_labelled/images/USASK/216-compressed_001.png,/icislab/volume3/benderick/futurama/gwfss25/GWFSS/GWFSS_v1.0_labelled/class_id/USASK/216-compressed_001.png,512,512,0.3100435137748718,0.16344697773456573,0.05159527808427811,10.856320928683134,35.92720031738281,12.549591064453125,7.67822265625,43.84498596191406,8.246211251235321,8.571624755859375,0.7452305246422893,20.471740097908324,65.05494505494505,2247,15,46
USASK,Unused,/icislab/volume3/benderick/futurama/gwfss25/GWFSS/GWFSS_v1.0_labelled/images/USASK/216-compressed_002.png,/icislab/volume3/benderick/futurama/gwfss25/GWFSS/GWFSS_v1.0_labelled/class_id/USASK/216-compressed_002.png,512,512,0.24045948684215546,0.1229964941740036,0.04072416573762894,7.418984942031769,40.648651123046875,7.46002197265625,5.3432464599609375,46.54808044433594,8.0,5.7220458984375,0.49975012493753124,14.666666666666666,40.683646112600535,1500,7,22
USASK,Unused,/icislab/volume3/benderick/futurama/gwfss25/GWFSS/GWFSS_v1.0_labelled/images/USASK/218-compressed_001.png,/icislab/volume3/benderick/futurama/gwfss25/GWFSS/GWFSS_v1.0_labelled/class_id/USASK/218-compressed_001.png,512,512,0.24431219696998596,0.11676998436450958,0.011679213494062424,7.982385779038162,71.53244018554688,5.3863525390625,3.569793701171875,19.51141357421875,10.0,3.482818603515625,1.1754648429151529,30.668127053669224,33.81798599892299,913,11,28
USASK,Unused,/icislab/volume3/benderick/futurama/gwfss25/GWFSS/GWFSS_v1.0_labelled/images/USASK/218-compressed_002.png,/icislab/volume3/benderick/futurama/gwfss25/GWFSS/GWFSS_v1.0_labelled/class_id/USASK/218-compressed_002.png,512,512,0.2670894265174866,0.1647682934999466,0.041871242225170135,9.120338907329856,37.40196228027344,6.769561767578125,3.9615631103515625,51.866912841796875,8.0,4.44793701171875,0.9629272989889264,20.58319039451115,56.124161073825505,1166,10,24
USASK,Unused,/icislab/volume3/benderick/futurama/gwfss25/GWFSS/GWFSS_v1.0_labelled/images/USASK/2213-compressed_001.png,/icislab/volume3/benderick/futurama/gwfss25/GWFSS/GWFSS_v1.0_labelled/class_id/USASK/2213-compressed_001.png,512,512,0.3879806399345398,0.2197827398777008,0.05643443763256073,12.935144288778432,25.830078125,22.39532470703125,4.940032958984375,46.834564208984375,6.324555320336759,6.717681884765625,1.1583011583011582,26.12152186257808,77.08393010598682,1761,15,46
USASK,Unused,/icislab/volume3/benderick/futurama/gwfss25/GWFSS/GWFSS_v1.0_labelled/images/USASK/2213-compressed_002.png,/icislab/volume3/benderick/futurama/gwfss25/GWFSS/GWFSS_v1.0_labelled/class_id/USASK/2213-compressed_002.png,512,512,0.2679818272590637,0.205409973859787,0.014366256073117256,10.743603402703528,36.22474670410156,5.46417236328125,7.0255279541015625,51.285552978515625,8.246211251235321,7.7362060546875,0.868762556333822,25.641025641025642,73.19665907365224,2028,16,52
USASK,Unused,/icislab/volume3/benderick/futurama/gwfss25/GWFSS/GWFSS_v1.0_labelled/images/USASK/2216-compressed_001.png,/icislab/volume3/benderick/futurama/gwfss25/GWFSS/GWFSS_v1.0_labelled/class_id/USASK/2216-compressed_001.png,512,512,0.350839227437973,0.21246081590652466,0.0508873276412487,11.880890741729566,30.884552001953125,18.29681396484375,11.593246459960938,39.22538757324219,6.324555320336759,15.392303466796875,1.1845612187818761,25.77447335811648,57.61631612492033,4035,36,104
USASK,Unused,/icislab/volume3/benderick/futurama/gwfss25/GWFSS/GWFSS_v1.0_labelled/images/USASK/2216-compressed_002.png,/icislab/volume3/benderick/futurama/gwfss25/GWFSS/GWFSS_v1.0_labelled/class_id/USASK/2216-compressed_002.png,512,512,0.3324955701828003,0.24461399018764496,0.02490660734474659,12.207200909740495,34.02252197265625,15.939712524414062,2.295684814453125,47.74208068847656,6.0,3.45611572265625,3.489531405782652,51.87637969094923,76.06438213914849,906,21,47
USASK,Unused,/icislab/volume3/benderick/futurama/gwfss25/GWFSS/GWFSS_v1.0_labelled/images/USASK/231-compressed_001.png,/icislab/volume3/benderick/futurama/gwfss25/GWFSS/GWFSS_v1.0_labelled/class_id/USASK/231-compressed_001.png,512,512,0.1981816589832306,0.14100396633148193,0.05762111395597458,8.60242160072017,21.967315673828125,10.842514038085938,4.51812744140625,62.67204284667969,7.211102550927978,5.40924072265625,1.4353259034110097,28.913963328631876,65.06944444444444,1418,17,41
USASK,Unused,/icislab/volume3/benderick/futurama/gwfss25/GWFSS/GWFSS_v1.0_labelled/images/USASK/231-compressed_002.png,/icislab/volume3/benderick/futurama/gwfss25/GWFSS/GWFSS_v1.0_labelled/class_id/USASK/231-compressed_002.png,512,512,0.1621289849281311,0.1399594396352768,0.04258198291063309,7.799154661262336,38.70124816894531,6.456756591796875,2.0870208740234375,52.754974365234375,8.48528137423857,2.13623046875,2.5589471760190095,51.785714285714285,72.99843014128729,560,14,29
USASK,Unused,/icislab/volume3/benderick/futurama/gwfss25/GWFSS/GWFSS_v1.0_labelled/images/USASK/2353-compressed_001.png,/icislab/volume3/benderick/futurama/gwfss25/GWFSS/GWFSS_v1.0_labelled/class_id/USASK/2353-compressed_001.png,512,512,0.27493366599082947,0.17323361337184906,0.11705942451953888,11.19393450114691,17.704391479492188,19.006729125976562,16.042327880859375,47.246551513671875,8.48528137423857,15.659332275390625,0.4755790174537499,15.347137637028014,71.35483870967742,4105,20,63
USASK,Unused,/icislab/volume3/benderick/futurama/gwfss25/GWFSS/GWFSS_v1.0_labelled/images/USASK/2353-compressed_002.png,/icislab/volume3/benderick/futurama/gwfss25/GWFSS/GWFSS_v1.0_labelled/class_id/USASK/2353-compressed_002.png,512,512,0.25649750232696533,0.15373051166534424,0.09920448809862137,9.84395281908871,6.45751953125,11.895751953125,10.242843627929688,71.40388488769531,10.198039027185569,9.2315673828125,1.0800342631559345,28.512396694214875,88.79743023489259,2420,29,69
USASK,Unused,/icislab/volume3/benderick/futurama/gwfss25/GWFSS/GWFSS_v1.0_labelled/images/USASK/2386-compressed_002.png,/icislab/volume3/benderick/futurama/gwfss25/GWFSS/GWFSS_v1.0_labelled/class_id/USASK/2386-compressed_002.png,512,512,0.2623588740825653,0.18986962735652924,0.09802215546369553,11.707229467609464,14.460372924804688,12.748336791992188,3.000640869140625,69.7906494140625,8.48528137423857,3.063201904296875,1.6526824307144674,39.85056039850561,86.35794743429287,803,13,32
USASK,Unused,/icislab/volume3/benderick/futurama/gwfss25/GWFSS/GWFSS_v1.0_labelled/images/USASK/2436-compressed_001.png,/icislab/volume3/benderick/futurama/gwfss25/GWFSS/GWFSS_v1.0_labelled/class_id/USASK/2436-compressed_001.png,512,512,0.25916582345962524,0.15693500638008118,0.05620579421520233,11.243535017722825,36.28501892089844,9.299850463867188,6.215667724609375,48.199462890625,7.211102550927978,7.831573486328125,1.7184239597397815,33.12226010716025,66.69895858561395,2053,28,68
USASK,Unused,/icislab/volume3/benderick/futurama/gwfss25/GWFSS/GWFSS_v1.0_labelled/images/USASK/2436-compressed_002.png,/icislab/volume3/benderick/futurama/gwfss25/GWFSS/GWFSS_v1.0_labelled/class_id/USASK/2436-compressed_002.png,512,512,0.28184571862220764,0.17526103556156158,0.06070445850491524,12.01242484818249,42.081451416015625,13.232803344726562,4.508209228515625,40.17753601074219,7.211102550927978,5.252838134765625,1.100016923337282,20.334059549745824,64.22277053225238,1377,13,28
USASK,Unused,/icislab/volume3/benderick/futurama/gwfss25/GWFSS/GWFSS_v1.0_labelled/images/USASK/2451-compressed_002.png,/icislab/volume3/benderick/futurama/gwfss25/GWFSS/GWFSS_v1.0_labelled/class_id/USASK/2451-compressed_002.png,512,512,0.22468963265419006,0.13397249579429626,0.02835145965218544,8.73980151035001,48.01521301269531,4.222869873046875,3.1307220458984375,44.631195068359375,6.0,4.245758056640625,1.8277080541001585,35.04043126684636,69.76954360596476,1113,15,39
USASK,Unused,/icislab/volume3/benderick/futurama/gwfss25/GWFSS/GWFSS_v1.0_labelled/images/USASK/249-compressed_001.png,/icislab/volume3/benderick/futurama/gwfss25/GWFSS/GWFSS_v1.0_labelled/class_id/USASK/249-compressed_001.png,512,512,0.14667271077632904,0.0798499658703804,0.024671772494912148,5.818202392942468,44.3115234375,0.3818511962890625,2.40936279296875,52.89726257324219,8.246211251235321,2.54058837890625,2.53324889170361,55.55555555555556,77.25988700564972,666,16,37
USASK,Unused,/icislab/volume3/benderick/futurama/gwfss25/GWFSS/GWFSS_v1.0_labelled/images/USASK/2502-compressed_001.png,/icislab/volume3/benderick/futurama/gwfss25/GWFSS/GWFSS_v1.0_labelled/class_id/USASK/2502-compressed_001.png,512,512,0.2523399591445923,0.13961271941661835,0.06760509312152863,10.126166795172097,34.397125244140625,10.5926513671875,7.1651458740234375,47.84507751464844,7.211102550927978,8.945465087890625,1.2245115263802375,25.586353944562898,65.97893831936385,2345,23,60
USASK,Unused,/icislab/volume3/benderick/futurama/gwfss25/GWFSS/GWFSS_v1.0_labelled/images/USASK/2681-compressed_002.png,/icislab/volume3/benderick/futurama/gwfss25/GWFSS/GWFSS_v1.0_labelled/class_id/USASK/2681-compressed_002.png,512,512,0.3018267750740051,0.15071825683116913,0.10817263275384903,7.854265186188154,75.61874389648438,7.4054718017578125,5.5484771728515625,11.42730712890625,8.246211251235321,5.764007568359375,1.3062908215881746,28.457974851091993,16.61900222434064,1511,19,43
USASK,Unused,/icislab/volume3/benderick/futurama/gwfss25/GWFSS/GWFSS_v1.0_labelled/images/USASK/2759-compressed_001.png,/icislab/volume3/benderick/futurama/gwfss25/GWFSS/GWFSS_v1.0_labelled/class_id/USASK/2759-compressed_001.png,512,512,0.23221251368522644,0.1486843079328537,0.027852768078446388,9.29388518810336,11.174774169921875,9.063339233398438,4.51812744140625,75.24375915527344,8.0,5.130767822265625,1.7730496453900708,37.9182156133829,82.97948902482908,1345,21,51
USASK,Unused,/icislab/volume3/benderick/futurama/gwfss25/GWFSS/GWFSS_v1.0_labelled/images/USASK/2761-compressed_002.png,/icislab/volume3/benderick/futurama/gwfss25/GWFSS/GWFSS_v1.0_labelled/class_id/USASK/2761-compressed_002.png,512,512,0.22232785820960999,0.1489383727312088,0.017853697761893272,8.330093283964485,20.616912841796875,6.99615478515625,2.5691986083984375,69.81773376464844,8.246211251235321,2.666473388671875,2.2271714922048997,50.07153075822604,71.91298784388995,699,15,35
USASK,Unused,/icislab/volume3/benderick/futurama/gwfss25/GWFSS/GWFSS_v1.0_labelled/images/USASK/2812-compressed_001.png,/icislab/volume3/benderick/futurama/gwfss25/GWFSS/GWFSS_v1.0_labelled/class_id/USASK/2812-compressed_001.png,512,512,0.3663841784000397,0.21267566084861755,0.0777486264705658,13.061795960396447,22.216415405273438,9.648513793945312,7.635498046875,60.49957275390625,7.211102550927978,9.525299072265625,2.1482813749000798,40.849018822587105,65.99198396793587,2497,43,102
USASK,Unused,/icislab/volume3/benderick/futurama/gwfss25/GWFSS/GWFSS_v1.0_labelled/images/USASK/2813-compressed_001.png,/icislab/volume3/benderick/futurama/gwfss25/GWFSS/GWFSS_v1.0_labelled/class_id/USASK/2813-compressed_001.png,512,512,0.3691745102405548,0.22663424909114838,0.08771327883005142,12.833820065295372,28.446578979492188,17.82379150390625,13.194656372070312,40.53497314453125,7.211102550927978,15.4266357421875,0.6360403596519124,22.255192878338278,52.08388638173613,4044,22,90
USASK,Unused,/icislab/volume3/benderick/futurama/gwfss25/GWFSS/GWFSS_v1.0_labelled/images/USASK/2813-compressed_002.png,/icislab/volume3/benderick/futurama/gwfss25/GWFSS/GWFSS_v1.0_labelled/class_id/USASK/2813-compressed_002.png,512,512,0.3171187937259674,0.2304193675518036,0.062087543308734894,12.028364753967518,21.2860107421875,15.355300903320312,8.36944580078125,54.98924255371094,8.0,9.822845458984375,1.0027347310847767,26.019417475728154,77.80415430267063,2575,22,67
USASK,Unused,/icislab/volume3/benderick/futurama/gwfss25/GWFSS/GWFSS_v1.0_labelled/images/USASK/2998-compressed_002.png,/icislab/volume3/benderick/futurama/gwfss25/GWFSS/GWFSS_v1.0_labelled/class_id/USASK/2998-compressed_002.png,512,512,0.20011727511882782,0.11200188100337982,0.00904827006161213,6.484473152343532,66.15257263183594,0.0,1.2752532958984375,32.572174072265625,11.313708498984761,0.86212158203125,0.5982650314089142,17.699115044247787,9.278350515463918,226,2,4
USASK,Unused,/icislab/volume3/benderick/futurama/gwfss25/GWFSS/GWFSS_v1.0_labelled/images/USASK/320-compressed_002.png,/icislab/volume3/benderick/futurama/gwfss25/GWFSS/GWFSS_v1.0_labelled/class_id/USASK/320-compressed_002.png,512,512,0.20980465412139893,0.14021949470043182,0.038683097809553146,8.186026678464613,44.9859619140625,9.506607055664062,7.58209228515625,37.92533874511719,10.0,7.0343017578125,0.7043670758703965,16.811279826464208,49.8089519650655,1844,14,31
USASK,Unused,/icislab/volume3/benderick/futurama/gwfss25/GWFSS/GWFSS_v1.0_labelled/images/USASK/324-compressed_001.png,/icislab/volume3/benderick/futurama/gwfss25/GWFSS/GWFSS_v1.0_labelled/class_id/USASK/324-compressed_001.png,512,512,0.29419437050819397,0.18289479613304138,0.06436124444007874,12.18254776434794,46.804046630859375,17.552947998046875,5.9894561767578125,29.653549194335938,10.0,5.947113037109375,0.8916629514043691,28.223220012828737,53.653719552337066,1559,14,44
USASK,Unused,/icislab/volume3/benderick/futurama/gwfss25/GWFSS/GWFSS_v1.0_labelled/images/USASK/324-compressed_002.png,/icislab/volume3/benderick/futurama/gwfss25/GWFSS/GWFSS_v1.0_labelled/class_id/USASK/324-compressed_002.png,512,512,0.27014487981796265,0.2010563164949417,0.061023082584142685,10.970310871308863,25.926589965820312,13.945388793945312,8.191680908203125,51.93634033203125,10.0,7.598876953125,0.9779267951941883,26.104417670682732,68.02738336713996,1992,21,52
USASK,Unused,/icislab/volume3/benderick/futurama/gwfss25/GWFSS/GWFSS_v1.0_labelled/images/USASK/3277-compressed_002.png,/icislab/volume3/benderick/futurama/gwfss25/GWFSS/GWFSS_v1.0_labelled/class_id/USASK/3277-compressed_002.png,512,512,0.24418051540851593,0.17241300642490387,0.05322098359465599,10.586035253316425,33.86573791503906,6.792449951171875,1.9580841064453125,57.38372802734375,8.48528137423857,1.953125,1.7533606078316775,37.109375,72.29669347631814,512,9,19
USASK,Unused,/icislab/volume3/benderick/futurama/gwfss25/GWFSS/GWFSS_v1.0_labelled/images/USASK/3347-compressed_001.png,/icislab/volume3/benderick/futurama/gwfss25/GWFSS/GWFSS_v1.0_labelled/class_id/USASK/3347-compressed_001.png,512,512,0.3336895704269409,0.21295645833015442,0.02930309996008873,11.209899325136094,20.977401733398438,12.646865844726562,17.755889892578125,48.619842529296875,8.48528137423857,18.108367919921875,0.5585872040562024,21.487255108489574,65.38548496495591,4747,26,102
USASK,Unused,/icislab/volume3/benderick/futurama/gwfss25/GWFSS/GWFSS_v1.0_labelled/images/USASK/3347-compressed_002.png,/icislab/volume3/benderick/futurama/gwfss25/GWFSS/GWFSS_v1.0_labelled/class_id/USASK/3347-compressed_002.png,512,512,0.3258105516433716,0.2515887916088104,0.021509839221835136,10.913834824330774,41.24031066894531,12.895584106445312,13.16680908203125,32.697296142578125,8.48528137423857,13.942718505859375,0.4635531347780739,17.783857729138166,43.97389412617839,3655,16,65
USASK,Unused,/icislab/volume3/benderick/futurama/gwfss25/GWFSS/GWFSS_v1.0_labelled/images/USASK/3382-compressed_002.png,/icislab/volume3/benderick/futurama/gwfss25/GWFSS/GWFSS_v1.0_labelled/class_id/USASK/3382-compressed_002.png,512,512,0.3497556746006012,0.23292578756809235,0.039272814989089966,11.489948622812529,16.384124755859375,13.731002807617188,11.5264892578125,58.35838317871094,8.48528137423857,12.01629638671875,0.7280910775747949,21.58730158730159,81.63265306122449,3150,22,68
USASK,Unused,/icislab/volume3/benderick/futurama/gwfss25/GWFSS/GWFSS_v1.0_labelled/images/USASK/3383-compressed_001.png,/icislab/volume3/benderick/futurama/gwfss25/GWFSS/GWFSS_v1.0_labelled/class_id/USASK/3383-compressed_001.png,512,512,0.3297537863254547,0.217255637049675,0.053063005208969116,10.883116045386432,46.27799987792969,14.296340942382812,16.81365966796875,22.61199951171875,10.0,16.82281494140625,0.24956892639985478,15.646258503401361,25.77783331250781,4410,11,69
USASK,Unused,/icislab/volume3/benderick/futurama/gwfss25/GWFSS/GWFSS_v1.0_labelled/images/USASK/3383-compressed_002.png,/icislab/volume3/benderick/futurama/gwfss25/GWFSS/GWFSS_v1.0_labelled/class_id/USASK/3383-compressed_002.png,512,512,0.30339279770851135,0.23781736195087433,0.03317299485206604,11.650014104079963,27.20184326171875,8.776092529296875,12.457275390625,51.564788818359375,10.0,12.3443603515625,0.2756001959823616,15.142150803461064,60.41838247405699,3236,9,49
USASK,Unused,/icislab/volume3/benderick/futurama/gwfss25/GWFSS/GWFSS_v1.0_labelled/images/USASK/3457-compressed_002.png,/icislab/volume3/benderick/futurama/gwfss25/GWFSS/GWFSS_v1.0_labelled/class_id/USASK/3457-compressed_002.png,512,512,0.31532472372055054,0.23206980526447296,1.4301564078778028e-05,10.437822555668268,23.7060546875,11.453628540039062,9.853744506835938,54.986572265625,10.0,9.9334716796875,0.4645580891177268,18.817204301075268,69.54564060581252,2604,12,49
USASK,Unused,/icislab/volume3/benderick/futurama/gwfss25/GWFSS/GWFSS_v1.0_labelled/images/USASK/3509-compressed_001.png,/icislab/volume3/benderick/futurama/gwfss25/GWFSS/GWFSS_v1.0_labelled/class_id/USASK/3509-compressed_001.png,512,512,0.28665900230407715,0.1888004094362259,0.063897043466568,12.5174803321953,32.7484130859375,9.40399169921875,7.089996337890625,50.757598876953125,7.211102550927978,8.472442626953125,0.8070590767244162,17.559657811796487,63.30525836558161,2221,15,39
USASK,Unused,/icislab/volume3/benderick/futurama/gwfss25/GWFSS/GWFSS_v1.0_labelled/images/USASK/3513-compressed_001.png,/icislab/volume3/benderick/futurama/gwfss25/GWFSS/GWFSS_v1.0_labelled/class_id/USASK/3513-compressed_001.png,512,512,0.31733518838882446,0.19773522019386292,0.07415510714054108,12.354530412284046,26.654815673828125,12.859725952148438,6.3961029052734375,54.08935546875,8.0,7.46917724609375,1.1331782668336614,25.53626149131767,65.04149377593362,1958,19,50
USASK,Unused,/icislab/volume3/benderick/futurama/gwfss25/GWFSS/GWFSS_v1.0_labelled/images/USASK/3530-compressed_002.png,/icislab/volume3/benderick/futurama/gwfss25/GWFSS/GWFSS_v1.0_labelled/class_id/USASK/3530-compressed_002.png,512,512,0.2813682556152344,0.1872127205133438,0.05421179160475731,10.932953320269487,33.25042724609375,7.330322265625,2.521514892578125,56.897735595703125,8.48528137423857,2.635955810546875,1.059001512859304,30.390738060781477,69.52449567723343,691,7,21
USASK,Unused,/icislab/volume3/benderick/futurama/gwfss25/GWFSS/GWFSS_v1.0_labelled/images/USASK/3748-compressed_001.png,/icislab/volume3/benderick/futurama/gwfss25/GWFSS/GWFSS_v1.0_labelled/class_id/USASK/3748-compressed_001.png,512,512,0.355101615190506,0.23414486646652222,0.04454336687922478,11.855821410643562,31.821441650390625,11.94610595703125,14.706802368164062,41.52565002441406,8.94427190999916,13.93890380859375,0.31125982413819936,15.0519978106185,57.170834588731545,3654,12,55
USASK,Unused,/icislab/volume3/benderick/futurama/gwfss25/GWFSS/GWFSS_v1.0_labelled/images/USASK/3812-compressed_002.png,/icislab/volume3/benderick/futurama/gwfss25/GWFSS/GWFSS_v1.0_labelled/class_id/USASK/3812-compressed_002.png,512,512,0.32262399792671204,0.22136831283569336,0.011342694982886314,12.279689279508345,56.15386962890625,16.663742065429688,4.2804718017578125,22.90191650390625,7.211102550927978,4.795074462890625,1.2476606363069245,23.86634844868735,26.993387786853365,1257,14,30
USASK,Unused,/icislab/volume3/benderick/futurama/gwfss25/GWFSS/GWFSS_v1.0_labelled/images/USASK/4212-compressed_001.png,/icislab/volume3/benderick/futurama/gwfss25/GWFSS/GWFSS_v1.0_labelled/class_id/USASK/4212-compressed_001.png,512,512,0.3457043766975403,0.2258853316307068,0.08886374533176422,13.604852194539559,25.911712646484375,18.812179565429688,5.7811737060546875,49.49493408203125,7.211102550927978,7.17926025390625,1.3196964698119433,26.56748140276302,61.62303664921466,1882,20,50
USASK,Unused,/icislab/volume3/benderick/futurama/gwfss25/GWFSS/GWFSS_v1.0_labelled/images/USASK/4212-compressed_002.png,/icislab/volume3/benderick/futurama/gwfss25/GWFSS/GWFSS_v1.0_labelled/class_id/USASK/4212-compressed_002.png,512,512,0.31119874119758606,0.2271105945110321,0.03276573866605759,12.845918619445884,46.248626708984375,7.7793121337890625,2.2800445556640625,43.6920166015625,6.324555320336759,3.086090087890625,1.840388154592605,32.138442521631646,66.62628709872804,809,11,26
USASK,Unused,/icislab/volume3/benderick/futurama/gwfss25/GWFSS/GWFSS_v1.0_labelled/images/USASK/4219-compressed_002.png,/icislab/volume3/benderick/futurama/gwfss25/GWFSS/GWFSS_v1.0_labelled/class_id/USASK/4219-compressed_002.png,512,512,0.36216282844543457,0.2612544596195221,0.05044032260775566,13.953443948615215,33.306121826171875,14.606475830078125,2.773284912109375,49.314117431640625,7.211102550927978,3.66973876953125,1.7881705639614855,35.343035343035346,65.17036235803137,962,13,34
USASK,Unused,/icislab/volume3/benderick/futurama/gwfss25/GWFSS/GWFSS_v1.0_labelled/images/USASK/4253-compressed_001.png,/icislab/volume3/benderick/futurama/gwfss25/GWFSS/GWFSS_v1.0_labelled/class_id/USASK/4253-compressed_001.png,512,512,0.28017672896385193,0.20685864984989166,0.07172366231679916,12.584634393060952,20.499038696289062,8.408737182617188,6.47125244140625,64.6209716796875,8.0,7.335662841796875,0.5305352511200189,13.520540821632865,76.48585517778355,1923,9,26
USASK,Unused,/icislab/volume3/benderick/futurama/gwfss25/GWFSS/GWFSS_v1.0_labelled/images/USASK/4253-compressed_002.png,/icislab/volume3/benderick/futurama/gwfss25/GWFSS/GWFSS_v1.0_labelled/class_id/USASK/4253-compressed_002.png,512,512,0.2967076301574707,0.1933772712945938,0.0812143012881279,11.452679927481784,22.14508056640625,9.434127807617188,3.3702850341796875,65.05050659179688,7.211102550927978,3.673553466796875,1.245048104131296,26.99896157840083,71.94818136522173,963,11,26
USASK,Unused,/icislab/volume3/benderick/futurama/gwfss25/GWFSS/GWFSS_v1.0_labelled/images/USASK/4265-compressed_001.png,/icislab/volume3/benderick/futurama/gwfss25/GWFSS/GWFSS_v1.0_labelled/class_id/USASK/4265-compressed_001.png,512,512,0.3919427692890167,0.2693876624107361,0.08963871002197266,15.229329237721519,22.003555297851562,17.682266235351562,6.4670562744140625,53.84712219238281,8.48528137423857,6.511688232421875,0.4129062702766472,13.473930872876391,63.49924585218703,1707,7,23
USASK,Unused,/icislab/volume3/benderick/futurama/gwfss25/GWFSS/GWFSS_v1.0_labelled/images/USASK/4265-compressed_002.png,/icislab/volume3/benderick/futurama/gwfss25/GWFSS/GWFSS_v1.0_labelled/class_id/USASK/4265-compressed_002.png,512,512,0.238398939371109,0.18668249249458313,0.03840216249227524,10.161350295338845,29.760360717773438,8.109283447265625,6.3625335693359375,55.767822265625,8.0,7.33184814453125,0.779423226812159,16.649323621227886,69.43356825894023,1922,13,32
USASK,Unused,/icislab/volume3/benderick/futurama/gwfss25/GWFSS/GWFSS_v1.0_labelled/images/USASK/4464-compressed_001.png,/icislab/volume3/benderick/futurama/gwfss25/GWFSS/GWFSS_v1.0_labelled/class_id/USASK/4464-compressed_001.png,512,512,0.4239128530025482,0.2839544117450714,0.1057426780462265,13.892685401559769,17.989730834960938,33.77265930175781,12.469863891601562,35.76774597167969,10.0,12.042999267578125,0.5200526170883172,21.539436173582516,57.64889737801702,3157,17,68
USASK,Unused,/icislab/volume3/benderick/futurama/gwfss25/GWFSS/GWFSS_v1.0_labelled/images/USASK/46-compressed_001.png,/icislab/volume3/benderick/futurama/gwfss25/GWFSS/GWFSS_v1.0_labelled/class_id/USASK/46-compressed_001.png,512,512,0.25273269414901733,0.13922825455665588,0.06025778502225876,9.614522289890486,40.2984619140625,14.214324951171875,5.913543701171875,39.57366943359375,8.0,6.866455078125,1.2901561088891755,28.333333333333332,58.25268817204301,1800,20,51
USASK,Unused,/icislab/volume3/benderick/futurama/gwfss25/GWFSS/GWFSS_v1.0_labelled/images/USASK/46-compressed_002.png,/icislab/volume3/benderick/futurama/gwfss25/GWFSS/GWFSS_v1.0_labelled/class_id/USASK/46-compressed_002.png,512,512,0.2727855443954468,0.15589375793933868,0.07284533977508545,10.203973015835455,28.458786010742188,19.675827026367188,4.5833587646484375,47.28202819824219,6.324555320336759,5.779266357421875,1.165210153974199,26.402640264026402,62.16216216216216,1515,14,40
USASK,Unused,/icislab/volume3/benderick/futurama/gwfss25/GWFSS/GWFSS_v1.0_labelled/images/USASK/4665-compressed_001.png,/icislab/volume3/benderick/futurama/gwfss25/GWFSS/GWFSS_v1.0_labelled/class_id/USASK/4665-compressed_001.png,512,512,0.37462738156318665,0.2372513711452484,0.08018616586923599,13.445997059693669,30.298233032226562,11.680984497070312,2.626800537109375,55.39398193359375,8.246211251235321,2.6702880859375,1.1617775196049955,27.142857142857142,66.82464454976304,700,8,19
USASK,Unused,/icislab/volume3/benderick/futurama/gwfss25/GWFSS/GWFSS_v1.0_labelled/images/USASK/4707-compressed_001.png,/icislab/volume3/benderick/futurama/gwfss25/GWFSS/GWFSS_v1.0_labelled/class_id/USASK/4707-compressed_001.png,512,512,0.35522952675819397,0.2204076051712036,0.0641086995601654,11.947084421829965,24.076080322265625,12.23907470703125,6.7821502685546875,56.90269470214844,8.48528137423857,6.656646728515625,0.9561842623319646,26.361031518624642,60.43227665706052,1745,17,46
USASK,Unused,/icislab/volume3/benderick/futurama/gwfss25/GWFSS/GWFSS_v1.0_labelled/images/USASK/4707-compressed_002.png,/icislab/volume3/benderick/futurama/gwfss25/GWFSS/GWFSS_v1.0_labelled/class_id/USASK/4707-compressed_002.png,512,512,0.2597092092037201,0.19464999437332153,0.03375330567359924,10.18141707804695,40.158843994140625,9.11865234375,4.17327880859375,46.549224853515625,8.246211251235321,4.268646240234375,1.0968921389396709,30.384271671134943,80.09666080843586,1119,12,34
USASK,Unused,/icislab/volume3/benderick/futurama/gwfss25/GWFSS/GWFSS_v1.0_labelled/images/USASK/473-compressed_001.png,/icislab/volume3/benderick/futurama/gwfss25/GWFSS/GWFSS_v1.0_labelled/class_id/USASK/473-compressed_001.png,512,512,0.2649124562740326,0.13170088827610016,0.042983394116163254,10.098383535673815,71.57630920410156,11.402511596679688,4.6558380126953125,12.365341186523438,8.0,5.161285400390625,1.556739041376485,32.520325203252035,35.19913885898816,1353,19,44
USASK,Unused,/icislab/volume3/benderick/futurama/gwfss25/GWFSS/GWFSS_v1.0_labelled/images/USASK/4909-compressed_002.png,/icislab/volume3/benderick/futurama/gwfss25/GWFSS/GWFSS_v1.0_labelled/class_id/USASK/4909-compressed_002.png,512,512,0.28157615661621094,0.2036844938993454,0.04877675697207451,13.107742409545654,43.3319091796875,14.22576904296875,6.51397705078125,35.9283447265625,7.211102550927978,7.930755615234375,1.5226048254860622,31.746031746031747,41.73850574712644,2079,26,66
USASK,Unused,/icislab/volume3/benderick/futurama/gwfss25/GWFSS/GWFSS_v1.0_labelled/images/USASK/521-compressed_001.png,/icislab/volume3/benderick/futurama/gwfss25/GWFSS/GWFSS_v1.0_labelled/class_id/USASK/521-compressed_001.png,512,512,0.2146066278219223,0.10061676800251007,0.036946479231119156,7.318379654809237,53.16429138183594,2.5264739990234375,3.1932830810546875,41.11595153808594,8.246211251235321,3.330230712890625,1.1946004061641382,34.36426116838488,66.94411414982164,873,10,30
USASK,Unused,/icislab/volume3/benderick/futurama/gwfss25/GWFSS/GWFSS_v1.0_labelled/images/USASK/698-compressed_001.png,/icislab/volume3/benderick/futurama/gwfss25/GWFSS/GWFSS_v1.0_labelled/class_id/USASK/698-compressed_001.png,512,512,0.32149842381477356,0.19228127598762512,0.04191578924655914,10.501267129726887,38.4735107421875,17.613983154296875,4.6192169189453125,39.29328918457031,6.324555320336759,6.481170654296875,1.3213312412255347,32.37198351971748,35.72523765716038,1699,16,55
USASK,Unused,/icislab/volume3/benderick/futurama/gwfss25/GWFSS/GWFSS_v1.0_labelled/images/USASK/698-compressed_002.png,/icislab/volume3/benderick/futurama/gwfss25/GWFSS/GWFSS_v1.0_labelled/class_id/USASK/698-compressed_002.png,512,512,0.2843121886253357,0.17183567583560944,0.013380403630435467,9.115677151007965,61.02790832519531,9.643173217773438,4.3407440185546875,24.988174438476562,7.211102550927978,5.313873291015625,0.9666930310220582,22.254127781765973,54.68354430379747,1393,11,31
USASK,Unused,/icislab/volume3/benderick/futurama/gwfss25/GWFSS/GWFSS_v1.0_labelled/images/USASK/710-compressed_001.png,/icislab/volume3/benderick/futurama/gwfss25/GWFSS/GWFSS_v1.0_labelled/class_id/USASK/710-compressed_001.png,512,512,0.25478607416152954,0.1687134951353073,0.01357109285891056,7.657749148553324,80.8319091796875,6.829833984375,5.2112579345703125,7.1269989013671875,8.0,6.244659423828125,0.5124075836322377,16.49358582773366,10.727611940298507,1637,7,27
USASK,Unused,/icislab/volume3/benderick/futurama/gwfss25/GWFSS/GWFSS_v1.0_labelled/images/USASK/710-compressed_002.png,/icislab/volume3/benderick/futurama/gwfss25/GWFSS/GWFSS_v1.0_labelled/class_id/USASK/710-compressed_002.png,512,512,0.2358444631099701,0.1252955049276352,-0.01084537710994482,7.128007808545959,80.27000427246094,5.664825439453125,1.363372802734375,12.701797485351562,8.0,1.682281494140625,1.6787912702853944,31.746031746031747,9.47136563876652,441,6,14
USASK,Unused,/icislab/volume3/benderick/futurama/gwfss25/GWFSS/GWFSS_v1.0_labelled/images/USASK/747-compressed_002.png,/icislab/volume3/benderick/futurama/gwfss25/GWFSS/GWFSS_v1.0_labelled/class_id/USASK/747-compressed_002.png,512,512,0.3224184215068817,0.16057127714157104,0.07879582047462463,10.7285313058786,6.6791534423828125,21.196365356445312,10.399627685546875,61.724853515625,10.0,9.387969970703125,0.5868975130217886,19.50426655830963,89.29445350734095,2461,16,48
USASK,Unused,/icislab/volume3/benderick/futurama/gwfss25/GWFSS/GWFSS_v1.0_labelled/images/USASK/771-compressed_001.png,/icislab/volume3/benderick/futurama/gwfss25/GWFSS/GWFSS_v1.0_labelled/class_id/USASK/771-compressed_001.png,512,512,0.24306875467300415,0.13349366188049316,0.06771885603666306,9.468757351960734,37.78648376464844,19.49005126953125,8.842086791992188,33.881378173828125,10.0,7.610321044921875,0.9922774925579189,28.07017543859649,50.0,1995,23,56
USASK,Unused,/icislab/volume3/benderick/futurama/gwfss25/GWFSS/GWFSS_v1.0_labelled/images/USASK/771-compressed_002.png,/icislab/volume3/benderick/futurama/gwfss25/GWFSS/GWFSS_v1.0_labelled/class_id/USASK/771-compressed_002.png,512,512,0.2435627281665802,0.13109831511974335,0.06348597258329391,8.940970268579095,19.80438232421875,13.122177124023438,4.175567626953125,62.89787292480469,10.0,3.635406494140625,0.4567878677142335,17.83840503672613,88.48547717842324,953,5,17
USASK,Unused,/icislab/volume3/benderick/futurama/gwfss25/GWFSS/GWFSS_v1.0_labelled/images/USASK/810-compressed_001.png,/icislab/volume3/benderick/futurama/gwfss25/GWFSS/GWFSS_v1.0_labelled/class_id/USASK/810-compressed_001.png,512,512,0.22809404134750366,0.1418384462594986,0.023256564512848854,8.035911952141952,60.23521423339844,7.7434539794921875,2.6180267333984375,29.403305053710938,8.0,2.99835205078125,2.0399242313856916,43.25699745547074,49.41860465116279,786,14,34
USASK,Unused,/icislab/volume3/benderick/futurama/gwfss25/GWFSS/GWFSS_v1.0_labelled/images/USASK/810-compressed_002.png,/icislab/volume3/benderick/futurama/gwfss25/GWFSS/GWFSS_v1.0_labelled/class_id/USASK/810-compressed_002.png,512,512,0.2839442193508148,0.2199217826128006,0.045294418931007385,10.707755762907853,37.5762939453125,18.349456787109375,4.227447509765625,39.8468017578125,8.0,4.901885986328125,1.353546291283162,29.571984435797667,55.41523153463452,1285,15,38
USASK,Unused,/icislab/volume3/benderick/futurama/gwfss25/GWFSS/GWFSS_v1.0_labelled/images/USASK/82-compressed_001.png,/icislab/volume3/benderick/futurama/gwfss25/GWFSS/GWFSS_v1.0_labelled/class_id/USASK/82-compressed_001.png,512,512,0.2720429003238678,0.1490502506494522,0.04530802741646767,10.393123347982678,45.68595886230469,9.375762939453125,3.275299072265625,41.66297912597656,6.324555320336759,4.390716552734375,1.1646866992778941,24.326672458731537,40.27838190517616,1151,10,28
USASK,Unused,/icislab/volume3/benderick/futurama/gwfss25/GWFSS/GWFSS_v1.0_labelled/images/USASK/82-compressed_002.png,/icislab/volume3/benderick/futurama/gwfss25/GWFSS/GWFSS_v1.0_labelled/class_id/USASK/82-compressed_002.png,512,512,0.30783286690711975,0.20352908968925476,0.05407257005572319,11.883867985734692,23.743057250976562,18.803024291992188,6.5776824951171875,50.87623596191406,7.211102550927978,8.014678955078125,1.2178855187612365,27.60590195145169,67.67271869842018,2101,21,58
USASK,Unused,/icislab/volume3/benderick/futurama/gwfss25/GWFSS/GWFSS_v1.0_labelled/images/USASK/834-compressed_001.png,/icislab/volume3/benderick/futurama/gwfss25/GWFSS/GWFSS_v1.0_labelled/class_id/USASK/834-compressed_001.png,512,512,0.30271387100219727,0.2286563217639923,0.047978475689888,10.121555686831552,14.3890380859375,16.68701171875,7.5252532958984375,61.39869689941406,6.324555320336759,9.40704345703125,1.2166066811983576,25.547445255474454,81.21502797761791,2466,24,63
USASK,Unused,/icislab/volume3/benderick/futurama/gwfss25/GWFSS/GWFSS_v1.0_labelled/images/USASK/834-compressed_002.png,/icislab/volume3/benderick/futurama/gwfss25/GWFSS/GWFSS_v1.0_labelled/class_id/USASK/834-compressed_002.png,512,512,0.275294691324234,0.24531395733356476,0.02974564954638481,9.729417028471838,30.937957763671875,15.524673461914062,4.4467926025390625,49.090576171875,6.324555320336759,5.859375,1.801492665351291,27.994791666666668,65.00768049155145,1536,21,43
USASK,Unused,/icislab/volume3/benderick/futurama/gwfss25/GWFSS/GWFSS_v1.0_labelled/images/USASK/905-compressed_001.png,/icislab/volume3/benderick/futurama/gwfss25/GWFSS/GWFSS_v1.0_labelled/class_id/USASK/905-compressed_001.png,512,512,0.3144012689590454,0.2047458440065384,0.035883236676454544,10.517182800898585,18.41278076171875,15.042877197265625,7.1300506591796875,59.41429138183594,8.0,7.938385009765625,1.123535391364828,24.987986544930322,78.74293785310735,2081,21,52
USASK,Unused,/icislab/volume3/benderick/futurama/gwfss25/GWFSS/GWFSS_v1.0_labelled/images/USASK/905-compressed_002.png,/icislab/volume3/benderick/futurama/gwfss25/GWFSS/GWFSS_v1.0_labelled/class_id/USASK/905-compressed_002.png,512,512,0.30688121914863586,0.2399759739637375,0.06322210282087326,11.581987902172408,25.168228149414062,25.58746337890625,4.681396484375,44.56291198730469,6.324555320336759,6.664276123046875,1.1408083441981747,22.323983972524328,77.68569674647023,1747,14,39
USASK,Unused,/icislab/volume3/benderick/futurama/gwfss25/GWFSS/GWFSS_v1.0_labelled/images/USASK/913-compressed_001.png,/icislab/volume3/benderick/futurama/gwfss25/GWFSS/GWFSS_v1.0_labelled/class_id/USASK/913-compressed_001.png,512,512,0.21210667490959167,0.1512732058763504,0.01833241805434227,7.9649402914914385,44.915771484375,8.317184448242188,3.041839599609375,43.72520446777344,6.324555320336759,4.0740966796875,1.1286681715575622,26.217228464419474,53.389434315100516,1068,9,28
USASK,Unused,/icislab/volume3/benderick/futurama/gwfss25/GWFSS/GWFSS_v1.0_labelled/images/USASK/913-compressed_002.png,/icislab/volume3/benderick/futurama/gwfss25/GWFSS/GWFSS_v1.0_labelled/class_id/USASK/913-compressed_002.png,512,512,0.23981891572475433,0.16521498560905457,0.04038632661104202,9.356787770131483,35.99891662597656,10.477447509765625,6.475830078125,47.04780578613281,8.0,7.701873779296875,1.0014137606032045,24.764735017335315,64.66494845360825,2019,17,50
USASK,Unused,/icislab/volume3/benderick/futurama/gwfss25/GWFSS/GWFSS_v1.0_labelled/images/USASK/96-compressed_001.png,/icislab/volume3/benderick/futurama/gwfss25/GWFSS/GWFSS_v1.0_labelled/class_id/USASK/96-compressed_001.png,512,512,0.2216814011335373,0.15651090443134308,0.058238763362169266,10.293177245352052,36.773681640625,12.375640869140625,8.438873291015625,42.41180419921875,8.48528137423857,9.1094970703125,0.5424464334147003,19.262981574539364,46.857016378928726,2388,12,46
USASK,Unused,/icislab/volume3/benderick/futurama/gwfss25/GWFSS/GWFSS_v1.0_labelled/images/USASK/96-compressed_002.png,/icislab/volume3/benderick/futurama/gwfss25/GWFSS/GWFSS_v1.0_labelled/class_id/USASK/96-compressed_002.png,512,512,0.2291972041130066,0.15828245878219604,0.054530076682567596,10.523560981520465,27.202224731445312,17.747879028320312,5.5355072021484375,49.51438903808594,8.0,6.62994384765625,0.7580456205637103,18.9873417721519,72.14677838774921,1738,11,33
USASK,Unused,/icislab/volume3/benderick/futurama/gwfss25/GWFSS/GWFSS_v1.0_labelled/images/USASK/964-compressed_001.png,/icislab/volume3/benderick/futurama/gwfss25/GWFSS/GWFSS_v1.0_labelled/class_id/USASK/964-compressed_001.png,512,512,0.29035210609436035,0.2051910161972046,0.05691429227590561,10.702386870836792,27.180099487304688,14.681243896484375,7.9608917236328125,50.177764892578125,8.0,8.869171142578125,0.622933537783315,16.774193548387096,63.67492743916053,2325,13,39
USASK,Unused,/icislab/volume3/benderick/futurama/gwfss25/GWFSS/GWFSS_v1.0_labelled/images/USASK/964-compressed_002.png,/icislab/volume3/benderick/futurama/gwfss25/GWFSS/GWFSS_v1.0_labelled/class_id/USASK/964-compressed_002.png,512,512,0.18254181742668152,0.09976430237293243,0.01960086077451706,6.7618091707930095,35.939788818359375,4.2236328125,6.2808990478515625,53.55567932128906,8.0,6.77490234375,0.9717582751290617,22.52252252252252,73.06099917195694,1776,16,40
USASK,Unused,/icislab/volume3/benderick/futurama/gwfss25/GWFSS/GWFSS_v1.0_labelled/images/USASK/967-compressed_001.png,/icislab/volume3/benderick/futurama/gwfss25/GWFSS/GWFSS_v1.0_labelled/class_id/USASK/967-compressed_001.png,512,512,0.2609771490097046,0.1641044020652771,0.02228042297065258,8.506500165378615,30.791854858398438,5.010986328125,8.98284912109375,55.21430969238281,8.48528137423857,9.04083251953125,0.89179548156956,23.206751054852322,83.09299895506793,2370,21,55
USASK,Unused,/icislab/volume3/benderick/futurama/gwfss25/GWFSS/GWFSS_v1.0_labelled/images/USASK/967-compressed_002.png,/icislab/volume3/benderick/futurama/gwfss25/GWFSS/GWFSS_v1.0_labelled/class_id/USASK/967-compressed_002.png,512,512,0.2699570059776306,0.16047999262809753,0.056329842656850815,9.28539718495138,15.6494140625,19.400405883789062,4.058837890625,60.89134216308594,8.0,4.566192626953125,1.8796992481203008,39.264828738512946,77.1875,1197,20,47
USASK,Unused,/icislab/volume3/benderick/futurama/gwfss25/GWFSS/GWFSS_v1.0_labelled/images/USASK/98-compressed_001.png,/icislab/volume3/benderick/futurama/gwfss25/GWFSS/GWFSS_v1.0_labelled/class_id/USASK/98-compressed_001.png,512,512,0.21935561299324036,0.12413562089204788,0.04902584105730057,8.515645108201712,36.81449890136719,15.452957153320312,5.6247711181640625,42.10777282714844,8.246211251235321,6.24847412109375,0.7460155985079688,19.536019536019538,61.7746392385631,1638,11,32
USASK,Unused,/icislab/volume3/benderick/futurama/gwfss25/GWFSS/GWFSS_v1.0_labelled/images/USASK/98-compressed_002.png,/icislab/volume3/benderick/futurama/gwfss25/GWFSS/GWFSS_v1.0_labelled/class_id/USASK/98-compressed_002.png,512,512,0.1816282421350479,0.13401173055171967,0.0428006686270237,8.497970798467922,25.160598754882812,12.843704223632812,7.0709228515625,54.924774169921875,8.0,8.365631103515625,0.7552870090634441,20.975832193342452,68.42105263157895,2193,14,46
UTokyo,Validation,/icislab/volume3/benderick/futurama/gwfss25/GWFSS/GWFSS_v1.0_labelled/images/UTokyo/20150219_EOS11_IMG_0060.png,/icislab/volume3/benderick/futurama/gwfss25/GWFSS/GWFSS_v1.0_labelled/class_id/UTokyo/20150219_EOS11_IMG_0060.png,1024,1024,0.4700675904750824,0.2046269178390503,-0.02232382446527481,6.385390155611856,100.0,0.0,0.0,0.0,,0.0,,,,0,0,0
UTokyo,Validation,/icislab/volume3/benderick/futurama/gwfss25/GWFSS/GWFSS_v1.0_labelled/images/UTokyo/20150223_EOS15_IMG_0112.png,/icislab/volume3/benderick/futurama/gwfss25/GWFSS/GWFSS_v1.0_labelled/class_id/UTokyo/20150223_EOS15_IMG_0112.png,1024,1024,0.4906351864337921,0.1833571493625641,-0.002897505648434162,6.17322407753311,99.03745651245117,0.0,0.0,0.9625434875488281,,0.0,,,,0,0,0
UTokyo,Validation,/icislab/volume3/benderick/futurama/gwfss25/GWFSS/GWFSS_v1.0_labelled/images/UTokyo/20150226_EOS13_IMG_0037.png,/icislab/volume3/benderick/futurama/gwfss25/GWFSS/GWFSS_v1.0_labelled/class_id/UTokyo/20150226_EOS13_IMG_0037.png,1024,1024,0.49085256457328796,0.1509009599685669,-0.02212340570986271,7.116401962292045,93.14231872558594,0.0,0.0,6.8576812744140625,,0.0,,,,0,0,0
UTokyo,Validation,/icislab/volume3/benderick/futurama/gwfss25/GWFSS/GWFSS_v1.0_labelled/images/UTokyo/20150303_EOS11_IMG_0187.png,/icislab/volume3/benderick/futurama/gwfss25/GWFSS/GWFSS_v1.0_labelled/class_id/UTokyo/20150303_EOS11_IMG_0187.png,1024,1024,0.49381986260414124,0.12233392149209976,-0.017214031890034676,3.9195607141347266,100.0,0.0,0.0,0.0,,0.0,,,,0,0,0
UTokyo,Validation,/icislab/volume3/benderick/futurama/gwfss25/GWFSS/GWFSS_v1.0_labelled/images/UTokyo/20150303_EOS13_IMG_0100.png,/icislab/volume3/benderick/futurama/gwfss25/GWFSS/GWFSS_v1.0_labelled/class_id/UTokyo/20150303_EOS13_IMG_0100.png,1024,1024,0.5190484523773193,0.14086106419563293,-0.006478266790509224,8.429689062352006,90.576171875,0.0,0.2797126770019531,9.144115447998047,10.0,0.23746490478515625,2.386634844868735,64.2570281124498,89.2249527410208,249,7,16
UTokyo,Validation,/icislab/volume3/benderick/futurama/gwfss25/GWFSS/GWFSS_v1.0_labelled/images/UTokyo/20150303_EOS15_IMG_0205.png,/icislab/volume3/benderick/futurama/gwfss25/GWFSS/GWFSS_v1.0_labelled/class_id/UTokyo/20150303_EOS15_IMG_0205.png,1024,1024,0.5175709128379822,0.09004128724336624,-0.017182251438498497,3.7024963110643965,98.23904037475586,0.0,0.0,1.7609596252441406,,0.0,,,,0,0,0
UTokyo,Validation,/icislab/volume3/benderick/futurama/gwfss25/GWFSS/GWFSS_v1.0_labelled/images/UTokyo/20150305_EOS11_IMG_0203.png,/icislab/volume3/benderick/futurama/gwfss25/GWFSS/GWFSS_v1.0_labelled/class_id/UTokyo/20150305_EOS11_IMG_0203.png,1024,1024,0.46901020407676697,0.2218279242515564,-0.010942833498120308,9.738425118669136,100.0,0.0,0.0,0.0,,0.0,,,,0,0,0
UTokyo,Validation,/icislab/volume3/benderick/futurama/gwfss25/GWFSS/GWFSS_v1.0_labelled/images/UTokyo/20150305_EOS13_IMG_0122.png,/icislab/volume3/benderick/futurama/gwfss25/GWFSS/GWFSS_v1.0_labelled/class_id/UTokyo/20150305_EOS13_IMG_0122.png,1024,1024,0.5024946331977844,0.21654227375984192,0.010260168462991714,12.515007162960377,89.95885848999023,0.0,0.556182861328125,9.48495864868164,12.806248474865697,0.362396240234375,1.8861454046639232,71.05263157894737,55.937846836847946,380,11,27
UTokyo,Validation,/icislab/volume3/benderick/futurama/gwfss25/GWFSS/GWFSS_v1.0_labelled/images/UTokyo/20150305_EOS15_IMG_0235.png,/icislab/volume3/benderick/futurama/gwfss25/GWFSS/GWFSS_v1.0_labelled/class_id/UTokyo/20150305_EOS15_IMG_0235.png,1024,1024,0.3549279570579529,0.07974763214588165,-0.020098332315683365,2.768728662153896,98.3698844909668,0.0,0.0,1.6301155090332031,,0.0,,,,0,0,0
UTokyo,Validation,/icislab/volume3/benderick/futurama/gwfss25/GWFSS/GWFSS_v1.0_labelled/images/UTokyo/20150310_EOS11_IMG_0271.png,/icislab/volume3/benderick/futurama/gwfss25/GWFSS/GWFSS_v1.0_labelled/class_id/UTokyo/20150310_EOS11_IMG_0271.png,1024,1024,0.46956509351730347,0.13486111164093018,-0.02666635252535343,3.946285979148776,100.0,0.0,0.0,0.0,,0.0,,,,0,0,0
UTokyo,Validation,/icislab/volume3/benderick/futurama/gwfss25/GWFSS/GWFSS_v1.0_labelled/images/UTokyo/20150310_EOS12_IMG_0157.png,/icislab/volume3/benderick/futurama/gwfss25/GWFSS/GWFSS_v1.0_labelled/class_id/UTokyo/20150310_EOS12_IMG_0157.png,1024,1024,0.4956147372722626,0.18053671717643738,-0.007566781714558601,8.132514681413252,96.28820419311523,0.0,0.30689239501953125,3.4049034118652344,16.0,0.19931793212890625,0.6215040397762586,23.923444976076556,16.5158371040724,209,2,5
UTokyo,Validation,/icislab/volume3/benderick/futurama/gwfss25/GWFSS/GWFSS_v1.0_labelled/images/UTokyo/20150310_EOS15_IMG_0296.png,/icislab/volume3/benderick/futurama/gwfss25/GWFSS/GWFSS_v1.0_labelled/class_id/UTokyo/20150310_EOS15_IMG_0296.png,1024,1024,0.5367174744606018,0.07748745381832123,-0.023455781862139702,2.961091543836881,98.48451614379883,0.0,0.0,1.5154838562011719,,0.0,,,,0,0,0
UTokyo,Validation,/icislab/volume3/benderick/futurama/gwfss25/GWFSS/GWFSS_v1.0_labelled/images/UTokyo/20150317_EOS11_IMG_0350.png,/icislab/volume3/benderick/futurama/gwfss25/GWFSS/GWFSS_v1.0_labelled/class_id/UTokyo/20150317_EOS11_IMG_0350.png,1024,1024,0.4847407639026642,0.1538921594619751,-0.015566542744636536,5.101857445922526,100.0,0.0,0.0,0.0,,0.0,,,,0,0,0
UTokyo,Validation,/icislab/volume3/benderick/futurama/gwfss25/GWFSS/GWFSS_v1.0_labelled/images/UTokyo/20150317_EOS12_IMG_0236.png,/icislab/volume3/benderick/futurama/gwfss25/GWFSS/GWFSS_v1.0_labelled/class_id/UTokyo/20150317_EOS12_IMG_0236.png,1024,1024,0.501970112323761,0.24070489406585693,0.012244774959981441,9.119737462832855,94.76156234741211,0.0,0.054168701171875,5.184268951416016,10.0,0.0514984130859375,3.5211267605633805,92.5925925925926,100.0,54,2,5
UTokyo,Validation,/icislab/volume3/benderick/futurama/gwfss25/GWFSS/GWFSS_v1.0_labelled/images/UTokyo/20150317_EOS13_IMG_0282.png,/icislab/volume3/benderick/futurama/gwfss25/GWFSS/GWFSS_v1.0_labelled/class_id/UTokyo/20150317_EOS13_IMG_0282.png,1024,1024,0.44107943773269653,0.20733828842639923,0.05637942627072334,14.24844101337791,82.1711540222168,0.0,0.95672607421875,16.872119903564453,14.0,0.5970001220703125,0.9968102073365231,43.13099041533546,56.987690079652424,626,10,27
UTokyo,Validation,/icislab/volume3/benderick/futurama/gwfss25/GWFSS/GWFSS_v1.0_labelled/images/UTokyo/20150324_EOS13_IMG_0361.png,/icislab/volume3/benderick/futurama/gwfss25/GWFSS/GWFSS_v1.0_labelled/class_id/UTokyo/20150324_EOS13_IMG_0361.png,1024,1024,0.3983478844165802,0.2578125596046448,0.11404194682836533,18.50163885476697,72.10664749145508,0.0,0.7730484008789062,27.120304107666016,12.649110640673518,0.5321502685546875,1.3570194917345177,48.38709677419355,75.3202391118702,558,11,27
UTokyo,Validation,/icislab/volume3/benderick/futurama/gwfss25/GWFSS/GWFSS_v1.0_labelled/images/UTokyo/20150328_EOS13_IMG_0385.png,/icislab/volume3/benderick/futurama/gwfss25/GWFSS/GWFSS_v1.0_labelled/class_id/UTokyo/20150328_EOS13_IMG_0385.png,1024,1024,0.46943917870521545,0.1920572817325592,0.14817853271961212,18.62033222406924,62.01753616333008,0.0,2.5322914123535156,35.450172424316406,16.97056274847714,1.430511474609375,0.602568448009641,31.333333333333332,62.94976843605273,1500,16,47
UTokyo,Validation,/icislab/volume3/benderick/futurama/gwfss25/GWFSS/GWFSS_v1.0_labelled/images/UTokyo/20150401_EOS13_IMG_0401.png,/icislab/volume3/benderick/futurama/gwfss25/GWFSS/GWFSS_v1.0_labelled/class_id/UTokyo/20150401_EOS13_IMG_0401.png,1024,1024,0.5424232482910156,0.12875919044017792,0.11651074886322021,12.04942193820136,52.985191345214844,0.0,1.4927864074707031,45.52202224731445,18.0,0.8020401000976562,0.4471986200728295,27.348394768133176,44.76135040745052,841,7,23
UTokyo,Validation,/icislab/volume3/benderick/futurama/gwfss25/GWFSS/GWFSS_v1.0_labelled/images/UTokyo/20150407_EOS13_IMG_0480.png,/icislab/volume3/benderick/futurama/gwfss25/GWFSS/GWFSS_v1.0_labelled/class_id/UTokyo/20150407_EOS13_IMG_0480.png,1024,1024,0.495905339717865,0.22709570825099945,0.15079165995121002,12.633176841445515,41.45498275756836,0.0,2.3886680603027344,56.156349182128906,17.88854381999832,1.3170242309570312,0.47909929332854234,22.447501810282404,74.36810252758988,1381,12,31
UTokyo,Validation,/icislab/volume3/benderick/futurama/gwfss25/GWFSS/GWFSS_v1.0_labelled/images/UTokyo/20150407_EOS14_IMG_0283.png,/icislab/volume3/benderick/futurama/gwfss25/GWFSS/GWFSS_v1.0_labelled/class_id/UTokyo/20150407_EOS14_IMG_0283.png,1024,1024,0.21591386198997498,0.13657855987548828,-0.009485067799687386,6.888727127228565,75.56676864624023,0.0,0.0,24.433231353759766,,0.0,,,,0,0,0
UTokyo,Validation,/icislab/volume3/benderick/futurama/gwfss25/GWFSS/GWFSS_v1.0_labelled/images/UTokyo/20150414_EOS13_IMG_0577.png,/icislab/volume3/benderick/futurama/gwfss25/GWFSS/GWFSS_v1.0_labelled/class_id/UTokyo/20150414_EOS13_IMG_0577.png,1024,1024,0.527306318283081,0.22389677166938782,0.19840148091316223,13.885079583124519,32.75146484375,0.0,2.261638641357422,64.98689651489258,22.0,1.041412353515625,0.3795066413662239,23.80952380952381,52.61510952168082,1092,9,26
UTokyo,Validation,/icislab/volume3/benderick/futurama/gwfss25/GWFSS/GWFSS_v1.0_labelled/images/UTokyo/20150420_EOS13_IMG_0657.png,/icislab/volume3/benderick/futurama/gwfss25/GWFSS/GWFSS_v1.0_labelled/class_id/UTokyo/20150420_EOS13_IMG_0657.png,1024,1024,0.5496213436126709,0.21232421696186066,0.31229496002197266,14.015055371910059,15.651607513427734,0.0,2.0429611206054688,82.3054313659668,28.284271247461902,0.6933212280273438,0.3267668751750537,28.88583218707015,60.552763819095475,727,7,21
UTokyo,Validation,/icislab/volume3/benderick/futurama/gwfss25/GWFSS/GWFSS_v1.0_labelled/images/UTokyo/20150420_EOS13_IMG_0662.png,/icislab/volume3/benderick/futurama/gwfss25/GWFSS/GWFSS_v1.0_labelled/class_id/UTokyo/20150420_EOS13_IMG_0662.png,1024,1024,0.6063711047172546,0.16981688141822815,0.25254613161087036,8.825782242241045,9.055614471435547,0.0,0.0,90.94438552856445,,0.0,,,,0,0,0
UTokyo,Validation,/icislab/volume3/benderick/futurama/gwfss25/GWFSS/GWFSS_v1.0_labelled/images/UTokyo/20150427_EOS11_IMG_0794.png,/icislab/volume3/benderick/futurama/gwfss25/GWFSS/GWFSS_v1.0_labelled/class_id/UTokyo/20150427_EOS11_IMG_0794.png,1024,1024,0.59536212682724,0.1158495545387268,0.02578256092965603,4.976437647446816,98.71196746826172,0.0,0.0,1.2880325317382812,,0.0,,,,0,0,0
UTokyo,Validation,/icislab/volume3/benderick/futurama/gwfss25/GWFSS/GWFSS_v1.0_labelled/images/UTokyo/20150427_EOS12_IMG_0445.png,/icislab/volume3/benderick/futurama/gwfss25/GWFSS/GWFSS_v1.0_labelled/class_id/UTokyo/20150427_EOS12_IMG_0445.png,1024,1024,0.5420560836791992,0.16848169267177582,0.17200252413749695,12.047170836222568,35.05849838256836,0.0,0.0,64.94150161743164,,0.0,,,,0,0,0
UTokyo,Validation,/icislab/volume3/benderick/futurama/gwfss25/GWFSS/GWFSS_v1.0_labelled/images/UTokyo/20150427_EOS13_IMG_0752.png,/icislab/volume3/benderick/futurama/gwfss25/GWFSS/GWFSS_v1.0_labelled/class_id/UTokyo/20150427_EOS13_IMG_0752.png,1024,1024,0.48760610818862915,0.22420857846736908,0.32317912578582764,16.309399675670633,16.68224334716797,0.0,0.0,83.31775665283203,,0.0,,,,0,0,0
UTokyo,Validation,/icislab/volume3/benderick/futurama/gwfss25/GWFSS/GWFSS_v1.0_labelled/images/UTokyo/20150427_EOS14_IMG_0573.png,/icislab/volume3/benderick/futurama/gwfss25/GWFSS/GWFSS_v1.0_labelled/class_id/UTokyo/20150427_EOS14_IMG_0573.png,1024,1024,0.5631105899810791,0.17464549839496613,0.20159758627414703,20.31160303277816,49.53498840332031,0.0,0.6958961486816406,49.76911544799805,19.697715603592208,0.3032684326171875,0.5481704810195971,34.59119496855346,64.75524475524476,318,4,11
UTokyo,Validation,/icislab/volume3/benderick/futurama/gwfss25/GWFSS/GWFSS_v1.0_labelled/images/UTokyo/20150501_EOS12_IMG_0458.png,/icislab/volume3/benderick/futurama/gwfss25/GWFSS/GWFSS_v1.0_labelled/class_id/UTokyo/20150501_EOS12_IMG_0458.png,1024,1024,0.6031202077865601,0.1997237503528595,0.2827664911746979,15.534039293842431,29.111576080322266,0.0,1.2766838073730469,69.61174011230469,14.142135623730951,0.7686614990234375,0.8963920221110032,39.702233250620345,62.853551225644246,806,12,32
UTokyo,Validation,/icislab/volume3/benderick/futurama/gwfss25/GWFSS/GWFSS_v1.0_labelled/images/UTokyo/20150501_EOS13_IMG_0814.png,/icislab/volume3/benderick/futurama/gwfss25/GWFSS/GWFSS_v1.0_labelled/class_id/UTokyo/20150501_EOS13_IMG_0814.png,1024,1024,0.5667765140533447,0.21179978549480438,0.3456266224384308,15.89089761685709,16.45832061767578,2.0972251892089844,2.6737213134765625,78.77073287963867,26.832815729997478,0.8020401000976562,0.28534741047225,22.59215219976219,77.02247191011236,841,8,19
UTokyo,Validation,/icislab/volume3/benderick/futurama/gwfss25/GWFSS/GWFSS_v1.0_labelled/images/UTokyo/20150501_EOS14_IMG_0626.png,/icislab/volume3/benderick/futurama/gwfss25/GWFSS/GWFSS_v1.0_labelled/class_id/UTokyo/20150501_EOS14_IMG_0626.png,1024,1024,0.5242425203323364,0.2091611623764038,0.22232480347156525,16.95864366241056,45.56713104248047,1.0268211364746094,0.0,53.40604782104492,,0.0,,,,0,0,0
UTokyo,Validation,/icislab/volume3/benderick/futurama/gwfss25/GWFSS/GWFSS_v1.0_labelled/images/UTokyo/20150504_EOS12_IMG_0485.png,/icislab/volume3/benderick/futurama/gwfss25/GWFSS/GWFSS_v1.0_labelled/class_id/UTokyo/20150504_EOS12_IMG_0485.png,1024,1024,0.5084359645843506,0.24230128526687622,0.22479352355003357,13.236809023824188,24.50695037841797,0.0,5.544471740722656,69.94857788085938,20.591260281974,2.5272369384765625,0.22360590319584436,12.075471698113208,71.78011510220281,2650,13,32
UTokyo,Validation,/icislab/volume3/benderick/futurama/gwfss25/GWFSS/GWFSS_v1.0_labelled/images/UTokyo/20150504_EOS13_IMG_0846.png,/icislab/volume3/benderick/futurama/gwfss25/GWFSS/GWFSS_v1.0_labelled/class_id/UTokyo/20150504_EOS13_IMG_0846.png,1024,1024,0.4758892357349396,0.17543049156665802,0.17613963782787323,10.28191441806854,17.132282257080078,2.1669387817382812,1.6156196594238281,79.08515930175781,28.42534080710379,0.49304962158203125,0.23611357062747182,17.408123791102515,95.01385041551247,517,4,9
UTokyo,Validation,/icislab/volume3/benderick/futurama/gwfss25/GWFSS/GWFSS_v1.0_labelled/images/UTokyo/20150504_EOS14_IMG_0668.png,/icislab/volume3/benderick/futurama/gwfss25/GWFSS/GWFSS_v1.0_labelled/class_id/UTokyo/20150504_EOS14_IMG_0668.png,1024,1024,0.5786990523338318,0.15230685472488403,0.2990930676460266,11.366884208035058,9.809494018554688,22.626590728759766,8.851242065429688,58.71267318725586,20.0,3.5266876220703125,0.17239150109899581,11.357490535424553,76.92962542565267,3698,16,42
UTokyo,Validation,/icislab/volume3/benderick/futurama/gwfss25/GWFSS/GWFSS_v1.0_labelled/images/UTokyo/20150504_EOS15_IMG_0924.png,/icislab/volume3/benderick/futurama/gwfss25/GWFSS/GWFSS_v1.0_labelled/class_id/UTokyo/20150504_EOS15_IMG_0924.png,1024,1024,0.48620277643203735,0.20583203434944153,0.15814745426177979,12.731204666452363,45.839691162109375,0.0,0.5471229553222656,53.61318588256836,21.540659228538015,0.24890899658203125,0.3486142583231654,22.988505747126435,89.67391304347827,261,2,6
UTokyo,Validation,/icislab/volume3/benderick/futurama/gwfss25/GWFSS/GWFSS_v1.0_labelled/images/UTokyo/20150507_EOS12_IMG_0530.png,/icislab/volume3/benderick/futurama/gwfss25/GWFSS/GWFSS_v1.0_labelled/class_id/UTokyo/20150507_EOS12_IMG_0530.png,1024,1024,0.5692726969718933,0.2116483896970749,0.23571619391441345,15.480144255558937,35.38808822631836,0.0,3.4572601318359375,61.1546516418457,20.396078054371138,1.7004013061523438,0.35860090477766743,15.703869882220976,86.14371600343544,1783,13,28
UTokyo,Validation,/icislab/volume3/benderick/futurama/gwfss25/GWFSS/GWFSS_v1.0_labelled/images/UTokyo/20150509_EOS14_IMG_0731.png,/icislab/volume3/benderick/futurama/gwfss25/GWFSS/GWFSS_v1.0_labelled/class_id/UTokyo/20150509_EOS14_IMG_0731.png,1024,1024,0.5153133869171143,0.155563086271286,0.12761051952838898,11.85545409394189,41.23497009277344,5.173301696777344,4.803466796875,48.78826141357422,20.396078054371138,2.1953582763671875,0.29780813214739515,16.941789748045178,69.45812807881774,2302,15,39
UTokyo,Validation,/icislab/volume3/benderick/futurama/gwfss25/GWFSS/GWFSS_v1.0_labelled/images/UTokyo/20150511_EOS14_IMG_1042.png,/icislab/volume3/benderick/futurama/gwfss25/GWFSS/GWFSS_v1.0_labelled/class_id/UTokyo/20150511_EOS14_IMG_1042.png,1024,1024,0.5523454546928406,0.19706542789936066,0.25760921835899353,13.718977578990964,12.064170837402344,9.118461608886719,8.919906616210938,69.8974609375,18.973665961010276,4.448890686035156,0.19244750459735704,12.433011789924974,76.23293703214443,4665,18,58
UTokyo,Validation,/icislab/volume3/benderick/futurama/gwfss25/GWFSS/GWFSS_v1.0_labelled/images/UTokyo/20150513_EOS12_IMG_1058.png,/icislab/volume3/benderick/futurama/gwfss25/GWFSS/GWFSS_v1.0_labelled/class_id/UTokyo/20150513_EOS12_IMG_1058.png,1024,1024,0.45839372277259827,0.2548007667064667,0.21652454137802124,17.273231831998995,46.89178466796875,0.4917144775390625,0.8111000061035156,51.80540084838867,23.40939982143925,0.33855438232421875,0.23515579071134626,14.084507042253522,100.0,355,2,5
UTokyo,Validation,/icislab/volume3/benderick/futurama/gwfss25/GWFSS/GWFSS_v1.0_labelled/images/UTokyo/20150513_EOS14_IMG_1229.png,/icislab/volume3/benderick/futurama/gwfss25/GWFSS/GWFSS_v1.0_labelled/class_id/UTokyo/20150513_EOS14_IMG_1229.png,1024,1024,0.5231640338897705,0.29663413763046265,0.1901923567056656,18.181350912384328,36.964988708496094,11.550712585449219,7.234859466552734,44.24943923950195,24.73863375370596,2.7637481689453125,0.18454318969721736,12.767425810904072,51.9004372687521,2898,14,37
UTokyo,Validation,/icislab/volume3/benderick/futurama/gwfss25/GWFSS/GWFSS_v1.0_labelled/images/UTokyo/20150513_EOS15_IMG_1484.png,/icislab/volume3/benderick/futurama/gwfss25/GWFSS/GWFSS_v1.0_labelled/class_id/UTokyo/20150513_EOS15_IMG_1484.png,1024,1024,0.3225780725479126,0.2404322326183319,0.08954232931137085,14.454165196401773,73.92988204956055,0.0,0.0,26.070117950439453,,0.0,,,,0,0,0
UTokyo,Validation,/icislab/volume3/benderick/futurama/gwfss25/GWFSS/GWFSS_v1.0_labelled/images/UTokyo/20150515_EOS14_IMG_1242.png,/icislab/volume3/benderick/futurama/gwfss25/GWFSS/GWFSS_v1.0_labelled/class_id/UTokyo/20150515_EOS14_IMG_1242.png,1024,1024,0.5010069012641907,0.1848442554473877,0.17161735892295837,15.5765537759998,41.14799499511719,9.062957763671875,5.237674713134766,44.55137252807617,28.071337695236398,1.8930435180664062,0.20028768594890844,15.113350125944585,44.33985632895715,1985,11,30
UTokyo,Validation,/icislab/volume3/benderick/futurama/gwfss25/GWFSS/GWFSS_v1.0_labelled/images/UTokyo/20150515_EOS14_IMG_1245.png,/icislab/volume3/benderick/futurama/gwfss25/GWFSS/GWFSS_v1.0_labelled/class_id/UTokyo/20150515_EOS14_IMG_1245.png,1024,1024,0.48399248719215393,0.18784113228321075,0.1276520937681198,13.94308682518033,34.14335250854492,6.6120147705078125,4.782390594482422,54.462242126464844,24.0,1.9598007202148438,0.21935509601770795,13.62530413625304,62.479570394583234,2055,11,28
UTokyo,Validation,/icislab/volume3/benderick/futurama/gwfss25/GWFSS/GWFSS_v1.0_labelled/images/UTokyo/20150517_EOS12_IMG_1084.png,/icislab/volume3/benderick/futurama/gwfss25/GWFSS/GWFSS_v1.0_labelled/class_id/UTokyo/20150517_EOS12_IMG_1084.png,1024,1024,0.5833342671394348,0.17676788568496704,0.153030663728714,10.07219988960911,33.11452865600586,9.235858917236328,0.21715164184570312,57.43246078491211,16.492422502470642,0.12683868408203125,1.3175230566534915,75.18796992481202,92.4812030075188,133,3,10
UTokyo,Validation,/icislab/volume3/benderick/futurama/gwfss25/GWFSS/GWFSS_v1.0_labelled/images/UTokyo/20150517_EOS14_IMG_1255.png,/icislab/volume3/benderick/futurama/gwfss25/GWFSS/GWFSS_v1.0_labelled/class_id/UTokyo/20150517_EOS14_IMG_1255.png,1024,1024,0.4634706974029541,0.20902730524539948,0.14514511823654175,15.20032648392954,40.14244079589844,7.424449920654297,6.235218048095703,46.19789123535156,26.0,2.2869110107421875,0.1835395604227528,12.92743953294412,63.86635766705292,2398,12,31
UTokyo,Validation,/icislab/volume3/benderick/futurama/gwfss25/GWFSS/GWFSS_v1.0_labelled/images/UTokyo/20150518_EOS15_IMG_1513.png,/icislab/volume3/benderick/futurama/gwfss25/GWFSS/GWFSS_v1.0_labelled/class_id/UTokyo/20150518_EOS15_IMG_1513.png,1024,1024,0.472938597202301,0.1220041811466217,0.0786985382437706,12.247670043201826,79.92420196533203,0.0,0.0,20.07579803466797,,0.0,,,,0,0,0
UTokyo,Validation,/icislab/volume3/benderick/futurama/gwfss25/GWFSS/GWFSS_v1.0_labelled/images/UTokyo/20150519_EOS11_IMG_1044.png,/icislab/volume3/benderick/futurama/gwfss25/GWFSS/GWFSS_v1.0_labelled/class_id/UTokyo/20150519_EOS11_IMG_1044.png,1024,1024,0.5180404782295227,0.1562872678041458,0.08426661789417267,13.113855059610541,100.0,0.0,0.0,0.0,,0.0,,,,0,0,0
UTokyo,Validation,/icislab/volume3/benderick/futurama/gwfss25/GWFSS/GWFSS_v1.0_labelled/images/UTokyo/20150521_EOS12_IMG_1101.png,/icislab/volume3/benderick/futurama/gwfss25/GWFSS/GWFSS_v1.0_labelled/class_id/UTokyo/20150521_EOS12_IMG_1101.png,1024,1024,0.5812477469444275,0.2168854922056198,0.16078448295593262,12.787027612451075,18.77002716064453,11.632537841796875,11.071395874023438,58.526039123535156,20.0,5.382537841796875,0.15504944354477485,10.453579021970233,66.91488358940522,5644,18,59
UTokyo,Validation,/icislab/volume3/benderick/futurama/gwfss25/GWFSS/GWFSS_v1.0_labelled/images/UTokyo/20150521_EOS12_IMG_1103.png,/icislab/volume3/benderick/futurama/gwfss25/GWFSS/GWFSS_v1.0_labelled/class_id/UTokyo/20150521_EOS12_IMG_1103.png,1024,1024,0.46930766105651855,0.24251089990139008,0.05587439984083176,8.790816272043692,25.465774536132812,4.286766052246094,11.146354675292969,59.101104736328125,22.80350850198276,3.5524368286132812,0.09411523126679101,8.859060402684564,65.7517068412986,3725,11,33
UTokyo,Validation,/icislab/volume3/benderick/futurama/gwfss25/GWFSS/GWFSS_v1.0_labelled/images/UTokyo/20150521_EOS15_IMG_1533.png,/icislab/volume3/benderick/futurama/gwfss25/GWFSS/GWFSS_v1.0_labelled/class_id/UTokyo/20150521_EOS15_IMG_1533.png,1024,1024,0.5035901665687561,0.22366830706596375,0.1746692955493927,14.251455299793301,23.677444458007812,0.0,16.559314727783203,59.763240814208984,34.0,5.0811767578125,0.1209419651341592,10.135135135135135,75.09184423218223,5328,21,54
UTokyo,Validation,/icislab/volume3/benderick/futurama/gwfss25/GWFSS/GWFSS_v1.0_labelled/images/UTokyo/20150522_EOS15_IMG_1539.png,/icislab/volume3/benderick/futurama/gwfss25/GWFSS/GWFSS_v1.0_labelled/class_id/UTokyo/20150522_EOS15_IMG_1539.png,1024,1024,0.49733999371528625,0.19704987108707428,0.22563137114048004,13.131769079173978,10.535049438476562,6.764316558837891,0.7745742797851562,81.92605972290039,28.0,0.30040740966796875,0.12312238364934745,9.523809523809524,44.81132075471698,315,1,3
UTokyo,Validation,/icislab/volume3/benderick/futurama/gwfss25/GWFSS/GWFSS_v1.0_labelled/images/UTokyo/20150523_EOS12_IMG_1111.png,/icislab/volume3/benderick/futurama/gwfss25/GWFSS/GWFSS_v1.0_labelled/class_id/UTokyo/20150523_EOS12_IMG_1111.png,1024,1024,0.5446075201034546,0.20257128775119781,0.22872453927993774,12.671239077440037,14.366626739501953,8.293533325195312,14.216995239257812,63.12284469604492,26.0,5.04302978515625,0.10732780595132684,9.266263237518912,84.12467229828138,5288,16,49
UTokyo,Validation,/icislab/volume3/benderick/futurama/gwfss25/GWFSS/GWFSS_v1.0_labelled/images/UTokyo/20150523_EOS12_IMG_1114.png,/icislab/volume3/benderick/futurama/gwfss25/GWFSS/GWFSS_v1.0_labelled/class_id/UTokyo/20150523_EOS12_IMG_1114.png,1024,1024,0.5692375302314758,0.17496035993099213,0.1814051866531372,11.993413395518541,24.49359893798828,11.459732055664062,12.051773071289062,51.994895935058594,26.832815729997478,4.322052001953125,0.07913145317000601,5.516328331862312,71.57112761947,4532,10,25
UTokyo,Validation,/icislab/volume3/benderick/futurama/gwfss25/GWFSS/GWFSS_v1.0_labelled/images/UTokyo/20150524_EOS12_IMG_1117.png,/icislab/volume3/benderick/futurama/gwfss25/GWFSS/GWFSS_v1.0_labelled/class_id/UTokyo/20150524_EOS12_IMG_1117.png,1024,1024,0.5614639520645142,0.1668742150068283,0.2094973623752594,11.49374992703931,22.078990936279297,15.836811065673828,5.011749267578125,57.07244873046875,22.360679774997898,2.2249221801757812,0.1522301720200944,10.287183883411917,71.04779411764706,2333,8,24
UTokyo,Validation,/icislab/volume3/benderick/futurama/gwfss25/GWFSS/GWFSS_v1.0_labelled/images/UTokyo/20150525_EOS12_IMG_1123.png,/icislab/volume3/benderick/futurama/gwfss25/GWFSS/GWFSS_v1.0_labelled/class_id/UTokyo/20150525_EOS12_IMG_1123.png,1024,1024,0.5684773921966553,0.16430512070655823,0.2183450311422348,12.372847505206261,24.521446228027344,12.050628662109375,7.180976867675781,56.2469482421875,19.697715603592208,3.36456298828125,0.1460862174294138,8.503401360544217,57.46864310148233,3528,11,30
UTokyo,Validation,/icislab/volume3/benderick/futurama/gwfss25/GWFSS/GWFSS_v1.0_labelled/images/UTokyo/20150526_EOS15_IMG_1567.png,/icislab/volume3/benderick/futurama/gwfss25/GWFSS/GWFSS_v1.0_labelled/class_id/UTokyo/20150526_EOS15_IMG_1567.png,1024,1024,0.6538744568824768,0.1600925773382187,0.28494542837142944,13.198811602084946,8.670425415039062,4.8107147216796875,1.9702911376953125,84.54856872558594,20.09975124224178,0.804901123046875,0.5324298160696999,34.360189573459714,82.26987447698745,844,11,29
UTokyo,Validation,/icislab/volume3/benderick/futurama/gwfss25/GWFSS/GWFSS_v1.0_labelled/images/UTokyo/20150527_EOS14_IMG_1326.png,/icislab/volume3/benderick/futurama/gwfss25/GWFSS/GWFSS_v1.0_labelled/class_id/UTokyo/20150527_EOS14_IMG_1326.png,1024,1024,0.5215442180633545,0.15876778960227966,0.2320719063282013,14.791425679090803,22.625160217285156,9.112930297851562,12.486839294433594,55.77507019042969,22.360679774997898,4.841804504394531,0.17566102005590603,14.969470159543038,64.72464384435467,5077,23,76
UTokyo,Validation,/icislab/volume3/benderick/futurama/gwfss25/GWFSS/GWFSS_v1.0_labelled/images/UTokyo/20150527_EOS15_IMG_1582.png,/icislab/volume3/benderick/futurama/gwfss25/GWFSS/GWFSS_v1.0_labelled/class_id/UTokyo/20150527_EOS15_IMG_1582.png,1024,1024,0.48460185527801514,0.14672693610191345,0.03418095037341118,9.538022354838011,77.73332595825195,2.8249740600585938,0.30155181884765625,19.140148162841797,24.0,0.14781951904296875,0.3162555344718533,19.35483870967742,0.0,155,1,3
UTokyo,Validation,/icislab/volume3/benderick/futurama/gwfss25/GWFSS/GWFSS_v1.0_labelled/images/UTokyo/20150528_EOS14_IMG_1331.png,/icislab/volume3/benderick/futurama/gwfss25/GWFSS/GWFSS_v1.0_labelled/class_id/UTokyo/20150528_EOS14_IMG_1331.png,1024,1024,0.3443545699119568,0.14098016917705536,0.07364484667778015,8.215784919448303,22.599315643310547,10.804939270019531,12.346553802490234,54.24919128417969,25.45584412271571,4.263877868652344,0.10813900496667002,11.630507716394543,58.69008841321545,4471,14,52
UTokyo,Validation,/icislab/volume3/benderick/futurama/gwfss25/GWFSS/GWFSS_v1.0_labelled/images/UTokyo/20150528_EOS14_IMG_1332.png,/icislab/volume3/benderick/futurama/gwfss25/GWFSS/GWFSS_v1.0_labelled/class_id/UTokyo/20150528_EOS14_IMG_1332.png,1024,1024,0.5349697470664978,0.1429305225610733,0.1882544606924057,13.86671847950307,20.737934112548828,11.285972595214844,14.211368560791016,53.76472473144531,24.166091947189145,4.9533843994140625,0.14092351879315781,12.514439738159414,62.635141962210774,5194,21,65
UTokyo,Validation,/icislab/volume3/benderick/futurama/gwfss25/GWFSS/GWFSS_v1.0_labelled/images/UTokyo/20150528_EOS14_IMG_1340.png,/icislab/volume3/benderick/futurama/gwfss25/GWFSS/GWFSS_v1.0_labelled/class_id/UTokyo/20150528_EOS14_IMG_1340.png,1024,1024,0.5521200895309448,0.15490905940532684,0.2101101279258728,14.839598834773051,25.76894760131836,9.311294555664062,13.868236541748047,51.05152130126953,22.80350850198276,5.046844482421875,0.13065692928709455,13.605442176870747,57.54424557544245,5292,19,72
UTokyo,Validation,/icislab/volume3/benderick/futurama/gwfss25/GWFSS/GWFSS_v1.0_labelled/images/UTokyo/20150528_EOS14_IMG_1342.png,/icislab/volume3/benderick/futurama/gwfss25/GWFSS/GWFSS_v1.0_labelled/class_id/UTokyo/20150528_EOS14_IMG_1342.png,1024,1024,0.5701562166213989,0.1840212345123291,0.20405037701129913,15.586785354908772,24.874496459960938,11.379432678222656,9.104156494140625,54.64191436767578,20.09975124224178,3.9691925048828125,0.20950305874465766,15.617491590581452,54.616336633663366,4162,20,65
UTokyo,Validation,/icislab/volume3/benderick/futurama/gwfss25/GWFSS/GWFSS_v1.0_labelled/images/UTokyo/20150528_EOS14_IMG_1344.png,/icislab/volume3/benderick/futurama/gwfss25/GWFSS/GWFSS_v1.0_labelled/class_id/UTokyo/20150528_EOS14_IMG_1344.png,1024,1024,0.5331802368164062,0.17165713012218475,0.14069107174873352,13.975759482581896,27.972793579101562,11.678886413574219,9.150314331054688,51.19800567626953,24.08318915758459,3.5924911499023438,0.1771793054571226,13.538624900451287,53.7115030271124,3767,17,51
UTokyo,Validation,/icislab/volume3/benderick/futurama/gwfss25/GWFSS/GWFSS_v1.0_labelled/images/UTokyo/20150528_EOS15_IMG_1592.png,/icislab/volume3/benderick/futurama/gwfss25/GWFSS/GWFSS_v1.0_labelled/class_id/UTokyo/20150528_EOS15_IMG_1592.png,1024,1024,0.4922550916671753,0.16848456859588623,0.09817355871200562,11.514720675413967,64.77718353271484,5.132579803466797,6.406879425048828,23.68335723876953,37.94733192202055,1.8243789672851562,0.014885160983016031,4.704652378463147,36.26251390433816,1913,1,9
UTokyo,Validation,/icislab/volume3/benderick/futurama/gwfss25/GWFSS/GWFSS_v1.0_labelled/images/UTokyo/20150529_EOS11_IMG_1126.png,/icislab/volume3/benderick/futurama/gwfss25/GWFSS/GWFSS_v1.0_labelled/class_id/UTokyo/20150529_EOS11_IMG_1126.png,1024,1024,0.5666762590408325,0.15102511644363403,0.15158075094223022,16.075368893139807,100.0,0.0,0.0,0.0,,0.0,,,,0,0,0
UTokyo,Validation,/icislab/volume3/benderick/futurama/gwfss25/GWFSS/GWFSS_v1.0_labelled/images/UTokyo/20150529_EOS11_IMG_1132.png,/icislab/volume3/benderick/futurama/gwfss25/GWFSS/GWFSS_v1.0_labelled/class_id/UTokyo/20150529_EOS11_IMG_1132.png,1024,1024,0.5289575457572937,0.15322326123714447,0.17067377269268036,19.048825314661613,100.0,0.0,0.0,0.0,,0.0,,,,0,0,0
UTokyo,Validation,/icislab/volume3/benderick/futurama/gwfss25/GWFSS/GWFSS_v1.0_labelled/images/UTokyo/20150529_EOS14_IMG_1345.png,/icislab/volume3/benderick/futurama/gwfss25/GWFSS/GWFSS_v1.0_labelled/class_id/UTokyo/20150529_EOS14_IMG_1345.png,1024,1024,0.4947131872177124,0.17375178635120392,0.10391117632389069,11.400333278119653,30.02948760986328,8.456611633300781,12.831306457519531,48.682594299316406,24.413111231467404,4.8656463623046875,0.1412156437203633,11.95609564876519,50.030934213239846,5102,19,61
UTokyo,Validation,/icislab/volume3/benderick/futurama/gwfss25/GWFSS/GWFSS_v1.0_labelled/images/UTokyo/20150529_EOS14_IMG_1348.png,/icislab/volume3/benderick/futurama/gwfss25/GWFSS/GWFSS_v1.0_labelled/class_id/UTokyo/20150529_EOS14_IMG_1348.png,1024,1024,0.5220450758934021,0.1393725872039795,0.19723361730575562,14.520685674925868,26.35974884033203,6.863498687744141,12.884140014648438,53.89261245727539,25.45584412271571,4.317283630371094,0.11843079200592153,9.940357852882704,65.76343072573044,4527,16,45
UTokyo,Validation,/icislab/volume3/benderick/futurama/gwfss25/GWFSS/GWFSS_v1.0_labelled/images/UTokyo/20150529_EOS14_IMG_1357.png,/icislab/volume3/benderick/futurama/gwfss25/GWFSS/GWFSS_v1.0_labelled/class_id/UTokyo/20150529_EOS14_IMG_1357.png,1024,1024,0.5086902976036072,0.1886129528284073,0.11903072148561478,10.686776847488641,23.561668395996094,8.527088165283203,12.427425384521484,55.48381805419922,26.076809620810597,4.154205322265625,0.12278318791199515,14.23324150596878,49.55493232532618,4356,16,62
UTokyo,Validation,/icislab/volume3/benderick/futurama/gwfss25/GWFSS/GWFSS_v1.0_labelled/images/UTokyo/20150529_EOS15_IMG_1598.png,/icislab/volume3/benderick/futurama/gwfss25/GWFSS/GWFSS_v1.0_labelled/class_id/UTokyo/20150529_EOS15_IMG_1598.png,1024,1024,0.5204579830169678,0.15723136067390442,0.050495851784944534,10.39710493831497,67.52071380615234,10.917377471923828,1.8505096435546875,19.71139907836914,32.984845004941285,0.5931854248046875,0.05153576582148011,9.646302250803858,52.42085661080075,622,1,6
UTokyo,Validation,/icislab/volume3/benderick/futurama/gwfss25/GWFSS/GWFSS_v1.0_labelled/images/UTokyo/20150529_EOS15_IMG_1601.png,/icislab/volume3/benderick/futurama/gwfss25/GWFSS/GWFSS_v1.0_labelled/class_id/UTokyo/20150529_EOS15_IMG_1601.png,1024,1024,0.537016749382019,0.08254147320985794,0.025363340973854065,6.166703955484219,96.02432250976562,0.0,0.0,3.975677490234375,,0.0,,,,0,0,0
UTokyo,Validation,/icislab/volume3/benderick/futurama/gwfss25/GWFSS/GWFSS_v1.0_labelled/images/UTokyo/20150529_EOS15_IMG_1610.png,/icislab/volume3/benderick/futurama/gwfss25/GWFSS/GWFSS_v1.0_labelled/class_id/UTokyo/20150529_EOS15_IMG_1610.png,1024,1024,0.3893404006958008,0.18337836861610413,-0.011779962107539177,7.975036379146586,82.64055252075195,4.011344909667969,4.559326171875,8.788776397705078,29.732137494637012,1.4009475708007812,0.04183400267737617,3.4036759700476513,27.911931818181817,1469,2,5
UTokyo,Validation,/icislab/volume3/benderick/futurama/gwfss25/GWFSS/GWFSS_v1.0_labelled/images/UTokyo/20150530_EOS11_IMG_1140.png,/icislab/volume3/benderick/futurama/gwfss25/GWFSS/GWFSS_v1.0_labelled/class_id/UTokyo/20150530_EOS11_IMG_1140.png,1024,1024,0.5204086303710938,0.1867954283952713,0.14620406925678253,18.442557414721062,100.0,0.0,0.0,0.0,,0.0,,,,0,0,0
UTokyo,Validation,/icislab/volume3/benderick/futurama/gwfss25/GWFSS/GWFSS_v1.0_labelled/images/UTokyo/20150530_EOS11_IMG_1149.png,/icislab/volume3/benderick/futurama/gwfss25/GWFSS/GWFSS_v1.0_labelled/class_id/UTokyo/20150530_EOS11_IMG_1149.png,1024,1024,0.5455158352851868,0.15270011126995087,0.14056797325611115,16.00271442501653,100.0,0.0,0.0,0.0,,0.0,,,,0,0,0
UTokyo,Validation,/icislab/volume3/benderick/futurama/gwfss25/GWFSS/GWFSS_v1.0_labelled/images/UTokyo/20150530_EOS12_IMG_1143.png,/icislab/volume3/benderick/futurama/gwfss25/GWFSS/GWFSS_v1.0_labelled/class_id/UTokyo/20150530_EOS12_IMG_1143.png,1024,1024,0.5980685949325562,0.21968676149845123,0.0947914645075798,11.079512822280101,31.110477447509766,19.787120819091797,5.122184753417969,43.98021697998047,20.591260281974,2.2335052490234375,0.16756656116179483,12.809564474807857,62.54295532646048,2342,9,30
UTokyo,Validation,/icislab/volume3/benderick/futurama/gwfss25/GWFSS/GWFSS_v1.0_labelled/images/UTokyo/20150530_EOS12_IMG_1146.png,/icislab/volume3/benderick/futurama/gwfss25/GWFSS/GWFSS_v1.0_labelled/class_id/UTokyo/20150530_EOS12_IMG_1146.png,1024,1024,0.5843314528465271,0.24430516362190247,0.21073372662067413,15.464115872633673,39.10655975341797,23.434162139892578,3.759765625,33.69951248168945,19.697715603592208,1.71661376953125,0.20292207792207792,12.222222222222221,61.58014831717056,1800,8,22
UTokyo,Validation,/icislab/volume3/benderick/futurama/gwfss25/GWFSS/GWFSS_v1.0_labelled/images/UTokyo/20150530_EOS12_IMG_1151.png,/icislab/volume3/benderick/futurama/gwfss25/GWFSS/GWFSS_v1.0_labelled/class_id/UTokyo/20150530_EOS12_IMG_1151.png,1024,1024,0.6040473580360413,0.18342596292495728,0.11898116767406464,12.026213355339001,59.91668701171875,14.629077911376953,0.8147239685058594,24.639511108398438,18.110770276274835,0.45871734619140625,0.35116469624253777,14.553014553014552,52.20667384284177,481,3,7
UTokyo,Validation,/icislab/volume3/benderick/futurama/gwfss25/GWFSS/GWFSS_v1.0_labelled/images/UTokyo/20150530_EOS14_IMG_1359.png,/icislab/volume3/benderick/futurama/gwfss25/GWFSS/GWFSS_v1.0_labelled/class_id/UTokyo/20150530_EOS14_IMG_1359.png,1024,1024,0.502190887928009,0.24258017539978027,0.13152316212654114,12.569686496344255,28.708648681640625,11.380767822265625,13.04616928100586,46.86441421508789,26.68332812825267,4.489898681640625,0.1461998991220696,14.018691588785046,57.0771001150748,4708,20,66
UTokyo,Validation,/icislab/volume3/benderick/futurama/gwfss25/GWFSS/GWFSS_v1.0_labelled/images/UTokyo/20150530_EOS14_IMG_1369.png,/icislab/volume3/benderick/futurama/gwfss25/GWFSS/GWFSS_v1.0_labelled/class_id/UTokyo/20150530_EOS14_IMG_1369.png,1024,1024,0.5026531219482422,0.2076493352651596,0.10201672464609146,14.661835222725777,53.48091125488281,5.211067199707031,9.29107666015625,32.016944885253906,28.071337695236398,3.0040740966796875,0.10264411233371654,8.253968253968255,39.37731892240684,3150,10,26
UTokyo,Validation,/icislab/volume3/benderick/futurama/gwfss25/GWFSS/GWFSS_v1.0_labelled/images/UTokyo/20150530_EOS15_IMG_1612.png,/icislab/volume3/benderick/futurama/gwfss25/GWFSS/GWFSS_v1.0_labelled/class_id/UTokyo/20150530_EOS15_IMG_1612.png,1024,1024,0.4789643883705139,0.29410362243652344,0.1646474003791809,14.776074277178271,44.38800811767578,2.420806884765625,20.044422149658203,33.14676284790039,26.0,6.65283203125,0.061851451843886934,5.590596330275229,47.98331015299026,6976,13,39
UTokyo,Validation,/icislab/volume3/benderick/futurama/gwfss25/GWFSS/GWFSS_v1.0_labelled/images/UTokyo/20150530_EOS15_IMG_1618.png,/icislab/volume3/benderick/futurama/gwfss25/GWFSS/GWFSS_v1.0_labelled/class_id/UTokyo/20150530_EOS15_IMG_1618.png,1024,1024,0.5481123328208923,0.20128004252910614,0.06450268626213074,11.309960849126856,64.33572769165039,4.4986724853515625,2.0782470703125,29.087352752685547,23.40939982143925,0.9613037109375,0.2753303964757709,14.880952380952381,35.03383654346695,1008,6,15
UTokyo,Validation,/icislab/volume3/benderick/futurama/gwfss25/GWFSS/GWFSS_v1.0_labelled/images/UTokyo/20150530_EOS15_IMG_1621.png,/icislab/volume3/benderick/futurama/gwfss25/GWFSS/GWFSS_v1.0_labelled/class_id/UTokyo/20150530_EOS15_IMG_1621.png,1024,1024,0.505548894405365,0.2057887464761734,0.2019275277853012,13.032789218307247,28.03211212158203,10.18686294555664,11.052417755126953,50.728607177734375,24.166091947189145,3.7708282470703125,0.05177189303926898,5.058168942842691,72.61525681849648,3954,6,20
UTokyo,Validation,/icislab/volume3/benderick/futurama/gwfss25/GWFSS/GWFSS_v1.0_labelled/images/UTokyo/20150531_EOS11_IMG_1162.png,/icislab/volume3/benderick/futurama/gwfss25/GWFSS/GWFSS_v1.0_labelled/class_id/UTokyo/20150531_EOS11_IMG_1162.png,1024,1024,0.49741053581237793,0.1730767786502838,0.14674602448940277,18.633145942224537,100.0,0.0,0.0,0.0,,0.0,,,,0,0,0
UTokyo,Validation,/icislab/volume3/benderick/futurama/gwfss25/GWFSS/GWFSS_v1.0_labelled/images/UTokyo/20150531_EOS12_IMG_1158.png,/icislab/volume3/benderick/futurama/gwfss25/GWFSS/GWFSS_v1.0_labelled/class_id/UTokyo/20150531_EOS12_IMG_1158.png,1024,1024,0.5079856514930725,0.15892386436462402,0.05449492484331131,13.106290990101357,63.813114166259766,1.8756866455078125,0.0,34.31119918823242,,0.0,,,,0,0,0
UTokyo,Validation,/icislab/volume3/benderick/futurama/gwfss25/GWFSS/GWFSS_v1.0_labelled/images/UTokyo/20150531_EOS12_IMG_1162.png,/icislab/volume3/benderick/futurama/gwfss25/GWFSS/GWFSS_v1.0_labelled/class_id/UTokyo/20150531_EOS12_IMG_1162.png,1024,1024,0.583587646484375,0.15829986333847046,0.114557646214962,11.365660446482082,56.78281784057617,17.59786605834961,1.9731521606445312,23.646163940429688,15.620499351813308,1.1053085327148438,0.4833252779120348,23.295944779982744,35.08997429305913,1159,10,27
UTokyo,Validation,/icislab/volume3/benderick/futurama/gwfss25/GWFSS/GWFSS_v1.0_labelled/images/UTokyo/20150531_EOS14_IMG_1373.png,/icislab/volume3/benderick/futurama/gwfss25/GWFSS/GWFSS_v1.0_labelled/class_id/UTokyo/20150531_EOS14_IMG_1373.png,1024,1024,0.5004644393920898,0.20331943035125732,0.06177396699786186,11.190860348462916,38.21563720703125,8.929824829101562,10.658454895019531,42.196083068847656,26.90724809414742,3.5257339477539062,0.10737102056155044,10.27860427373546,53.362917764526415,3697,12,38
UTokyo,Validation,/icislab/volume3/benderick/futurama/gwfss25/GWFSS/GWFSS_v1.0_labelled/images/UTokyo/20150531_EOS14_IMG_1378.png,/icislab/volume3/benderick/futurama/gwfss25/GWFSS/GWFSS_v1.0_labelled/class_id/UTokyo/20150531_EOS14_IMG_1378.png,1024,1024,0.5703535079956055,0.24005231261253357,0.08049003779888153,12.49286068591475,44.828128814697266,8.614349365234375,11.143016815185547,35.41450500488281,25.059928172283335,4.076957702636719,0.13693588832878306,13.567251461988304,49.030295347952844,4275,16,58
UTokyo,Validation,/icislab/volume3/benderick/futurama/gwfss25/GWFSS/GWFSS_v1.0_labelled/images/UTokyo/20150531_EOS14_IMG_1384.png,/icislab/volume3/benderick/futurama/gwfss25/GWFSS/GWFSS_v1.0_labelled/class_id/UTokyo/20150531_EOS14_IMG_1384.png,1024,1024,0.5085607767105103,0.21674944460391998,0.08237375319004059,14.344591416173277,43.414974212646484,7.495594024658203,10.381603240966797,38.707828521728516,27.784887978899608,3.3884048461914062,0.165351509751146,15.198423867154517,52.75423728813559,3553,18,54
UTokyo,Validation,/icislab/volume3/benderick/futurama/gwfss25/GWFSS/GWFSS_v1.0_labelled/images/UTokyo/20150531_EOS15_IMG_1627.png,/icislab/volume3/benderick/futurama/gwfss25/GWFSS/GWFSS_v1.0_labelled/class_id/UTokyo/20150531_EOS15_IMG_1627.png,1024,1024,0.5428553819656372,0.1875360906124115,0.13967138528823853,13.596345872825385,55.6056022644043,15.757369995117188,6.827831268310547,21.80919647216797,34.92849839314596,1.850128173828125,0.04190236748376283,6.185567010309279,20.448179271708682,1940,3,12
UTokyo,Validation,/icislab/volume3/benderick/futurama/gwfss25/GWFSS/GWFSS_v1.0_labelled/images/UTokyo/20150531_EOS15_IMG_1633.png,/icislab/volume3/benderick/futurama/gwfss25/GWFSS/GWFSS_v1.0_labelled/class_id/UTokyo/20150531_EOS15_IMG_1633.png,1024,1024,0.5273138880729675,0.22535790503025055,0.10170526802539825,13.22446546620879,56.641197204589844,6.620979309082031,9.575271606445312,27.162551879882812,26.0,3.6458969116210938,0.08963786303334528,7.585665707559508,46.38231981981982,3823,9,29
UTokyo,Validation,/icislab/volume3/benderick/futurama/gwfss25/GWFSS/GWFSS_v1.0_labelled/images/UTokyo/20150531_EOS15_IMG_1638.png,/icislab/volume3/benderick/futurama/gwfss25/GWFSS/GWFSS_v1.0_labelled/class_id/UTokyo/20150531_EOS15_IMG_1638.png,1024,1024,0.5300869345664978,0.16801203787326813,0.08419530838727951,12.320578932811221,45.13225555419922,6.1595916748046875,8.13751220703125,40.570640563964844,22.627416997969522,3.4236907958984375,0.14063378961185075,10.30640668523677,68.17982135012447,3590,12,37
UTokyo,Validation,/icislab/volume3/benderick/futurama/gwfss25/GWFSS/GWFSS_v1.0_labelled/images/UTokyo/20150601_EOS11_IMG_1169.png,/icislab/volume3/benderick/futurama/gwfss25/GWFSS/GWFSS_v1.0_labelled/class_id/UTokyo/20150601_EOS11_IMG_1169.png,1024,1024,0.569999635219574,0.18668264150619507,0.14743393659591675,15.361729798752997,100.0,0.0,0.0,0.0,,0.0,,,,0,0,0
UTokyo,Validation,/icislab/volume3/benderick/futurama/gwfss25/GWFSS/GWFSS_v1.0_labelled/images/UTokyo/20150601_EOS11_IMG_1175.png,/icislab/volume3/benderick/futurama/gwfss25/GWFSS/GWFSS_v1.0_labelled/class_id/UTokyo/20150601_EOS11_IMG_1175.png,1024,1024,0.5275653600692749,0.19849202036857605,0.14955852925777435,17.45616017562552,100.0,0.0,0.0,0.0,,0.0,,,,0,0,0
UTokyo,Validation,/icislab/volume3/benderick/futurama/gwfss25/GWFSS/GWFSS_v1.0_labelled/images/UTokyo/20150601_EOS12_IMG_1172.png,/icislab/volume3/benderick/futurama/gwfss25/GWFSS/GWFSS_v1.0_labelled/class_id/UTokyo/20150601_EOS12_IMG_1172.png,1024,1024,0.5884998440742493,0.12893550097942352,0.07003933936357498,10.39479598588774,46.416664123535156,18.720626831054688,5.203914642333984,29.658794403076172,19.79898987322333,2.2859573364257812,0.20158703978595122,14.601585314977054,60.346695557963166,2397,11,35
UTokyo,Validation,/icislab/volume3/benderick/futurama/gwfss25/GWFSS/GWFSS_v1.0_labelled/images/UTokyo/20150601_EOS12_IMG_1177.png,/icislab/volume3/benderick/futurama/gwfss25/GWFSS/GWFSS_v1.0_labelled/class_id/UTokyo/20150601_EOS12_IMG_1177.png,1024,1024,0.6052890419960022,0.15722991526126862,0.11251998692750931,11.838084416893734,57.346343994140625,17.026996612548828,2.7268409729003906,22.899818420410156,18.973665961010276,1.2874603271484375,0.20984156961494072,14.814814814814815,58.05316653635653,1350,6,20
UTokyo,Validation,/icislab/volume3/benderick/futurama/gwfss25/GWFSS/GWFSS_v1.0_labelled/images/UTokyo/20150601_EOS12_IMG_1182.png,/icislab/volume3/benderick/futurama/gwfss25/GWFSS/GWFSS_v1.0_labelled/class_id/UTokyo/20150601_EOS12_IMG_1182.png,1024,1024,0.5632388591766357,0.217454731464386,0.16777698695659637,14.139088267951417,57.84940719604492,17.73223876953125,3.368854522705078,21.04949951171875,18.973665961010276,1.6345977783203125,0.11323425336164189,8.168028004667445,23.64059319569642,1714,4,14
UTokyo,Validation,/icislab/volume3/benderick/futurama/gwfss25/GWFSS/GWFSS_v1.0_labelled/images/UTokyo/20150601_EOS14_IMG_1390.png,/icislab/volume3/benderick/futurama/gwfss25/GWFSS/GWFSS_v1.0_labelled/class_id/UTokyo/20150601_EOS14_IMG_1390.png,1024,1024,0.5320723056793213,0.20492792129516602,0.076906219124794,12.728848437720117,39.51082229614258,5.9360504150390625,13.795280456542969,40.75784683227539,25.612496949731394,4.9762725830078125,0.1590000967826676,13.99003449597547,66.15368831435313,5218,23,73
UTokyo,Validation,/icislab/volume3/benderick/futurama/gwfss25/GWFSS/GWFSS_v1.0_labelled/images/UTokyo/20150601_EOS14_IMG_1395.png,/icislab/volume3/benderick/futurama/gwfss25/GWFSS/GWFSS_v1.0_labelled/class_id/UTokyo/20150601_EOS14_IMG_1395.png,1024,1024,0.5944370627403259,0.19741612672805786,0.040340498089790344,10.612554811680022,48.983192443847656,3.8702964782714844,13.271427154541016,33.875083923339844,24.0,5.305290222167969,0.18683395491552948,14.74024806758943,49.89251514559312,5563,26,82
UTokyo,Validation,/icislab/volume3/benderick/futurama/gwfss25/GWFSS/GWFSS_v1.0_labelled/images/UTokyo/20150601_EOS15_IMG_1640.png,/icislab/volume3/benderick/futurama/gwfss25/GWFSS/GWFSS_v1.0_labelled/class_id/UTokyo/20150601_EOS15_IMG_1640.png,1024,1024,0.530803918838501,0.15025021135807037,0.08049945533275604,11.691401221440463,50.08106231689453,3.0618667602539062,9.56258773803711,37.29448318481445,20.591260281974,4.505157470703125,0.2094324380927686,14.606265876375952,52.2304416050213,4724,21,69
UTokyo,Validation,/icislab/volume3/benderick/futurama/gwfss25/GWFSS/GWFSS_v1.0_labelled/images/UTokyo/20150601_EOS15_IMG_1644.png,/icislab/volume3/benderick/futurama/gwfss25/GWFSS/GWFSS_v1.0_labelled/class_id/UTokyo/20150601_EOS15_IMG_1644.png,1024,1024,0.5791073441505432,0.14898012578487396,0.11567316204309464,12.81905994127679,52.94313430786133,3.2845497131347656,15.622329711914062,28.149986267089844,24.08318915758459,6.144523620605469,0.09767294215320001,7.915567282321899,42.563343205001644,6443,16,51
UTokyo,Validation,/icislab/volume3/benderick/futurama/gwfss25/GWFSS/GWFSS_v1.0_labelled/images/UTokyo/20150601_EOS15_IMG_1646.png,/icislab/volume3/benderick/futurama/gwfss25/GWFSS/GWFSS_v1.0_labelled/class_id/UTokyo/20150601_EOS15_IMG_1646.png,1024,1024,0.5403046607971191,0.19082701206207275,0.10808392614126205,12.530980103739347,46.292686462402344,0.8654594421386719,13.584041595458984,39.2578125,24.166091947189145,5.021095275878906,0.14041098294708612,11.775878442545109,41.075268817204304,5265,20,62
UTokyo,Validation,/icislab/volume3/benderick/futurama/gwfss25/GWFSS/GWFSS_v1.0_labelled/images/UTokyo/20150602_EOS11_IMG_1180.png,/icislab/volume3/benderick/futurama/gwfss25/GWFSS/GWFSS_v1.0_labelled/class_id/UTokyo/20150602_EOS11_IMG_1180.png,1024,1024,0.4991714358329773,0.15968427062034607,0.16921132802963257,17.752171960533662,100.0,0.0,0.0,0.0,,0.0,,,,0,0,0
UTokyo,Validation,/icislab/volume3/benderick/futurama/gwfss25/GWFSS/GWFSS_v1.0_labelled/images/UTokyo/20150602_EOS11_IMG_1184.png,/icislab/volume3/benderick/futurama/gwfss25/GWFSS/GWFSS_v1.0_labelled/class_id/UTokyo/20150602_EOS11_IMG_1184.png,1024,1024,0.5443674921989441,0.20531748235225677,0.13427548110485077,14.653080221122982,99.99809265136719,0.0,0.0019073486328125,0.0,4.0,0.003814697265625,50.0,500.0,0.0,4,1,2
UTokyo,Validation,/icislab/volume3/benderick/futurama/gwfss25/GWFSS/GWFSS_v1.0_labelled/images/UTokyo/20150602_EOS11_IMG_1188.png,/icislab/volume3/benderick/futurama/gwfss25/GWFSS/GWFSS_v1.0_labelled/class_id/UTokyo/20150602_EOS11_IMG_1188.png,1024,1024,0.5607291460037231,0.14175193011760712,0.1785910576581955,15.564016575055689,99.97167587280273,0.0,0.0,0.028324127197265625,,0.0,,,,0,0,0
UTokyo,Validation,/icislab/volume3/benderick/futurama/gwfss25/GWFSS/GWFSS_v1.0_labelled/images/UTokyo/20150602_EOS12_IMG_1185.png,/icislab/volume3/benderick/futurama/gwfss25/GWFSS/GWFSS_v1.0_labelled/class_id/UTokyo/20150602_EOS12_IMG_1185.png,1024,1024,0.5981353521347046,0.17848585546016693,0.06912588328123093,10.328545901345015,41.70055389404297,17.248249053955078,3.070831298828125,37.98036575317383,19.697715603592208,1.5478134155273438,0.18633540372670807,9.858287122612445,55.01797973193854,1623,6,16
UTokyo,Validation,/icislab/volume3/benderick/futurama/gwfss25/GWFSS/GWFSS_v1.0_labelled/images/UTokyo/20150602_EOS12_IMG_1189.png,/icislab/volume3/benderick/futurama/gwfss25/GWFSS/GWFSS_v1.0_labelled/class_id/UTokyo/20150602_EOS12_IMG_1189.png,1024,1024,0.5692024827003479,0.1813083440065384,0.14888933300971985,13.012880208576027,41.72954559326172,19.786357879638672,2.5211334228515625,35.96296310424805,20.591260281974,1.1730194091796875,0.15130882130428203,8.130081300813009,65.31862745098039,1230,4,10
UTokyo,Validation,/icislab/volume3/benderick/futurama/gwfss25/GWFSS/GWFSS_v1.0_labelled/images/UTokyo/20150602_EOS12_IMG_1191.png,/icislab/volume3/benderick/futurama/gwfss25/GWFSS/GWFSS_v1.0_labelled/class_id/UTokyo/20150602_EOS12_IMG_1191.png,1024,1024,0.6502535939216614,0.13554264605045319,0.16396433115005493,12.226869152224511,44.544029235839844,27.711772918701172,3.2619476318359375,24.482250213623047,17.08800749063506,1.8320083618164062,0.2631271196351304,15.096304008328996,32.94436906377205,1921,9,29
UTokyo,Validation,/icislab/volume3/benderick/futurama/gwfss25/GWFSS/GWFSS_v1.0_labelled/images/UTokyo/20150602_EOS14_IMG_1401.png,/icislab/volume3/benderick/futurama/gwfss25/GWFSS/GWFSS_v1.0_labelled/class_id/UTokyo/20150602_EOS14_IMG_1401.png,1024,1024,0.4849366545677185,0.20683446526527405,0.009517552331089973,9.587172570958662,46.65327072143555,6.313133239746094,13.198184967041016,33.835411071777344,26.076809620810597,4.6024322509765625,0.12283858287630155,10.774968918358889,41.87431091510474,4826,17,52
UTokyo,Validation,/icislab/volume3/benderick/futurama/gwfss25/GWFSS/GWFSS_v1.0_labelled/images/UTokyo/20150602_EOS14_IMG_1407.png,/icislab/volume3/benderick/futurama/gwfss25/GWFSS/GWFSS_v1.0_labelled/class_id/UTokyo/20150602_EOS14_IMG_1407.png,1024,1024,0.5479811429977417,0.18266454339027405,0.02893294021487236,9.299797068348191,51.0249137878418,6.162452697753906,13.046646118164062,29.765987396240234,23.323807579381203,5.520820617675781,0.20467237800064325,13.992053895318708,50.940295782362604,5789,28,81
UTokyo,Validation,/icislab/volume3/benderick/futurama/gwfss25/GWFSS/GWFSS_v1.0_labelled/images/UTokyo/20150602_EOS14_IMG_1411.png,/icislab/volume3/benderick/futurama/gwfss25/GWFSS/GWFSS_v1.0_labelled/class_id/UTokyo/20150602_EOS14_IMG_1411.png,1024,1024,0.5233469605445862,0.1598464399576187,0.024088537320494652,8.113161060533528,47.71270751953125,5.796527862548828,11.29150390625,35.19926071166992,34.92849839314596,2.803802490234375,0.05912162162162162,5.782312925170068,58.91262755102041,2940,7,17
